month,"sample, daily 3y | C0","sample, daily 3y | C1","sample, daily 3y | C2","sample, daily 3y | C3","sample, daily 3y | C3 tilt only","ledoit_wolf, daily 3y | C0","ledoit_wolf, daily 3y | C1","ledoit_wolf, daily 3y | C2","ledoit_wolf, daily 3y | C3","ledoit_wolf, daily 3y | C3 tilt only","factor, daily 3y | C0","factor, daily 3y | C1","factor, daily 3y | C2","factor, daily 3y | C3","factor, daily 3y | C3 tilt only","pca, daily 3y | C0","pca, daily 3y | C1","pca, daily 3y | C2","pca, daily 3y | C3","pca, daily 3y | C3 tilt only","sample, monthly 120 | C0","sample, monthly 120 | C1","sample, monthly 120 | C2","sample, monthly 120 | C3","sample, monthly 120 | C3 tilt only","robust, all five | C0","robust, all five | C1","robust, all five | C2","robust, all five | C3","robust, all five | C3 tilt only","RiskMetrics, daily 5y | C0","RiskMetrics, daily 5y | C1","RiskMetrics, daily 5y | C2","RiskMetrics, daily 5y | C3","RiskMetrics, daily 5y | C3 tilt only"
1979-07,-0.0000000001,-0.0000000003,-0.0000000000,-0.0006310370,0.0001941664,-0.0000000003,-0.0000000004,-0.0000000000,-0.0006150107,0.0001987394,-0.0000000010,-0.0000000009,-0.0000000001,-0.0007094856,-0.0000545350,-0.0000000007,-0.0000000010,-0.0000000000,-0.0009752959,-0.0003635407,-0.0000000003,-0.0000000000,-0.0000000008,-0.0032932211,0.0007166592,0.0000000000,0.0000000000,0.0000000000,-0.0001657287,0.0007166546,-0.0000000003,-0.0000000004,-0.0000000000,-0.0006266303,-0.0000388745
1979-08,0.0000000004,0.0000000000,0.0000000000,-0.0006651470,0.0000487917,0.0000000005,0.0000000000,0.0000000000,-0.0005757813,0.0000867087,0.0000000011,0.0000000005,0.0000000000,-0.0008358803,0.0000122281,0.0000000004,0.0000000001,0.0000000000,-0.0006408593,0.0001911160,0.0000000002,-0.0000000000,-0.0000000000,0.0011873208,0.0011331589,0.0000000000,-0.0000000000,-0.0000000000,0.0008489479,0.0011331495,0.0000000001,-0.0000000002,-0.0000000000,-0.0006824527,-0.0001931301
1979-09,-0.0000000021,-0.0000000013,-0.0000000000,-0.0030460411,-0.0037920208,-0.0000000020,-0.0000000010,-0.0000000000,-0.0030461893,-0.0037725118,-0.0000000010,-0.0000000006,-0.0000000000,-0.0041822415,-0.0047658393,-0.0000000016,-0.0000000017,-0.0000000000,-0.0040734593,-0.0046586252,-0.0000000006,-0.0000000001,-0.0000000000,-0.0019339235,-0.0037982035,0.0000000000,0.0000000000,-0.0000000000,-0.0024014954,-0.0037982182,-0.0000000010,-0.0000000006,-0.0000000000,-0.0031479175,-0.0037559577
1979-10,0.0000000005,0.0000000005,-0.0000000003,-0.0053878474,-0.0049571892,0.0000000005,0.0000000004,-0.0000000003,-0.0054613702,-0.0050176489,0.0000000003,0.0000000002,-0.0000000002,-0.0063211179,-0.0058609284,0.0000000014,0.0000000020,-0.0000000001,-0.0063376044,-0.0057373852,0.0000000005,0.0000000001,-0.0000000003,-0.0061924643,-0.0049281490,-0.0000000000,-0.0000000000,-0.0000000000,-0.0056232056,-0.0049281511,0.0000000003,0.0000000002,-0.0000000003,-0.0053761307,-0.0050506426
1979-11,0.0000000019,0.0000000030,0.0000000000,-0.0010813664,-0.0010051946,0.0000000019,0.0000000025,-0.0000000000,-0.0011994875,-0.0010795187,0.0000000013,0.0000000020,0.0000000000,-0.0050799968,-0.0045401068,0.0000000015,0.0000000033,0.0000000001,-0.0048703434,-0.0044193639,0.0000000002,-0.0000000001,-0.0000000001,-0.0028222049,-0.0028528277,-0.0000000000,-0.0000000000,-0.0000000000,-0.0019674031,-0.0028528437,0.0000000015,0.0000000017,0.0000000000,-0.0005141628,-0.0003949538
1979-12,0.0000000003,0.0000000001,-0.0000000000,0.0030550742,0.0036323209,0.0000000003,0.0000000002,-0.0000000005,0.0030971355,0.0036927498,0.0000000007,0.0000000009,0.0000000005,0.0024920093,0.0030154673,-0.0000000003,-0.0000000010,0.0000000000,0.0027536111,0.0030869676,-0.0000000004,-0.0000000001,-0.0000000000,0.0034270180,0.0026902630,0.0000000000,-0.0000000000,-0.0000000000,0.0010974162,0.0026902669,0.0000000003,0.0000000001,-0.0000000000,0.0032841805,0.0036955239
1980-01,-0.0000000013,-0.0000000018,-0.0000000001,-0.0021270395,-0.0028858443,-0.0000000011,-0.0000000014,-0.0000000000,-0.0021090234,-0.0029046513,-0.0000000007,-0.0000000011,-0.0000000000,-0.0036285573,-0.0040066758,-0.0000000023,-0.0000000051,-0.0000000001,-0.0054804858,-0.0062067303,-0.0000000004,-0.0000000001,0.0000000004,-0.0043166721,-0.0048873522,0.0000000000,-0.0000000000,-0.0000000000,-0.0027332773,-0.0048873232,-0.0000000007,-0.0000000008,-0.0000000000,-0.0023716774,-0.0031756359
1980-02,0.0000000004,0.0000000007,0.0000000002,-0.0141016640,-0.0139447279,0.0000000004,0.0000000006,0.0000000001,-0.0142398684,-0.0140618926,0.0000000004,0.0000000007,0.0000000000,-0.0145661004,-0.0145533914,0.0000000005,0.0000000014,0.0000000000,-0.0150411485,-0.0150494245,-0.0000000000,0.0000000045,0.0000000009,-0.0151502773,-0.0159022953,-0.0000000000,-0.0000000000,0.0000000000,-0.0167741909,-0.0159023173,0.0000000004,0.0000000004,0.0000000002,-0.0140272577,-0.0139282014
1980-03,0.0000000003,0.0000000007,0.0000000001,0.0027839688,0.0034563077,0.0000000002,0.0000000005,0.0000000000,0.0027723253,0.0034173392,-0.0000000001,0.0000000001,0.0000000001,0.0034658408,0.0037246957,0.0000000019,0.0000000054,0.0000000001,0.0047021131,0.0054866036,-0.0000000003,0.0000000000,0.0000000004,0.0035701637,0.0055810436,0.0000000000,-0.0000000000,-0.0000000000,0.0061350671,0.0055810277,-0.0000000001,0.0000000002,0.0000000000,0.0019746918,0.0027591210
1980-04,0.0000000004,0.0000000010,0.0000000010,-0.0082803681,-0.0069597879,0.0000000004,0.0000000008,0.0000000012,-0.0082788472,-0.0069099945,0.0000000001,0.0000000008,0.0000000012,-0.0093367874,-0.0084056341,0.0000000006,0.0000000027,0.0000000012,-0.0085505739,-0.0073587930,-0.0000000005,-0.0000000000,-0.0000000000,-0.0038878638,-0.0032298662,-0.0000000000,0.0000000000,0.0000000000,-0.0064883209,-0.0032298381,0.0000000001,0.0000000008,0.0000000009,-0.0090442846,-0.0073495988
1980-05,-0.0000000003,-0.0000000002,-0.0000000003,0.0025833790,0.0027402590,-0.0000000003,-0.0000000002,-0.0000000002,0.0026693294,0.0027824656,-0.0000000002,-0.0000000002,-0.0000000002,0.0023960629,0.0025214776,0.0000000008,0.0000000024,-0.0000000001,0.0028276265,0.0031630117,-0.0000000008,-0.0000000001,-0.0000000005,0.0020868015,0.0024991688,0.0000000000,0.0000000000,0.0000000000,-0.0004327252,0.0024865089,-0.0000000001,-0.0000000001,-0.0000000003,0.0027641291,0.0029972235
1980-06,0.0000000003,0.0000000002,-0.0000000000,-0.0004056822,0.0005114094,0.0000000002,0.0000000001,0.0000000000,-0.0004558342,0.0004576574,0.0000000001,-0.0000000002,-0.0000000001,-0.0017602659,-0.0012910027,-0.0000000005,-0.0000000019,0.0000000000,-0.0005982809,0.0002123724,-0.0000000003,-0.0000000000,-0.0000000000,0.0006988255,0.0019092740,-0.0000000000,-0.0000000000,-0.0000000000,-0.0035325142,0.0015396357,0.0000000003,0.0000000006,0.0000000000,-0.0002146211,0.0008464643
1980-07,0.0000000012,0.0000000012,0.0000000005,0.0144634304,0.0125845725,0.0000000010,0.0000000012,0.0000000005,0.0145348099,0.0125196889,0.0000000018,0.0000000019,0.0000000008,0.0156780110,0.0148344672,0.0000000013,0.0000000024,0.0000000014,0.0150565781,0.0123106550,-0.0000000026,-0.0000000002,-0.0000000001,0.0049818495,0.0061086492,0.0000000000,0.0000000000,0.0000000000,0.0092900201,0.0065891652,0.0000000006,0.0000000014,0.0000000004,0.0159296488,0.0133316712
1980-08,0.0000000010,0.0000000009,-0.0000000005,0.0029423364,0.0026115176,0.0000000009,0.0000000009,-0.0000000003,0.0028484880,0.0025806118,0.0000000011,0.0000000011,-0.0000000002,0.0018005831,0.0014656092,0.0000000012,0.0000000024,-0.0000000001,-0.0005082229,-0.0005864507,0.0000000010,0.0000000000,0.0000000008,0.0047096739,0.0037224571,-0.0000000000,-0.0000000000,0.0000000000,0.0033759539,0.0034106846,0.0000000005,0.0000000010,-0.0000000004,0.0035921136,0.0031586516
1980-09,-0.0000000002,-0.0000000001,0.0000000001,0.0011379734,0.0000782544,-0.0000000001,-0.0000000001,-0.0000000000,0.0011521153,0.0000381300,-0.0000000000,-0.0000000000,-0.0000000002,0.0002401758,-0.0004090364,-0.0000000001,-0.0000000002,-0.0000000003,-0.0003084570,-0.0012873043,-0.0000000007,-0.0000000031,-0.0000000023,0.0002351650,-0.0015499469,-0.0000000000,0.0000000000,0.0000000000,-0.0016974644,-0.0019961926,-0.0000000001,-0.0000000001,0.0000000001,0.0014519478,0.0000336639
1980-10,0.0000000002,0.0000000002,0.0000000000,-0.0039773505,-0.0044679670,0.0000000002,0.0000000002,0.0000000000,-0.0040529945,-0.0045541493,0.0000000004,0.0000000003,0.0000000000,-0.0071997668,-0.0071793278,0.0000000005,0.0000000009,0.0000000000,-0.0064314416,-0.0067064986,0.0000000002,0.0000000004,0.0000000003,-0.0110549188,-0.0088678506,-0.0000000000,0.0000000000,0.0000000000,-0.0079180294,-0.0078346743,0.0000000001,0.0000000002,0.0000000000,-0.0032747767,-0.0040565369
1980-11,-0.0000000002,-0.0000000002,0.0000000007,-0.0094837351,-0.0131632821,-0.0000000001,-0.0000000001,0.0000000004,-0.0094289411,-0.0131284762,-0.0000000001,-0.0000000000,0.0000000009,-0.0099566417,-0.0113860762,0.0000000000,-0.0000000000,0.0000000006,-0.0133116016,-0.0171192389,-0.0000000003,-0.0000000009,0.0000000000,-0.0229727644,-0.0222510216,-0.0000000000,0.0000000000,0.0000000000,-0.0151482997,-0.0193908732,-0.0000000001,-0.0000000001,0.0000000004,-0.0074976414,-0.0122240794
1980-12,-0.0000000004,-0.0000000001,-0.0000000000,0.0061548094,0.0074027479,-0.0000000004,-0.0000000001,-0.0000000000,0.0062256145,0.0075052909,-0.0000000007,-0.0000000002,-0.0000000000,0.0069954023,0.0083807273,-0.0000000006,-0.0000000003,-0.0000000000,0.0062908189,0.0082345966,-0.0000000020,-0.0000000027,-0.0000000001,0.0114337430,0.0112287224,0.0000000000,0.0000000000,0.0000000000,0.0139072887,0.0112502807,-0.0000000002,-0.0000000001,-0.0000000000,0.0064126691,0.0083132615
1981-01,0.0000000004,0.0000000003,0.0000000000,0.0016745626,0.0034564378,0.0000000004,0.0000000002,0.0000000000,0.0015128591,0.0034070381,0.0000000004,0.0000000002,0.0000000000,0.0033223629,0.0038345484,0.0000000003,0.0000000002,0.0000000021,0.0021599104,0.0039898826,0.0000000027,0.0000000062,0.0000000008,0.0058206354,0.0057470491,0.0000000000,-0.0000000000,-0.0000000000,0.0049128110,0.0053714427,0.0000000003,0.0000000002,0.0000000001,0.0014683302,0.0038651422
1981-02,-0.0000000003,-0.0000000005,-0.0000000008,-0.0007030751,-0.0004069602,-0.0000000002,-0.0000000004,-0.0000000006,-0.0006801683,-0.0003712053,-0.0000000003,-0.0000000006,-0.0000000007,0.0016463596,0.0013319667,-0.0000000002,-0.0000000007,-0.0000000005,0.0032234170,0.0029029502,-0.0000000005,-0.0000000018,-0.0000000000,0.0007164015,0.0011229544,0.0000000000,0.0000000000,-0.0000000000,-0.0016088127,0.0003449659,-0.0000000003,-0.0000000005,-0.0000000008,-0.0010111974,-0.0008294880
1981-03,-0.0000000001,-0.0000000001,0.0000000003,0.0114179079,0.0105635971,-0.0000000001,-0.0000000002,0.0000000002,0.0115828329,0.0106802955,-0.0000000001,-0.0000000002,-0.0000000003,0.0124920479,0.0117849586,-0.0000000001,-0.0000000007,-0.0000000001,0.0131032597,0.0109690622,-0.0000000000,-0.0000000000,-0.0000000020,0.0118547790,0.0107396291,0.0000000000,0.0000000000,0.0000000000,0.0092441253,0.0096058713,-0.0000000002,-0.0000000003,0.0000000007,0.0115141095,0.0104486078
1981-04,0.0000000001,0.0000000003,-0.0000000000,0.0047196001,0.0054207857,0.0000000001,0.0000000003,-0.0000000000,0.0048495255,0.0054643591,0.0000000001,0.0000000003,-0.0000000000,0.0055415443,0.0055303685,0.0000000001,0.0000000003,-0.0000000000,0.0038849589,0.0045903904,0.0000000006,0.0000000029,0.0000000000,0.0078411831,0.0070324144,-0.0000000000,-0.0000000000,0.0000000000,0.0053990112,0.0061803376,0.0000000002,0.0000000003,-0.0000000000,0.0042391982,0.0052932120
1981-05,0.0000000001,0.0000000002,-0.0000000000,0.0034203193,0.0033056925,0.0000000001,0.0000000002,-0.0000000000,0.0034335875,0.0033302537,0.0000000000,0.0000000003,-0.0000000001,0.0041093344,0.0037784309,0.0000000001,0.0000000003,-0.0000000001,0.0033426464,0.0031296575,0.0000000003,0.0000000013,0.0000000000,0.0042964856,0.0039219079,0.0000000000,0.0000000000,0.0000000000,0.0030716091,0.0032433938,0.0000000001,0.0000000001,-0.0000000001,0.0033099452,0.0033438752
1981-06,0.0000000001,0.0000000002,0.0000000001,-0.0090443863,-0.0077071693,0.0000000001,0.0000000002,0.0000000001,-0.0090944542,-0.0077712699,0.0000000000,0.0000000001,0.0000000001,-0.0101868886,-0.0093864633,0.0000000001,0.0000000002,0.0000000008,-0.0101618525,-0.0082044532,0.0000000018,0.0000000064,0.0000000014,-0.0077494610,-0.0065946727,-0.0000000000,-0.0000000000,-0.0000000000,-0.0082558335,-0.0067856670,0.0000000002,0.0000000003,0.0000000000,-0.0089200760,-0.0072640700
1981-07,0.0000000001,0.0000000001,-0.0000049292,-0.0103490921,-0.0091018655,0.0000000001,0.0000000001,-0.0000047880,-0.0104671484,-0.0091738054,0.0000000000,0.0000000001,-0.0000111873,-0.0120657802,-0.0108705426,0.0000000001,0.0000000001,-0.0000034082,-0.0099969465,-0.0085409490,0.0000000003,0.0000000013,0.0000173926,-0.0092911420,-0.0089374560,-0.0000000000,-0.0000000000,0.0000039319,-0.0114384054,-0.0090835434,0.0000000001,0.0000000001,-0.0000080000,-0.0109351882,-0.0092518863
1981-08,0.0000000000,0.0000000000,0.0000000000,0.0004367309,0.0013587289,0.0000000000,0.0000000000,0.0000000000,0.0003028502,0.0012100542,-0.0000000000,0.0000000000,-0.0000000001,-0.0031267455,-0.0023472886,-0.0000000000,0.0000000000,-0.0000000000,-0.0008213734,0.0008526007,-0.0000000009,-0.0000000015,-0.0000000011,-0.0005182715,-0.0005884756,0.0000000000,-0.0000000000,-0.0000000000,-0.0029245559,-0.0002356059,-0.0000000000,0.0000000000,0.0000000000,-0.0005410349,0.0007010352
1981-09,0.0000000001,0.0000000001,-0.0000000000,0.0022001698,0.0037899889,0.0000000000,0.0000000001,0.0000000000,0.0021746697,0.0037669866,0.0000000000,0.0000000001,0.0000000001,0.0051368555,0.0057393141,0.0000000000,0.0000000001,0.0000000001,0.0017864175,0.0042015186,0.0000000011,0.0000000013,0.0000000001,0.0036646255,0.0040069043,0.0000000000,-0.0000000000,-0.0000000000,0.0025044709,0.0036936893,0.0000000001,0.0000000001,-0.0000000000,0.0018732144,0.0038815765
1981-10,0.0000000000,0.0000000001,0.0000000007,-0.0016773599,-0.0016816462,0.0000000000,0.0000000001,0.0000000006,-0.0018583746,-0.0018287328,0.0000000000,0.0000000000,0.0000000005,-0.0039914921,-0.0036632688,0.0000000000,0.0000000001,0.0000000005,-0.0073415415,-0.0073166080,0.0000000001,0.0000000003,0.0000000000,-0.0071200648,-0.0049422160,-0.0000000000,-0.0000000000,0.0000000000,-0.0053744261,-0.0044031219,0.0000000001,0.0000000001,0.0000000000,-0.0019206224,-0.0019730892
1981-11,-0.0000000001,-0.0000000001,-0.0000000000,-0.0027208203,-0.0032236079,-0.0000000001,-0.0000000001,-0.0000000000,-0.0028139368,-0.0032889295,-0.0000000001,-0.0000000001,-0.0000000004,-0.0045208838,-0.0050271867,-0.0000000001,-0.0000000001,-0.0000000001,-0.0009733165,-0.0010329896,0.0000000000,0.0000000003,0.0000000001,-0.0018031350,-0.0016711738,-0.0000000000,0.0000000000,-0.0000000000,-0.0016836918,-0.0019864131,-0.0000000001,-0.0000000001,-0.0000000001,-0.0024070523,-0.0028491608
1981-12,0.0000000001,0.0000000001,0.0000000003,0.0043523657,0.0040740767,0.0000000001,0.0000000001,0.0000000003,0.0043426560,0.0040387396,0.0000000001,0.0000000001,0.0000000003,0.0052934480,0.0047174254,0.0000000001,0.0000000001,0.0000000003,0.0035941395,0.0030576438,0.0000000007,0.0000000012,0.0000000019,0.0071512875,0.0053496760,-0.0000000000,-0.0000000000,-0.0000000000,0.0068522423,0.0047282535,0.0000000001,0.0000000001,0.0000000004,0.0038657995,0.0033914008
1982-01,0.0000000000,0.0000000001,0.0000000001,0.0024659157,0.0032805264,0.0000000000,0.0000000000,0.0000000001,0.0024195733,0.0032078268,0.0000000000,0.0000000000,0.0000000000,0.0067107262,0.0064910485,0.0000000000,0.0000000000,0.0000000001,0.0015302878,0.0030536347,0.0000000001,0.0000000003,0.0000000001,-0.0000648667,0.0002042971,-0.0000000000,-0.0000000000,-0.0000000000,0.0021016585,0.0018626614,0.0000000000,0.0000000000,0.0000000001,0.0024846827,0.0031281943
1982-02,-0.0000000000,-0.0000000000,0.0000000005,-0.0002021511,0.0006210170,-0.0000000000,-0.0000000000,0.0000000000,-0.0002511117,0.0006350680,0.0000000000,0.0000000000,0.0000000000,-0.0000655623,0.0012368005,0.0000000000,0.0000000000,0.0000000000,-0.0006620354,0.0013290401,0.0000000001,0.0000000003,-0.0000000001,0.0017551947,0.0005646915,-0.0000000000,-0.0000000000,-0.0000000000,-0.0003354731,0.0006662918,-0.0000000000,-0.0000000000,0.0000000005,0.0003688743,0.0009974277
1982-03,-0.0000000001,-0.0000000001,0.0000000000,-0.0052092264,-0.0038064526,-0.0000000001,-0.0000000001,-0.0000000000,-0.0051643193,-0.0037580276,-0.0000000001,-0.0000000001,-0.0000000001,-0.0011797585,-0.0008585301,-0.0000000001,-0.0000000001,-0.0000000000,-0.0055596716,-0.0042734504,-0.0000000002,-0.0000000005,0.0000000001,-0.0064866323,-0.0043980346,0.0000000000,0.0000000000,-0.0000000000,-0.0063162977,-0.0044143114,-0.0000000001,-0.0000000001,0.0000000001,-0.0051329819,-0.0036109648
1982-04,0.0000000001,0.0000000001,0.0000000005,-0.0013651566,-0.0010358108,0.0000000001,0.0000000001,0.0000000006,-0.0013375184,-0.0010422373,0.0000000001,0.0000000001,0.0000000002,0.0002212238,0.0006202966,0.0000000001,0.0000000001,0.0000000001,-0.0029902412,-0.0030035105,-0.0000000000,-0.0000000002,0.0000000001,-0.0013068031,0.0003202744,0.0000000000,-0.0000000000,0.0000000000,-0.0009836654,-0.0005439051,0.0000000001,0.0000000001,0.0000000001,-0.0013629699,-0.0006075347
1982-05,0.0000000001,0.0000000001,0.0000000001,-0.0079024069,-0.0078601892,0.0000000001,0.0000000000,0.0000000000,-0.0079305205,-0.0078670720,0.0000000001,0.0000000000,-0.0000000001,-0.0079165800,-0.0075388138,0.0000000001,0.0000000001,0.0000000000,-0.0083862412,-0.0079376232,-0.0000000001,-0.0000000002,0.0000000002,-0.0065658840,-0.0079238268,0.0000000000,-0.0000000000,-0.0000000000,-0.0077119475,-0.0075338203,0.0000000001,0.0000000000,0.0000000001,-0.0079509021,-0.0079596442
1982-06,-0.0000000001,-0.0000000002,-0.0000000003,-0.0010823358,-0.0000082968,-0.0000000001,-0.0000000002,-0.0000000003,-0.0010826460,-0.0000002905,-0.0000000001,-0.0000000001,-0.0000000002,0.0020540236,0.0030462275,-0.0000000001,-0.0000000001,-0.0000000001,-0.0007125815,0.0003101798,-0.0000000002,-0.0000000011,-0.0000000000,0.0002156910,0.0015187809,0.0000000000,0.0000000000,0.0000000000,0.0012908200,0.0011469198,-0.0000000002,-0.0000000002,-0.0000000005,-0.0005316975,0.0004321235
1982-07,-0.0000000001,-0.0000000002,-0.0000359574,0.0038167195,0.0034934644,-0.0000000001,-0.0000000002,-0.0000377914,0.0038088030,0.0034763111,-0.0000000001,-0.0000000001,-0.0000439138,0.0058412941,0.0051921139,-0.0000000001,-0.0000000000,-0.0000397697,0.0021413382,0.0013847626,-0.0000000001,-0.0000000008,-0.0000536815,0.0031199453,0.0022263203,0.0000000000,0.0000000000,-0.0000420918,0.0030363073,0.0033340694,-0.0000000002,-0.0000000002,-0.0000270036,0.0037538130,0.0033644878
1982-08,-0.0000000001,-0.0000000001,-0.0000000002,0.0000537725,-0.0001328516,-0.0000000001,-0.0000000001,-0.0000000001,0.0000978946,-0.0000732218,-0.0000000002,-0.0000000001,-0.0000000000,0.0026059842,0.0035768164,-0.0000000002,-0.0000000001,-0.0000000009,0.0020425681,0.0022974711,-0.0000000013,-0.0000000031,-0.0000000030,-0.0014632052,-0.0014029433,0.0000000000,0.0000000000,-0.0000000000,-0.0000933431,-0.0002653700,-0.0000000002,-0.0000000001,-0.0000000003,0.0004677993,0.0002213108
1982-09,-0.0000000000,-0.0000000000,-0.0000000000,-0.0028983397,-0.0019403220,-0.0000000000,-0.0000000000,-0.0000000000,-0.0028279578,-0.0018641489,-0.0000000000,-0.0000000000,-0.0000000012,-0.0030121707,-0.0016871654,0.0000000000,-0.0000000000,-0.0000000000,-0.0053554994,-0.0040884196,0.0000000004,0.0000000005,-0.0000000001,-0.0014153363,-0.0015518505,-0.0000000000,-0.0000000000,-0.0000000000,-0.0032806577,-0.0021043737,-0.0000000001,-0.0000000000,-0.0000000000,-0.0030193596,-0.0021123942
1982-10,-0.0000000001,-0.0000000001,-0.0000000004,0.0088161903,0.0075656548,-0.0000000001,-0.0000000001,-0.0000000003,0.0089427904,0.0076680074,-0.0000000001,-0.0000000001,-0.0000000003,0.0108436622,0.0096951855,-0.0000000001,-0.0000000002,-0.0000000002,0.0102069329,0.0090050914,-0.0000000010,-0.0000000022,-0.0000000001,0.0043060576,0.0061639685,0.0000000000,0.0000000000,0.0000000000,0.0080778448,0.0071232652,-0.0000000001,-0.0000000001,-0.0000000004,0.0083240945,0.0072598480
1982-11,-0.0000000000,-0.0000000001,-0.0000000005,0.0097822822,0.0071966707,-0.0000000000,-0.0000000001,-0.0000000005,0.0098449311,0.0072585645,-0.0000000001,-0.0000000001,-0.0000000009,0.0118187272,0.0096393775,-0.0000000000,-0.0000000001,-0.0000000014,0.0091228880,0.0064609078,-0.0000000000,0.0000000000,0.0000000007,0.0047075097,0.0026249815,0.0000000000,0.0000000000,0.0000000000,0.0086277305,0.0061158536,-0.0000000000,-0.0000000001,-0.0000000004,0.0098450504,0.0077042876
1982-12,-0.0000000000,-0.0000000000,0.0000000000,-0.0043584909,-0.0043431879,0.0000000000,0.0000000000,0.0000000000,-0.0043443094,-0.0043719630,0.0000000001,0.0000000001,0.0000000000,-0.0068399705,-0.0070051862,0.0000000000,0.0000000000,0.0000000000,-0.0036172173,-0.0036733226,0.0000000001,0.0000000006,-0.0000000004,-0.0009498377,-0.0021920080,-0.0000000000,0.0000000000,0.0000000000,-0.0029112757,-0.0032514194,-0.0000000000,-0.0000000000,-0.0000000000,-0.0037106792,-0.0038599184
1983-01,0.0000000000,0.0000000000,-0.0000000001,0.0062770366,0.0049640657,0.0000000000,0.0000000000,-0.0000000001,0.0062175519,0.0048985733,0.0000000001,0.0000000001,-0.0000000005,0.0044274006,0.0021970718,0.0000000000,0.0000000000,-0.0000000005,0.0055289577,0.0040742118,-0.0000000016,-0.0000000044,-0.0000000006,0.0066144129,0.0051932686,0.0000000000,0.0000000000,0.0000000000,0.0074924475,0.0049580019,0.0000000000,-0.0000000000,-0.0000000001,0.0051815839,0.0040313147
1983-02,0.0000000000,-0.0000000000,-0.0000000000,-0.0005945328,-0.0009795126,0.0000000000,-0.0000000000,0.0000000000,-0.0004449770,-0.0008024921,0.0000000000,-0.0000000000,0.0000000000,0.0032560496,0.0029048032,0.0000000000,-0.0000000001,-0.0000000000,-0.0000036493,-0.0003834901,0.0000000001,0.0000000002,-0.0000000001,-0.0023700401,-0.0022879797,0.0000000000,-0.0000000000,0.0000000000,-0.0014737795,-0.0009745168,0.0000000000,-0.0000000000,-0.0000000000,-0.0011132599,-0.0014299499
1983-03,0.0000000001,0.0000000001,-0.0000000000,-0.0016917501,-0.0008254092,0.0000000001,0.0000000001,-0.0000000000,-0.0016094059,-0.0007315702,0.0000000001,0.0000000000,-0.0000000004,-0.0025935790,-0.0015359804,0.0000000000,-0.0000000000,-0.0000000001,-0.0033460943,-0.0024837708,0.0000000002,0.0000000005,0.0000000002,-0.0017352180,-0.0018674932,0.0000000000,-0.0000000000,-0.0000000000,-0.0020067083,-0.0014324553,0.0000000001,0.0000000001,-0.0000000000,-0.0011553092,-0.0005351375
1983-04,-0.0000000000,-0.0000000001,-0.0000000001,0.0003862056,0.0003456196,-0.0000000000,-0.0000000001,-0.0000000001,0.0003606135,0.0003061939,-0.0000000001,-0.0000000001,0.0000000001,-0.0011027784,-0.0010456559,-0.0000000001,-0.0000000001,0.0000000003,0.0000961974,-0.0000208529,0.0000000002,0.0000000006,-0.0000000001,0.0042824378,0.0011367492,-0.0000000000,-0.0000000000,-0.0000000000,0.0011278285,0.0001816481,-0.0000000000,-0.0000000001,-0.0000000000,0.0004985035,0.0005423372
1983-05,0.0000000001,0.0000000001,-0.0000000001,0.0019518242,0.0010345342,0.0000000001,0.0000000001,-0.0000000001,0.0019427406,0.0010287540,0.0000000001,0.0000000001,-0.0000000000,0.0017121908,0.0007299350,-0.0000000000,-0.0000000000,-0.0000000000,0.0014580925,0.0005443830,-0.0000000006,-0.0000000019,-0.0000000010,0.0023120627,0.0019163640,0.0000000000,0.0000000000,0.0000000000,0.0023174147,0.0011899243,0.0000000001,0.0000000001,-0.0000000001,0.0013284469,0.0007288547
1983-06,0.0000000000,0.0000000000,0.0000000000,-0.0020118990,-0.0030390720,0.0000000000,0.0000000000,0.0000000000,-0.0020136423,-0.0030379079,-0.0000000000,0.0000000000,-0.0000000000,0.0001216719,-0.0008046040,0.0000000001,0.0000000001,-0.0000000000,-0.0030917615,-0.0041010584,-0.0000000000,0.0000000001,-0.0000000003,-0.0020338851,-0.0044293044,-0.0000000000,0.0000000000,0.0000000000,-0.0015268572,-0.0026822788,0.0000000000,0.0000000000,-0.0000000000,-0.0018543378,-0.0025824698
1983-07,0.0000000003,0.0000000004,0.0002412723,0.0003040540,0.0014750775,0.0000000002,0.0000000004,0.0002331954,0.0002298220,0.0014154383,0.0000000002,0.0000000002,0.0002472308,-0.0016708174,-0.0003390067,0.0000000003,0.0000000003,0.0002255892,0.0006858846,0.0019095298,0.0000000011,0.0000000037,0.0002592323,0.0013951172,0.0013747083,-0.0000000000,-0.0000000000,0.0002396386,0.0000858056,0.0013034609,0.0000000003,0.0000000004,0.0002291890,0.0006101789,0.0018469433
1983-08,-0.0000000001,-0.0000000001,-0.0000000000,-0.0036747476,-0.0025523144,-0.0000000001,-0.0000000001,-0.0000000000,-0.0036785231,-0.0025654062,-0.0000000000,-0.0000000000,-0.0000000001,-0.0026647277,-0.0016445779,-0.0000000000,-0.0000000000,0.0000000001,-0.0018414457,-0.0009319110,-0.0000000006,-0.0000000015,-0.0000000042,-0.0079496895,-0.0055998649,0.0000000000,0.0000000000,-0.0000000000,-0.0040879413,-0.0025731902,-0.0000000001,-0.0000000001,-0.0000000001,-0.0037980502,-0.0027800327
1983-09,0.0000000000,0.0000000000,0.0000000001,0.0024716886,0.0039512246,0.0000000000,0.0000000000,0.0000000001,0.0024559370,0.0039227339,0.0000000000,0.0000000000,0.0000000000,0.0020803679,0.0036075192,0.0000000001,0.0000000001,0.0000000000,0.0018312839,0.0032424034,-0.0000000003,-0.0000000006,-0.0000000005,0.0036292980,0.0060529089,0.0000000000,-0.0000000000,-0.0000000000,0.0024179430,0.0040540157,-0.0000000000,0.0000000000,0.0000000001,0.0025565413,0.0038450211
1983-10,0.0000000000,0.0000000000,0.0000000002,-0.0043947139,-0.0038534006,0.0000000000,0.0000000000,0.0000000001,-0.0044134884,-0.0038399325,0.0000000000,0.0000000000,0.0000000000,-0.0044985621,-0.0032015663,0.0000000000,0.0000000001,0.0000000002,-0.0026835293,-0.0016893021,0.0000000007,0.0000000018,0.0000000016,-0.0059029634,-0.0059023668,0.0000000000,-0.0000000000,-0.0000000000,-0.0051422130,-0.0040990643,-0.0000000000,0.0000000000,0.0000000003,-0.0038589848,-0.0034116094
1983-11,-0.0000000000,-0.0000000000,-0.0000000002,0.0020979292,0.0012848610,-0.0000000000,-0.0000000000,-0.0000000002,0.0022197706,0.0014164932,-0.0000000000,-0.0000000000,-0.0000000000,0.0034913995,0.0027653631,-0.0000000001,-0.0000000001,0.0000000004,0.0052115746,0.0045092541,0.0000000004,0.0000000009,0.0000000017,0.0033199428,0.0022443920,0.0000000000,0.0000000000,-0.0000000000,0.0030657947,0.0018479893,0.0000000000,0.0000000000,-0.0000000001,0.0013376065,0.0007244460
1983-12,-0.0000000000,-0.0000000000,-0.0000000000,-0.0018299733,-0.0010254481,-0.0000000000,-0.0000000000,-0.0000000000,-0.0018143623,-0.0010165484,0.0000000000,0.0000000000,-0.0000000001,-0.0006311365,0.0000664881,-0.0000000000,-0.0000000001,0.0000000000,-0.0004794619,0.0002417722,-0.0000000001,-0.0000000003,-0.0000000001,-0.0013848284,0.0005083161,0.0000000000,-0.0000000000,-0.0000000000,-0.0000216656,0.0005934016,-0.0000000000,-0.0000000000,-0.0000000000,-0.0013773003,-0.0006463109
1984-01,0.0000000001,0.0000000001,0.0000000001,-0.0074008649,-0.0060306183,0.0000000001,0.0000000000,0.0000000001,-0.0074441512,-0.0060806864,0.0000000001,0.0000000000,0.0000000002,-0.0065374883,-0.0051855285,0.0000000000,0.0000000000,0.0000000002,-0.0066747079,-0.0052192330,-0.0000000007,-0.0000000016,-0.0000000007,-0.0060978729,-0.0046173987,-0.0000000000,-0.0000000000,0.0000000000,-0.0053422924,-0.0044250481,0.0000000000,0.0000000000,0.0000000002,-0.0066569386,-0.0054869730
1984-02,-0.0000000002,-0.0000000001,0.0000000000,-0.0043291246,-0.0055893952,-0.0000000002,-0.0000000001,0.0000000000,-0.0043808384,-0.0056325873,-0.0000000001,-0.0000000000,0.0000000001,-0.0055376797,-0.0066597358,-0.0000000001,-0.0000000000,0.0000000002,-0.0050853537,-0.0059533069,0.0000000001,0.0000000005,0.0000000003,-0.0050712860,-0.0063927801,0.0000000000,-0.0000000000,-0.0000000000,-0.0048654814,-0.0063693760,-0.0000000001,-0.0000000001,0.0000000000,-0.0041577816,-0.0054519073
1984-03,0.0000000000,0.0000000000,-0.0000000005,0.0025959759,0.0018722888,0.0000000000,0.0000000000,-0.0000000003,0.0026914127,0.0019838540,-0.0000000000,-0.0000000000,0.0000000001,0.0035334942,0.0029682397,-0.0000000001,-0.0000000001,-0.0000000000,0.0050247258,0.0044294087,0.0000000008,0.0000000017,0.0000000000,-0.0004556596,-0.0006962972,-0.0000000000,0.0000000000,-0.0000000000,0.0014063473,0.0013436666,0.0000000000,0.0000000000,0.0000000000,0.0034164605,0.0025943856
1984-04,0.0000000001,0.0000000001,-0.0000000000,-0.0028436800,-0.0029266163,0.0000000001,0.0000000001,-0.0000000001,-0.0028449247,-0.0029314926,0.0000000000,0.0000000000,-0.0000000001,-0.0025697978,-0.0026841078,0.0000000001,0.0000000000,-0.0000000003,-0.0039688607,-0.0040434528,0.0000000005,0.0000000010,-0.0000000002,-0.0016630079,-0.0020146677,-0.0000000000,-0.0000000000,-0.0000000000,-0.0021541425,-0.0024661731,0.0000000001,0.0000000001,-0.0000000001,-0.0024942406,-0.0026679692
1984-05,0.0000000002,0.0000000001,0.0000000001,-0.0019186259,-0.0010266471,0.0000000002,0.0000000001,0.0000000001,-0.0019458725,-0.0010502826,0.0000000002,0.0000000001,0.0000000001,-0.0022997051,-0.0013119173,0.0000000003,0.0000000002,0.0000000000,-0.0037046010,-0.0026467472,0.0000000005,0.0000000013,0.0000000001,-0.0000661004,0.0020708143,-0.0000000000,-0.0000000000,0.0000000000,-0.0015230840,-0.0002054823,0.0000000002,0.0000000001,0.0000000000,-0.0023859719,-0.0015233458
1984-06,-0.0000000001,-0.0000000000,-0.0000000019,-0.0011333765,-0.0005988932,-0.0000000001,-0.0000000000,-0.0000000014,-0.0011094202,-0.0005582021,-0.0000000002,-0.0000000000,-0.0000000003,0.0002964524,0.0012301093,-0.0000000001,-0.0000000000,-0.0000000005,-0.0015431873,-0.0008445712,-0.0000000005,-0.0000000006,-0.0000000002,0.0034124350,0.0043347414,0.0000000000,0.0000000000,0.0000000000,0.0014974362,0.0018715512,-0.0000000001,-0.0000000000,-0.0000000020,-0.0011984679,-0.0005006573
1984-07,0.0000000001,0.0000000001,-0.0003106775,-0.0007822638,-0.0006330908,0.0000000001,0.0000000001,-0.0003300387,-0.0007294416,-0.0005814666,-0.0000000000,-0.0000000000,-0.0003487900,0.0008299270,0.0012512879,0.0000000000,0.0000000001,-0.0004589180,0.0009086757,0.0012053625,0.0000000010,0.0000000024,-0.0004696423,0.0006399849,0.0012040632,0.0000000000,0.0000000000,-0.0004263415,0.0005885472,0.0007557366,0.0000000000,0.0000000000,-0.0003417641,-0.0006756024,-0.0003761250
1984-08,-0.0000000000,-0.0000000001,-0.0000059757,-0.0009293520,-0.0005773412,-0.0000000000,-0.0000000001,-0.0000070079,-0.0008947630,-0.0005591170,-0.0000000000,-0.0000000000,-0.0000129016,-0.0009162809,-0.0009506566,-0.0000000001,-0.0000000002,0.0000039147,-0.0005662504,-0.0005228138,-0.0000000006,-0.0000000011,0.0000502648,-0.0000901676,0.0006883872,0.0000000000,0.0000000000,0.0000024182,0.0003017756,0.0003133737,-0.0000000000,-0.0000000000,-0.0000070267,-0.0000490313,0.0003013805
1984-09,-0.0000000001,-0.0000000001,0.0000000000,-0.0028525673,-0.0022276287,-0.0000000001,-0.0000000001,0.0000000000,-0.0028811072,-0.0022566189,-0.0000000001,-0.0000000000,0.0000000000,-0.0032343904,-0.0024550036,-0.0000000001,-0.0000000001,0.0000000000,-0.0029689417,-0.0023383129,-0.0000000005,-0.0000000010,-0.0000000028,-0.0031187194,-0.0029377048,-0.0000000000,0.0000000000,0.0000000000,-0.0027900781,-0.0022651916,-0.0000000001,-0.0000000001,0.0000000000,-0.0025946861,-0.0019529795
1984-10,-0.0000000000,-0.0000000000,-0.0000000000,-0.0000912517,0.0004043566,-0.0000000000,-0.0000000000,-0.0000000000,-0.0000833730,0.0004178939,-0.0000000000,-0.0000000000,0.0000000000,0.0005180437,0.0013414202,-0.0000000001,-0.0000000001,0.0000000000,0.0001009662,0.0006915655,-0.0000000001,-0.0000000004,-0.0000000000,-0.0004850506,0.0000038079,0.0000000000,-0.0000000000,-0.0000000000,-0.0002604007,0.0004901377,-0.0000000000,-0.0000000000,-0.0000000000,-0.0001291900,0.0004617588
1984-11,0.0000000001,0.0000000001,-0.0000000000,-0.0001405697,0.0003112616,0.0000000001,0.0000000001,-0.0000000000,-0.0001576209,0.0003018048,0.0000000000,0.0000000000,-0.0000000000,0.0001499687,0.0007066765,0.0000000000,0.0000000001,-0.0000000000,0.0010425486,0.0014739577,0.0000000015,0.0000000042,0.0000000001,-0.0003885125,-0.0004970983,-0.0000000000,-0.0000000000,-0.0000000000,-0.0002126364,0.0000737328,0.0000000001,0.0000000001,0.0000000000,-0.0003126810,0.0001546292
1984-12,-0.0000000001,-0.0000000001,-0.0000000000,-0.0007231206,-0.0007235522,-0.0000000001,-0.0000000001,-0.0000000008,-0.0006950373,-0.0007042945,-0.0000000001,-0.0000000001,-0.0000000007,0.0005204834,0.0005811430,-0.0000000001,-0.0000000001,-0.0000000000,0.0002504721,0.0001837798,-0.0000000002,-0.0000000006,-0.0000000001,-0.0006448827,-0.0013911537,-0.0000000000,0.0000000000,0.0000000000,0.0001366660,-0.0002497951,-0.0000000001,-0.0000000001,-0.0000000000,-0.0004493653,-0.0006181658
1985-01,-0.0000000001,-0.0000000001,0.0000000002,0.0015711866,0.0007112754,-0.0000000001,-0.0000000001,0.0000000001,0.0016635569,0.0007889464,-0.0000000000,-0.0000000000,0.0000000001,0.0011431192,-0.0001920162,-0.0000000001,-0.0000000001,0.0000000002,0.0008808243,-0.0001269014,-0.0000000006,-0.0000000020,0.0000000006,0.0017113109,0.0010977116,0.0000000000,0.0000000000,-0.0000000000,0.0019293326,0.0005554544,-0.0000000000,-0.0000000000,0.0000000003,0.0019933183,0.0008862520
1985-02,-0.0000000001,-0.0000000001,0.0000000000,-0.0021046173,-0.0006491217,-0.0000000001,-0.0000000001,0.0000000000,-0.0020971206,-0.0006429247,-0.0000000001,-0.0000000001,0.0000000000,-0.0017313911,0.0000390800,-0.0000000001,-0.0000000001,0.0000000000,-0.0021978450,-0.0007384849,-0.0000000003,-0.0000000011,-0.0000000004,-0.0006092083,0.0015187252,0.0000000000,0.0000000000,0.0000000000,-0.0012179395,0.0004867879,-0.0000000001,-0.0000000001,0.0000000001,-0.0019718864,-0.0003854156
1985-03,-0.0000000001,-0.0000000001,-0.0000000006,-0.0009827943,-0.0009833674,-0.0000000001,-0.0000000001,-0.0000000005,-0.0010346575,-0.0010405167,-0.0000000002,-0.0000000001,-0.0000000008,-0.0014849871,-0.0012286570,-0.0000000002,-0.0000000002,-0.0000000000,-0.0020696669,-0.0018210523,-0.0000000007,-0.0000000019,-0.0000000001,0.0009417039,-0.0001640248,0.0000000000,0.0000000000,-0.0000000000,-0.0003820352,-0.0005984942,-0.0000000001,-0.0000000002,-0.0000000000,-0.0007677782,-0.0006246794
1985-04,-0.0000000001,-0.0000000001,0.0000000000,-0.0016749305,-0.0034573085,-0.0000000001,-0.0000000001,0.0000000000,-0.0016762082,-0.0034188188,-0.0000000001,-0.0000000001,0.0000000000,-0.0009876614,-0.0026447318,-0.0000000002,-0.0000000002,0.0000000000,-0.0010302480,-0.0025145946,-0.0000000001,-0.0000000001,0.0000000000,-0.0009129050,-0.0041758709,-0.0000000000,0.0000000000,-0.0000000000,-0.0014161368,-0.0038247363,-0.0000000001,-0.0000000001,0.0000000000,-0.0013461808,-0.0033321577
1985-05,-0.0000000000,-0.0000000000,0.0000000002,0.0043707698,0.0026911655,-0.0000000000,-0.0000000001,0.0000000002,0.0043727050,0.0026246286,-0.0000000002,-0.0000000001,0.0000000001,0.0042007928,0.0030175606,-0.0000000001,-0.0000000000,0.0000000001,0.0037235257,0.0024521313,-0.0000000014,-0.0000000038,0.0000000010,0.0039198448,0.0015403518,-0.0000000000,0.0000000000,-0.0000000000,0.0035935872,0.0021609230,-0.0000000002,-0.0000000002,0.0000000002,0.0039670271,0.0022533534
1985-06,-0.0000000002,-0.0000000002,-0.0000000000,-0.0011713433,-0.0011899423,-0.0000000002,-0.0000000002,-0.0000000000,-0.0011208631,-0.0011405055,-0.0000000003,-0.0000000002,-0.0000000000,-0.0001376804,0.0000367196,-0.0000000003,-0.0000000003,-0.0000000000,-0.0007067980,-0.0006129525,-0.0000000012,-0.0000000034,-0.0000000000,0.0006444955,-0.0000962106,0.0000000000,0.0000000000,-0.0000000000,-0.0001187486,-0.0003590997,-0.0000000002,-0.0000000003,-0.0000000000,-0.0009389426,-0.0009501613
1985-07,0.0000000001,0.0000000003,0.0000292275,0.0045227226,0.0036329960,0.0000000001,0.0000000003,0.0000241523,0.0045035101,0.0036398757,0.0000000003,0.0000000003,0.0000233233,0.0039775630,0.0030664006,0.0000000005,0.0000000005,0.0000164701,0.0047364590,0.0038235339,-0.0000000002,-0.0000000012,0.0000949920,0.0056971220,0.0041662259,-0.0000000000,-0.0000000000,0.0000419018,0.0048521353,0.0037522064,0.0000000001,0.0000000005,0.0000358227,0.0045519691,0.0037848096
1985-08,-0.0000000001,-0.0000000002,0.0000000000,-0.0004302951,-0.0010275782,-0.0000000001,-0.0000000002,0.0000000000,-0.0004311305,-0.0010480294,-0.0000000001,-0.0000000002,0.0000000015,-0.0011539549,-0.0016019419,-0.0000000001,-0.0000000001,0.0000000013,-0.0009460244,-0.0014978208,-0.0000000021,-0.0000000060,-0.0000000003,0.0002935707,0.0001379217,0.0000000000,0.0000000000,-0.0000000000,-0.0002360654,-0.0008752116,-0.0000000001,-0.0000000002,0.0000000000,-0.0004600899,-0.0010165326
1985-09,0.0000000002,0.0000000005,-0.0000000004,0.0033203660,0.0022013255,0.0000000002,0.0000000005,-0.0000000004,0.0031952380,0.0020765471,0.0000000002,0.0000000002,-0.0000000003,0.0024188478,0.0015777508,0.0000000004,0.0000000004,-0.0000000003,0.0028921499,0.0019408072,0.0000000017,0.0000000049,-0.0000000000,0.0007017526,0.0000874216,-0.0000000000,-0.0000000000,0.0000000000,0.0013482798,0.0009020944,0.0000000002,0.0000000005,-0.0000000004,0.0027612867,0.0020675792
1985-10,-0.0000000002,-0.0000000003,-0.0000000028,-0.0003099510,-0.0015610382,-0.0000000002,-0.0000000003,-0.0000000020,-0.0003034196,-0.0015687753,-0.0000000003,-0.0000000003,-0.0000000011,-0.0005577170,-0.0016919499,-0.0000000005,-0.0000000003,-0.0000000008,-0.0001615795,-0.0014027230,-0.0000000002,-0.0000000003,-0.0000000007,-0.0018662731,-0.0031627783,-0.0000000000,-0.0000000000,0.0000000000,-0.0016297776,-0.0029892835,-0.0000000002,-0.0000000004,-0.0000000028,-0.0000457845,-0.0013883065
1985-11,-0.0000000002,-0.0000000003,-0.0000000001,0.0038254056,0.0043171523,-0.0000000002,-0.0000000003,-0.0000000001,0.0038199313,0.0043159963,-0.0000000005,-0.0000000003,-0.0000000001,0.0044946097,0.0047014351,-0.0000000006,-0.0000000005,-0.0000000001,0.0049272395,0.0051297943,-0.0000000024,-0.0000000001,-0.0000000003,0.0038107875,0.0047529528,0.0000000000,-0.0000000000,0.0000000000,0.0037893509,0.0043249036,-0.0000000002,-0.0000000003,-0.0000000001,0.0038496202,0.0042658373
1985-12,-0.0000000001,-0.0000000005,-0.0000000002,0.0023265878,0.0031168841,-0.0000000001,-0.0000000005,-0.0000000002,0.0023416008,0.0031308919,-0.0000000003,-0.0000000003,-0.0000000003,0.0024241383,0.0032215655,-0.0000000005,-0.0000000006,-0.0000000003,0.0017093572,0.0024974857,-0.0000000038,-0.0000000002,-0.0000000010,0.0007693279,0.0024977885,0.0000000000,0.0000000000,0.0000000000,0.0014502720,0.0028134408,-0.0000000003,-0.0000000006,-0.0000000002,0.0026459559,0.0034668457
1986-01,-0.0000000001,-0.0000000002,-0.0000000000,0.0021229901,0.0027706886,-0.0000000001,-0.0000000002,-0.0000000008,0.0021602612,0.0027913746,-0.0000000002,-0.0000000002,-0.0000000006,0.0020088611,0.0026009244,-0.0000000002,-0.0000000003,-0.0000000008,0.0023942883,0.0028690007,-0.0000000009,-0.0000000000,-0.0000000001,0.0031654027,0.0051088802,0.0000000000,0.0000000000,-0.0000000000,0.0025607360,0.0033270358,-0.0000000002,-0.0000000002,-0.0000000010,0.0020529062,0.0025218318
1986-02,-0.0000000003,-0.0000000003,-0.0000000000,0.0029685192,0.0031601350,-0.0000000002,-0.0000000003,-0.0000000000,0.0029666652,0.0031669234,-0.0000000009,-0.0000000005,-0.0000000000,0.0042092032,0.0046032541,-0.0000000011,-0.0000000008,-0.0000000000,0.0031550709,0.0034714173,0.0000000001,0.0000000000,-0.0000000000,0.0030780323,0.0033214197,-0.0000000000,0.0000000000,-0.0000000000,0.0031259844,0.0036441639,-0.0000000004,-0.0000000004,-0.0000000000,0.0028228083,0.0030177124
1986-03,0.0000000006,0.0000000005,0.0000000005,0.0026453048,0.0033871430,0.0000000006,0.0000000005,0.0000000004,0.0026851325,0.0034236371,0.0000000002,0.0000000002,0.0000000001,0.0038396849,0.0044302109,0.0000000011,0.0000000006,0.0000000003,0.0038154639,0.0042808531,0.0000000054,0.0000000003,0.0000000001,0.0028156467,0.0036434656,-0.0000000000,-0.0000000000,-0.0000000000,0.0027731127,0.0035337327,0.0000000006,0.0000000006,0.0000000008,0.0027671487,0.0033639380
1986-04,-0.0000000003,-0.0000000003,0.0000000000,0.0010682669,0.0017279432,-0.0000000004,-0.0000000003,0.0000000000,0.0009813101,0.0016436266,0.0000000001,0.0000000000,0.0000000000,-0.0009202704,-0.0002313906,-0.0000000003,-0.0000000003,-0.0000000000,-0.0010624942,-0.0002537624,-0.0000000012,-0.0000000001,-0.0000000000,0.0001403218,0.0014999707,0.0000000000,0.0000000000,0.0000000000,-0.0001509494,0.0008824068,-0.0000000003,-0.0000000003,0.0000000000,0.0010380490,0.0015735322
1986-05,-0.0000000008,-0.0000000009,-0.0000000000,-0.0009759819,-0.0001574994,-0.0000000010,-0.0000000008,-0.0000000002,-0.0009453640,-0.0001303143,-0.0000000010,-0.0000000006,-0.0000000002,-0.0002209056,0.0005192497,-0.0000000012,-0.0000000008,-0.0000000002,0.0004602007,0.0008484310,-0.0000000011,-0.0000000001,-0.0000000020,-0.0014571280,0.0003053756,0.0000000000,0.0000000000,-0.0000000000,-0.0013194894,-0.0001631404,-0.0000000004,-0.0000000004,-0.0000000000,-0.0009987737,-0.0002114044
1986-06,-0.0000000004,-0.0000000004,0.0000000000,0.0007024311,0.0013437399,-0.0000000004,-0.0000000004,0.0000000009,0.0007128348,0.0013461562,-0.0000000008,-0.0000000005,0.0000000000,0.0007764127,0.0018100887,0.0000000002,0.0000000003,0.0000000006,0.0007466173,0.0010759525,-0.0000000001,-0.0000000000,-0.0000000026,0.0023306639,0.0030110107,0.0000000000,-0.0000000000,-0.0000000000,0.0013842801,0.0021452858,-0.0000000001,-0.0000000002,0.0000000000,0.0002547870,0.0008128511
1986-07,-0.0000000008,-0.0000000003,-0.0000120234,-0.0053453718,-0.0051816023,-0.0000000008,-0.0000000003,-0.0000093797,-0.0053274460,-0.0051635930,-0.0000000004,-0.0000000004,-0.0000356208,-0.0048461238,-0.0044701305,0.0000000004,0.0000000007,-0.0000594461,-0.0045791769,-0.0046118253,-0.0000000046,-0.0000000002,0.0000130149,-0.0030162575,-0.0019506415,0.0000000000,0.0000000000,-0.0000082968,-0.0037573213,-0.0033606487,-0.0000000004,-0.0000000000,-0.0000251357,-0.0054630532,-0.0054791267
1986-08,-0.0000000012,-0.0000000006,-0.0000000000,-0.0053216873,-0.0049343995,-0.0000000011,-0.0000000006,-0.0000000008,-0.0052796848,-0.0048955869,-0.0000000012,-0.0000000004,0.0000000001,-0.0047379096,-0.0044405727,-0.0000000027,-0.0000000014,0.0000000000,-0.0045421000,-0.0040804363,0.0000000016,0.0000000001,0.0000000006,-0.0044303391,-0.0031447392,0.0000000000,0.0000000000,-0.0000000000,-0.0044714559,-0.0038259932,-0.0000000008,-0.0000000006,-0.0000000000,-0.0050046226,-0.0045622435
1986-09,0.0000000031,0.0000000014,0.0000000022,-0.0015310653,-0.0016934184,0.0000000028,0.0000000013,0.0000000011,-0.0014765292,-0.0016497259,0.0000000041,0.0000000010,0.0000000015,-0.0006874717,-0.0008777483,0.0000000014,0.0000000007,0.0000000012,-0.0007273060,-0.0006782324,0.0000000141,0.0000000005,0.0000000007,-0.0009047135,-0.0019349693,-0.0000000000,-0.0000000000,0.0000000000,-0.0015101961,-0.0018286132,0.0000000023,0.0000000015,0.0000000000,-0.0011248682,-0.0012913350
1986-10,-0.0000000028,-0.0000000015,-0.0000000001,-0.0006811950,-0.0000415869,-0.0000000023,-0.0000000015,-0.0000000001,-0.0006081967,0.0000166961,-0.0000000015,-0.0000000010,-0.0000000000,0.0001011909,0.0002359083,-0.0000000021,-0.0000000013,-0.0000000000,0.0004779329,0.0005683716,-0.0000000076,-0.0000000002,-0.0000000002,-0.0008989433,0.0015154668,0.0000000000,0.0000000000,-0.0000000000,-0.0005194123,0.0002711355,-0.0000000019,-0.0000000014,-0.0000000001,-0.0004084715,0.0001279980
1986-11,0.0000000004,0.0000000003,0.0000000001,-0.0002745408,-0.0002108420,0.0000000004,0.0000000003,0.0000000000,-0.0002898503,-0.0002344078,0.0000000006,0.0000000004,0.0000000000,-0.0003046659,-0.0005861380,0.0000000009,0.0000000005,0.0000000000,0.0004662917,0.0002644900,-0.0000000000,-0.0000000000,0.0000000002,0.0006022771,0.0002443077,-0.0000000000,-0.0000000000,-0.0000000000,0.0003660555,0.0003328362,0.0000000003,0.0000000002,0.0000000001,-0.0000624258,0.0001476771
1986-12,-0.0000000009,-0.0000000007,-0.0000000001,0.0009142282,0.0003092152,-0.0000000008,-0.0000000006,-0.0000000001,0.0008666823,0.0002646630,-0.0000000006,-0.0000000004,-0.0000000001,0.0007930762,0.0003888780,-0.0000000013,-0.0000000007,-0.0000000001,0.0013651869,0.0009906600,-0.0000000032,-0.0000000001,0.0000000003,0.0003507153,-0.0006895810,0.0000000000,0.0000000000,0.0000000000,0.0004890097,-0.0000965465,-0.0000000009,-0.0000000008,-0.0000000001,0.0010575763,0.0003129982
1987-01,-0.0000000010,-0.0000000010,-0.0000000001,-0.0018937736,-0.0008380307,-0.0000000009,-0.0000000010,-0.0000000001,-0.0018336771,-0.0007785799,-0.0000000036,-0.0000000023,-0.0000000001,-0.0019678086,-0.0011967084,-0.0000000033,-0.0000000021,-0.0000000001,-0.0006776394,0.0001668654,0.0000000032,0.0000000002,-0.0000000011,-0.0020783751,0.0009143471,0.0000000000,-0.0000000000,-0.0000000000,-0.0020941131,-0.0004077958,-0.0000000003,-0.0000000005,0.0000000000,-0.0012988420,-0.0003479751
1987-02,0.0000000053,0.0000000049,-0.0000000001,0.0066607550,0.0056844744,0.0000000043,0.0000000045,-0.0000000002,0.0066831114,0.0057056592,0.0000000097,0.0000000048,0.0000000004,0.0057693966,0.0046825809,0.0000000098,0.0000000056,0.0000000000,0.0066420352,0.0059160438,0.0000000005,0.0000000001,-0.0000000000,0.0052332455,0.0035120416,-0.0000000001,-0.0000000000,-0.0000000000,0.0054306360,0.0044524811,0.0000000017,0.0000000024,-0.0000000003,0.0060054844,0.0050102110
1987-03,0.0000000009,0.0000000008,0.0000000000,-0.0013109087,-0.0011612702,0.0000000009,0.0000000007,0.0000000000,-0.0013104549,-0.0011704104,0.0000000008,0.0000000005,0.0000000000,-0.0006881900,-0.0007564384,0.0000000012,0.0000000007,0.0000000000,-0.0002185276,-0.0002095703,0.0000000026,0.0000000002,0.0000000000,-0.0021901394,-0.0018502090,0.0000000000,0.0000000000,0.0000000000,-0.0015467156,-0.0013997436,0.0000000008,0.0000000012,0.0000000000,-0.0009884289,-0.0007478700
1987-04,-0.0000000082,-0.0000000068,-0.0000000000,0.0006873041,0.0008572658,-0.0000000061,-0.0000000064,-0.0000000000,0.0006362266,0.0008018141,-0.0000000058,-0.0000000035,-0.0000000000,0.0003380094,0.0003331888,-0.0000000044,-0.0000000042,-0.0000000000,0.0008191878,0.0010293973,-0.0000000121,-0.0000000007,-0.0000000000,-0.0014828319,-0.0016317658,0.0000000000,0.0000000000,-0.0000000000,-0.0016288884,-0.0011089663,-0.0000000053,-0.0000000072,-0.0000000000,0.0008843255,0.0010993058
1987-05,-0.0000000007,-0.0000000008,0.0000000006,-0.0001316128,-0.0000632181,-0.0000000005,-0.0000000008,0.0000000004,-0.0001526342,-0.0000843182,-0.0000000005,-0.0000000007,0.0000000003,0.0001703254,0.0001575751,-0.0000000002,-0.0000000005,0.0000000005,0.0000492228,0.0001614523,-0.0000000092,-0.0000000006,-0.0000000010,0.0006260996,0.0007222341,0.0000000000,-0.0000000000,-0.0000000000,0.0006097491,0.0004144674,-0.0000000002,-0.0000000007,0.0000000006,0.0001896845,0.0001359930
1987-06,-0.0000000029,-0.0000000061,-0.0000000002,-0.0002810575,-0.0003635457,-0.0000000027,-0.0000000060,-0.0000000002,-0.0002749955,-0.0003596278,-0.0000000020,-0.0000000054,-0.0000000003,0.0009127481,0.0008478848,-0.0000000021,-0.0000000058,-0.0000000002,0.0004150575,0.0003044623,0.0000000011,0.0000000000,0.0000000009,0.0004743476,0.0005093337,-0.0000000000,-0.0000000000,-0.0000000000,0.0003716871,0.0000794002,-0.0000000017,-0.0000000059,-0.0000000001,-0.0002261257,-0.0002712709
1987-07,0.0000000003,0.0000000000,-0.0000948139,0.0041345945,0.0045928630,0.0000000002,-0.0000000000,-0.0000958605,0.0041318463,0.0045774390,-0.0000000007,-0.0000000000,-0.0001762683,0.0055559037,0.0059877668,-0.0000000001,-0.0000000000,-0.0001813469,0.0052712878,0.0058726958,-0.0000000072,-0.0000000005,-0.0000288713,0.0026544460,0.0040500418,0.0000000001,0.0000000000,-0.0000814929,0.0035593643,0.0039664686,-0.0000000001,-0.0000000000,-0.0000724314,0.0049245126,0.0052437576
1987-08,0.0000000013,0.0000000080,0.0000000006,-0.0019139948,-0.0007355726,0.0000000013,0.0000000076,0.0000000045,-0.0019342606,-0.0007350358,0.0000000020,0.0000000064,0.0000000020,-0.0029482835,-0.0013975060,0.0000000024,0.0000000062,0.0000000046,-0.0024963999,-0.0018419290,0.0000000108,0.0000000006,0.0000000048,-0.0022218429,0.0016767306,-0.0000000000,-0.0000000000,0.0000000000,-0.0021843477,-0.0001821161,0.0000000010,0.0000000080,0.0000000036,-0.0021736043,-0.0009183257
1987-09,-0.0000000004,-0.0000000034,0.0000000001,0.0026797849,0.0026168738,-0.0000000003,-0.0000000030,0.0000000001,0.0026003176,0.0025653683,-0.0000000006,-0.0000000029,0.0000000002,0.0020769310,0.0023529995,-0.0000000007,-0.0000000025,0.0000000002,0.0019856305,0.0021393365,-0.0000000085,-0.0000000005,-0.0000000005,0.0041541846,0.0039639893,0.0000000000,0.0000000000,0.0000000000,0.0035825861,0.0036093650,-0.0000000004,-0.0000000041,0.0000000001,0.0022920200,0.0022098884
1987-10,-0.0000000002,-0.0000000024,-0.0000000000,-0.0080353210,-0.0083074485,-0.0000000002,-0.0000000024,-0.0000000000,-0.0081104898,-0.0083638233,-0.0000000004,-0.0000000019,-0.0000000000,-0.0082447055,-0.0082417692,-0.0000000012,-0.0000000043,0.0000000000,-0.0074902259,-0.0081458364,-0.0000000001,0.0000000000,-0.0000000001,-0.0063673278,-0.0074608658,-0.0000000000,0.0000000000,-0.0000000000,-0.0065233180,-0.0070330172,-0.0000000003,-0.0000000033,-0.0000000000,-0.0084799965,-0.0087506405
1987-11,0.0000000025,0.0000000001,-0.0000000000,0.0021195774,0.0018663072,0.0000000012,0.0000000047,-0.0000000001,0.0019372016,0.0017799568,0.0000000028,0.0000000001,-0.0000000007,0.0023365117,0.0021915848,0.0000000032,0.0000000002,-0.0000000011,0.0024533216,0.0022970912,0.0000000003,0.0000000008,0.0000000000,0.0033435452,0.0019528373,-0.0000000000,0.0000000000,0.0000000000,0.0024801147,0.0017034486,0.0000000013,0.0000000001,-0.0000000000,0.0016658711,0.0013943212
1987-12,0.0000000010,0.0000000000,-0.0000000002,0.0018994071,0.0013722462,0.0000000002,0.0000000013,0.0000000001,0.0019565750,0.0016842367,0.0000000007,0.0000000025,0.0000000001,0.0006758648,-0.0000733091,0.0000000013,0.0000000001,0.0000000001,0.0000940566,-0.0000389005,0.0000000000,0.0000000001,0.0000000014,0.0026345929,0.0017128504,-0.0000000000,-0.0000000000,0.0000000000,0.0019802523,0.0016641656,0.0000000009,0.0000000001,-0.0000000002,0.0017600776,0.0010158805
1988-01,-0.0000000022,-0.0000000001,0.0000000000,-0.0017711669,-0.0014883549,-0.0000000008,-0.0000000041,0.0000000000,-0.0024179014,-0.0022659049,-0.0000000024,-0.0000000090,0.0000000000,-0.0006567526,-0.0004461971,-0.0000000034,-0.0000000002,0.0000000000,-0.0016964197,-0.0015707852,-0.0000000001,-0.0000000002,0.0000000001,-0.0049871322,-0.0045475426,0.0000000000,0.0000000000,-0.0000000000,-0.0032358324,-0.0030888384,-0.0000000017,-0.0000000001,-0.0000000000,-0.0011098391,-0.0009460530
1988-02,-0.0000000021,-0.0000000001,-0.0000000000,0.0017906052,0.0020927974,-0.0000000007,-0.0000000030,-0.0000000000,0.0024432400,0.0027939286,-0.0000000008,-0.0000000000,-0.0000000000,0.0024854075,0.0027200170,-0.0000000010,-0.0000000001,-0.0000000000,0.0021515248,0.0024476697,-0.0000000003,-0.0000000005,-0.0000000004,-0.0008365526,0.0003088194,0.0000000000,0.0000000000,0.0000000000,0.0009742450,0.0013036567,-0.0000000013,-0.0000000001,0.0000000000,0.0011863197,0.0013910840
1988-03,0.0000000018,0.0000000001,0.0000000000,-0.0006556149,-0.0011326599,0.0000000008,0.0000000035,0.0000000002,-0.0000510562,-0.0006049354,0.0000000019,0.0000000063,0.0000000001,-0.0003486503,-0.0006342344,0.0000000028,0.0000000001,0.0000000001,-0.0010223506,-0.0012592378,-0.0000000001,-0.0000000001,-0.0000000011,0.0033453614,0.0016308282,0.0000000000,-0.0000000000,-0.0000000000,0.0002998203,-0.0002207898,0.0000000011,0.0000000001,-0.0000000000,-0.0007816822,-0.0013498094
1988-04,0.0000000019,0.0000000067,-0.0000000000,-0.0007641947,-0.0007449383,0.0000000008,0.0000000028,0.0000000000,-0.0009755524,-0.0009006578,0.0000000021,0.0000000053,-0.0000000004,-0.0009651367,-0.0008706642,0.0000000025,0.0000000001,-0.0000000000,-0.0008667386,-0.0006088206,0.0000000066,0.0000000002,0.0000000003,-0.0034021146,-0.0031052023,-0.0000000000,-0.0000000000,0.0000000000,-0.0011718336,-0.0011446328,0.0000000015,0.0000000001,-0.0000000000,-0.0008355782,-0.0009341473
1988-05,-0.0000000012,-0.0000000041,0.0000000000,0.0011800278,0.0005425772,-0.0000000005,-0.0000000019,-0.0000000001,0.0007021693,0.0000310259,-0.0000000014,-0.0000000032,-0.0000000000,0.0011709081,0.0005723241,-0.0000000020,-0.0000000001,-0.0000000001,0.0013450511,0.0008708756,-0.0000000015,-0.0000000001,0.0000000001,-0.0005856791,-0.0020578668,0.0000000000,0.0000000000,-0.0000000000,0.0002288539,-0.0005154191,-0.0000000009,-0.0000000045,0.0000000000,0.0012985095,0.0007004958
1988-06,-0.0000000000,0.0000000001,0.0000000001,0.0023921055,0.0021896072,-0.0000000000,0.0000000000,0.0000000000,0.0028760931,0.0026466381,-0.0000000003,-0.0000000005,0.0000000000,0.0030972947,0.0026935485,-0.0000000008,-0.0000000000,0.0000000000,0.0033302290,0.0031127607,0.0000000008,0.0000000000,-0.0000000003,0.0048596989,0.0036833769,0.0000000000,0.0000000000,0.0000000000,0.0029610806,0.0025966577,0.0000000001,0.0000000000,0.0000000001,0.0025638108,0.0024076202
1988-07,-0.0000000002,-0.0000000008,0.0009020788,-0.0010932352,-0.0006205582,-0.0000000002,-0.0000000007,0.0009722258,-0.0011318419,-0.0006299814,-0.0000000002,-0.0000000007,0.0009861924,-0.0007308823,-0.0000057700,-0.0000000002,-0.0000000012,0.0009229314,-0.0009219715,-0.0007227110,-0.0000000011,-0.0000000032,0.0009977767,-0.0020194554,-0.0008287686,0.0000000000,0.0000000000,0.0009721771,-0.0012232445,-0.0004960687,-0.0000000002,-0.0000000009,0.0009392157,-0.0010403795,-0.0005851392
1988-08,-0.0000000067,-0.0000000001,0.0007583521,-0.0005712111,-0.0007399434,-0.0000000043,-0.0000000001,0.0006439058,-0.0006300531,-0.0008192570,-0.0000000058,-0.0000000002,0.0005766432,-0.0001951429,-0.0001905505,-0.0000000098,-0.0000000003,0.0008075208,-0.0007176234,-0.0010735342,-0.0000000005,-0.0000000011,0.0004196405,0.0035016790,0.0027809789,0.0000000000,-0.0000000000,0.0006440767,0.0005530194,0.0006170981,-0.0000000063,-0.0000000001,0.0007331776,-0.0005396613,-0.0006746651
1988-09,-0.0000000139,-0.0000000003,-0.0011317347,0.0012680207,0.0018429442,-0.0000000096,-0.0000000003,-0.0012004726,0.0015261624,0.0021212171,-0.0000000082,-0.0000000002,-0.0011881699,0.0016845781,0.0021573213,-0.0000000136,-0.0000000004,-0.0011673129,0.0020612540,0.0023205639,-0.0000000019,-0.0000000045,-0.0013234370,0.0023597870,0.0036684770,0.0000000000,0.0000000000,-0.0012004146,0.0006975364,0.0015689663,-0.0000000126,-0.0000000002,-0.0011502841,0.0011026715,0.0015646241
1988-10,-0.0000000038,-0.0000000001,-0.0006864757,0.0012687895,0.0010076759,-0.0000000027,-0.0000000001,-0.0002722309,0.0011402643,0.0009344809,-0.0000000003,-0.0000000000,-0.0003117281,0.0021044834,0.0017679450,-0.0000000013,-0.0000000001,-0.0003142548,0.0016437470,0.0014799566,-0.0000000016,-0.0000000042,-0.0002041711,0.0029216277,0.0025320391,-0.0000000000,-0.0000000000,-0.0002721043,0.0022680272,0.0018371061,-0.0000000013,-0.0000000000,-0.0007068553,0.0017022023,0.0014664052
1988-11,-0.0000000011,-0.0000000000,-0.0002234062,-0.0018057938,-0.0013915843,-0.0000000015,-0.0000000001,-0.0002501947,-0.0017008282,-0.0014039569,-0.0000000034,-0.0000000001,-0.0002672116,-0.0013672795,-0.0009932758,-0.0000000037,-0.0000000002,-0.0002770253,-0.0011315760,-0.0010671001,0.0000000005,0.0000000012,-0.0000755414,-0.0004981315,-0.0003351108,0.0000000000,0.0000000000,-0.0002501091,-0.0009117670,-0.0006710507,-0.0000000012,-0.0000000000,-0.0001969829,-0.0016062194,-0.0012522816
1988-12,0.0000000009,0.0000000025,-0.0000131362,-0.0009744222,-0.0005571365,0.0000000006,0.0000000022,0.0000338973,-0.0007698854,-0.0002281866,0.0000000005,0.0000000020,-0.0000216138,-0.0011628852,-0.0005571371,0.0000000009,0.0000000036,0.0000158534,-0.0017517623,-0.0014018794,-0.0000000000,-0.0000000007,0.0000351774,-0.0000603797,0.0012450384,0.0000000000,-0.0000000000,0.0000341423,-0.0005799406,-0.0000091176,0.0000000007,0.0000000023,-0.0000101875,-0.0008994637,-0.0002842173
1989-01,0.0000000000,0.0000000002,0.0000000455,0.0019341426,0.0019114387,0.0000000000,0.0000000001,-0.0000000001,0.0017470944,0.0016508179,0.0000000002,0.0000000007,-0.0000000005,0.0021184230,0.0020155671,0.0000000000,0.0000000002,-0.0000000152,0.0020337865,0.0020563770,0.0000000050,0.0000000125,0.0000000084,0.0002083138,0.0004377558,-0.0000000000,-0.0000000000,0.0000000000,0.0013151390,0.0012184773,0.0000000001,0.0000000006,0.0000007923,0.0018990591,0.0018254355
1989-02,0.0000000009,0.0000000037,0.0000000007,0.0001870550,0.0006850862,0.0000000006,0.0000000029,0.0000000006,0.0001287596,0.0005297095,0.0000000007,0.0000000034,0.0000000003,0.0003243397,0.0008461560,0.0000000010,0.0000000046,0.0000000005,-0.0000986968,0.0003429167,0.0000000151,0.0000000321,0.0000000065,-0.0001693899,-0.0001782577,-0.0000000000,-0.0000000000,-0.0000000000,-0.0004163658,0.0000672838,0.0000000005,0.0000000029,0.0000000004,-0.0000992439,0.0002457485
1989-03,0.0000000000,0.0000000002,-0.0000000002,-0.0001442694,0.0002257462,-0.0000000001,-0.0000000007,-0.0000000019,-0.0004970192,0.0000465866,-0.0000000002,-0.0000000009,-0.0000000033,0.0002980972,0.0013085136,-0.0000000005,-0.0000000021,-0.0000000054,-0.0010544784,-0.0007200486,-0.0000000110,-0.0000000257,-0.0000000008,0.0006361368,0.0012702451,0.0000000000,-0.0000000000,-0.0000000000,-0.0003285480,0.0003426525,-0.0000000001,-0.0000000005,-0.0000000021,-0.0001599645,0.0003445605
1989-04,0.0000000007,0.0000000029,0.0000000002,0.0005056511,0.0002978611,0.0000000005,0.0000000022,0.0000000002,0.0006558592,0.0004864133,0.0000000005,0.0000000025,0.0000000001,0.0011028570,0.0007884756,0.0000000006,0.0000000031,0.0000000002,0.0005936613,0.0002180636,0.0000000199,0.0000000536,0.0000000049,0.0010572924,0.0009588721,-0.0000000000,0.0000000000,0.0000000000,0.0010767420,0.0007822065,0.0000000003,0.0000000017,0.0000000001,0.0005204582,0.0004067214
1989-05,0.0000000004,0.0000000014,0.0000000034,-0.0016597621,-0.0012402727,0.0000000001,0.0000000005,0.0000000013,-0.0015180096,-0.0009963022,-0.0000000001,-0.0000000003,-0.0000000008,-0.0017609212,-0.0012097010,-0.0000000001,-0.0000000007,-0.0000000017,-0.0019610638,-0.0017383867,-0.0000000030,-0.0000000073,-0.0000000002,-0.0018052702,-0.0007399706,0.0000000000,-0.0000000000,-0.0000000000,-0.0016465128,-0.0011415000,0.0000000002,0.0000000008,0.0000000016,-0.0018148705,-0.0013044300
1989-06,-0.0000000014,-0.0000000058,-0.0000000003,-0.0007945586,-0.0008257934,-0.0000000009,-0.0000000045,-0.0000000012,-0.0008903077,-0.0009705034,-0.0000000007,-0.0000000044,-0.0000000002,-0.0004456245,-0.0004355799,-0.0000000009,-0.0000000057,-0.0000000003,-0.0002750175,-0.0003981145,-0.0000000021,-0.0000000051,0.0000000000,-0.0023023002,-0.0019658179,0.0000000000,0.0000000000,-0.0000000000,-0.0017763018,-0.0015329787,-0.0000000008,-0.0000000042,-0.0000000002,-0.0004418700,-0.0005532085
1989-07,-0.0000000015,-0.0000000062,0.0000000006,0.0014773162,0.0021759714,-0.0000000012,-0.0000000056,0.0000000039,0.0014670698,0.0022166044,-0.0000000009,-0.0000000051,0.0000000008,0.0019981848,0.0026813774,-0.0000000014,-0.0000000075,0.0000000004,0.0016139298,0.0019285182,-0.0000000149,-0.0000000440,-0.0000000080,0.0024351942,0.0022252345,0.0000000000,0.0000000000,-0.0000000000,0.0015826769,0.0022076575,-0.0000000007,-0.0000000034,0.0000000006,0.0013679622,0.0021279693
1989-08,-0.0000000009,-0.0000000039,-0.0000000002,0.0005253220,0.0010837698,-0.0000000007,-0.0000000028,-0.0000000004,0.0002794895,0.0008917214,-0.0000000002,-0.0000000014,-0.0000000000,0.0006895696,0.0012993285,-0.0000000009,-0.0000000047,-0.0000000002,0.0008074788,0.0016987093,-0.0000000120,-0.0000000321,-0.0000000046,0.0002527043,0.0015841821,0.0000000000,0.0000000000,-0.0000000000,0.0001886044,0.0009519657,-0.0000000005,-0.0000000025,-0.0000000001,0.0005521257,0.0010927775
1989-09,0.0000000009,0.0000000039,0.0000000001,-0.0014497102,-0.0013693883,0.0000000005,0.0000000022,0.0000000000,-0.0016264690,-0.0015232121,0.0000000001,0.0000000003,-0.0000000000,-0.0016464750,-0.0015422968,0.0000000004,0.0000000020,0.0000000000,-0.0015499054,-0.0018141309,-0.0000000027,-0.0000000082,-0.0000000022,-0.0002843435,0.0006497523,0.0000000000,-0.0000000000,0.0000000000,-0.0008552960,-0.0006625204,0.0000000004,0.0000000022,0.0000000001,-0.0014591360,-0.0013288514
1989-10,-0.0000000034,-0.0000000136,-0.0000000004,-0.0053332391,-0.0047053271,-0.0000000022,-0.0000000083,-0.0000000235,-0.0055145311,-0.0045129088,-0.0000000017,-0.0000000088,-0.0000000003,-0.0053299422,-0.0041992711,-0.0000000025,-0.0000000102,-0.0000000003,-0.0046353438,-0.0037613798,-0.0000000460,-0.0000001153,-0.0000000019,-0.0041857375,-0.0024647995,0.0000000000,0.0000000000,-0.0000000000,-0.0045504879,-0.0034459310,-0.0000000023,-0.0000000107,-0.0000000292,-0.0050485011,-0.0043661768
1989-11,-0.0000000028,-0.0000000119,-0.0000000015,-0.0012095011,-0.0023993108,-0.0000000021,-0.0000000093,-0.0000000006,-0.0014799252,-0.0025994789,-0.0000000018,-0.0000000106,-0.0000000009,-0.0012817721,-0.0026443036,-0.0000000041,-0.0000000162,-0.0000000022,-0.0012143127,-0.0023970858,-0.0000000095,-0.0000000004,-0.0000000001,-0.0001028271,-0.0031349036,-0.0000000000,-0.0000000000,-0.0000000000,-0.0001787071,-0.0021697151,-0.0000000015,-0.0000000073,-0.0000000009,-0.0007557560,-0.0020883695
1989-12,-0.0000000028,-0.0000000101,-0.0000000007,-0.0042668224,-0.0037865419,-0.0000000021,-0.0000000085,-0.0000000003,-0.0041406919,-0.0036317640,-0.0000000018,-0.0000000098,-0.0000000006,-0.0035974663,-0.0034748173,-0.0000000027,-0.0000000096,-0.0000000007,-0.0041473814,-0.0038929315,-0.0000000463,-0.0000000022,-0.0000000039,-0.0006290625,-0.0004286884,0.0000000000,-0.0000000000,-0.0000000000,-0.0021590231,-0.0017973988,-0.0000000014,-0.0000000065,-0.0000000004,-0.0042398404,-0.0034140998
1990-01,-0.0000000040,-0.0000000144,-0.0000000005,-0.0034226516,-0.0031986874,-0.0000000032,-0.0000000121,-0.0000000004,-0.0032748435,-0.0029408065,-0.0000000028,-0.0000000142,-0.0000000005,-0.0043749238,-0.0039488269,-0.0000000017,-0.0000000067,-0.0000000002,-0.0040840733,-0.0037691947,-0.0000000876,-0.0000000041,-0.0000000069,-0.0019626163,-0.0011790750,0.0000000000,0.0000000000,0.0000000000,-0.0019476610,-0.0015840806,-0.0000000015,-0.0000000065,-0.0000000003,-0.0026951753,-0.0025260978
1990-02,-0.0000000101,-0.0000000400,-0.0000000026,0.0005846274,-0.0001872705,-0.0000000074,-0.0000000332,-0.0000000021,0.0005488128,-0.0002941277,-0.0000000063,-0.0000000345,-0.0000000006,-0.0001125402,-0.0010144315,-0.0000000120,-0.0000000658,-0.0000000010,-0.0001129675,-0.0009157136,-0.0000001358,-0.0000000069,-0.0000000167,0.0005347627,-0.0011095806,0.0000000000,0.0000000000,-0.0000000000,0.0007548546,-0.0003857809,-0.0000000052,-0.0000000237,-0.0000000000,0.0005366147,-0.0002488924
1990-03,0.0000000185,0.0000000768,0.0000000029,0.0012172433,0.0019880524,0.0000000122,0.0000000573,0.0000000022,0.0017897104,0.0025108126,0.0000000144,0.0000000674,0.0000000023,0.0011558938,0.0017954532,0.0000000321,0.0000000025,0.0000000054,0.0003025789,0.0011119147,0.0000000587,0.0000000026,0.0000000035,0.0014236111,0.0022217815,-0.0000000000,-0.0000000000,0.0000000000,0.0014217135,0.0019239354,0.0000000117,0.0000000514,0.0000000021,0.0012935610,0.0021455615
1990-04,0.0000000053,0.0000000227,0.0000000019,-0.0003592279,0.0009750327,0.0000000031,0.0000000160,0.0000000010,-0.0002668188,0.0011736077,0.0000000029,0.0000000169,0.0000000014,-0.0005140310,0.0008142850,0.0000000089,0.0000000606,0.0000000047,-0.0002201378,0.0013337530,0.0000000507,0.0000000016,0.0000000029,0.0027509033,0.0050368806,-0.0000000000,-0.0000000000,0.0000000000,0.0012377074,0.0027585316,0.0000000019,0.0000000095,0.0000000010,-0.0000083907,0.0012785684
1990-05,-0.0000000021,-0.0000000086,-0.0000000003,0.0027471717,0.0011020505,-0.0000000016,-0.0000000082,-0.0000000002,0.0029367145,0.0014686528,-0.0000000014,-0.0000000095,-0.0000000003,0.0019714386,0.0004646427,0.0000000009,0.0000000067,0.0000000001,0.0037670061,0.0023233061,-0.0000000348,-0.0000000741,-0.0000000025,0.0023636583,-0.0009360988,-0.0000000000,-0.0000000000,-0.0000000000,0.0022092210,0.0002040285,-0.0000000011,-0.0000000055,-0.0000000002,0.0022227828,0.0006680053
1990-06,0.0000000035,0.0000000139,0.0000000005,-0.0026897912,-0.0015002102,0.0000000029,0.0000000139,0.0000000005,-0.0024481003,-0.0010530266,0.0000000020,0.0000000134,0.0000000004,-0.0022348253,-0.0009438404,0.0000000094,0.0000000607,0.0000000013,-0.0018184314,-0.0002214650,0.0000000128,0.0000000004,0.0000000020,-0.0015986947,0.0002829486,0.0000000000,0.0000000000,-0.0000000000,-0.0019775184,-0.0005910336,0.0000000013,0.0000000070,0.0000000003,-0.0023490917,-0.0012597437
1990-07,-0.0000000002,-0.0000000008,0.0001398007,-0.0044766835,-0.0039792907,-0.0000000003,-0.0000000020,0.0001233735,-0.0044860893,-0.0041126066,-0.0000000003,-0.0000000028,0.0001340124,-0.0041101646,-0.0038934447,-0.0000000026,-0.0000000232,0.0001329954,-0.0050512326,-0.0048378429,0.0000000197,0.0000000466,0.0001369336,-0.0028816896,-0.0023868340,0.0000000000,-0.0000000000,0.0001217273,-0.0035297614,-0.0032677454,0.0000000001,0.0000000006,0.0001126168,-0.0044899433,-0.0040393232
1990-08,0.0000000007,0.0000000024,-0.0000000004,-0.0056136225,-0.0050962818,0.0000000004,0.0000000022,-0.0000000000,-0.0056407289,-0.0051494640,0.0000000000,0.0000000001,-0.0000000006,-0.0050552083,-0.0047426103,0.0000000023,0.0000000140,-0.0000000003,-0.0048913730,-0.0044725874,0.0000000173,0.0000000348,-0.0000000004,-0.0038353548,-0.0033715050,0.0000000000,0.0000000000,-0.0000000000,-0.0046518386,-0.0040588177,0.0000000003,0.0000000013,-0.0000000002,-0.0056771394,-0.0052756772
1990-09,0.0000000022,0.0000000054,0.0000000002,-0.0046119592,-0.0031151957,0.0000000015,0.0000000046,0.0000000001,-0.0045179399,-0.0031589869,0.0000000008,0.0000000040,0.0000000001,-0.0043726493,-0.0031325345,0.0000000040,0.0000000187,0.0000000004,-0.0042543516,-0.0030218300,0.0000000018,0.0000000022,-0.0000000000,-0.0030502348,-0.0005779063,-0.0000000000,-0.0000000000,-0.0000000000,-0.0028570979,-0.0011234602,0.0000000013,0.0000000040,0.0000000001,-0.0038288704,-0.0023189671
1990-10,-0.0000000067,-0.0000000178,-0.0000000024,-0.0050873054,-0.0045344601,-0.0000000054,-0.0000000158,-0.0000000008,-0.0049095544,-0.0041422146,-0.0000000041,-0.0000000179,-0.0000000022,-0.0033620072,-0.0027127107,-0.0000000061,-0.0000000270,-0.0000000020,-0.0030829193,-0.0023601618,-0.0000000722,-0.0000001454,-0.0000000220,-0.0026712971,-0.0022834086,0.0000000000,0.0000000000,-0.0000000000,-0.0035018342,-0.0028088362,-0.0000000052,-0.0000000172,-0.0000000016,-0.0059557299,-0.0051832414
1990-11,0.0000000024,0.0000000111,0.0000000006,0.0044166878,0.0049332980,0.0000000020,0.0000000096,0.0000000005,0.0039089805,0.0044359476,0.0000000003,0.0000000011,0.0000000001,0.0031876127,0.0034623200,0.0000000101,0.0000000217,0.0000000012,0.0031757013,0.0038575581,0.0000000267,0.0000000811,0.0000000042,0.0036697342,0.0037825511,-0.0000000000,-0.0000000000,-0.0000000000,0.0044160770,0.0049573676,0.0000000047,0.0000000217,0.0000000008,0.0026586278,0.0033079994
1990-12,0.0000000006,0.0000000036,0.0000000006,0.0033568540,0.0036433460,0.0000000006,0.0000000034,0.0000000005,0.0034105819,0.0037845044,0.0000000001,0.0000000004,0.0000000000,0.0040501951,0.0042727213,0.0000000028,0.0000000089,0.0000000016,0.0045232246,0.0047628239,-0.0000000321,-0.0000000015,-0.0000000160,0.0020976006,0.0024380479,0.0000000000,0.0000000000,-0.0000000000,0.0019296871,0.0023245519,0.0000000013,0.0000000066,0.0000000003,0.0034435622,0.0039443202
1991-01,-0.0000000015,-0.0000000102,-0.0000000003,0.0007533291,0.0015581278,-0.0000000014,-0.0000000100,-0.0000000003,0.0011111809,0.0019104448,-0.0000000008,-0.0000000051,-0.0000000002,0.0007207516,0.0011318484,-0.0000000038,-0.0000000156,-0.0000000006,0.0004338115,0.0014863605,-0.0000000546,-0.0000001506,-0.0000000047,0.0013537118,0.0017600914,0.0000000000,0.0000000000,-0.0000000000,0.0010262432,0.0017355281,-0.0000000020,-0.0000000110,-0.0000000003,-0.0000647326,0.0007377860
1991-02,0.0000000009,0.0000000078,0.0000000004,0.0019422162,0.0008227998,0.0000000009,0.0000000079,0.0000000004,0.0018644084,0.0007071168,0.0000000004,0.0000000036,0.0000000002,0.0001389403,-0.0007451017,0.0000000012,0.0000000083,0.0000000004,0.0000978735,-0.0006996713,0.0000000257,0.0000000680,0.0000000068,0.0022987691,0.0024526694,-0.0000000000,-0.0000000000,-0.0000000000,0.0020660376,0.0016937816,0.0000000017,0.0000000123,0.0000000005,0.0016099772,0.0007021702
1991-03,-0.0000000005,-0.0000000054,-0.0000000004,-0.0013279286,-0.0016377875,-0.0000000006,-0.0000000060,-0.0000000005,-0.0011130317,-0.0014061086,-0.0000000009,-0.0000000082,-0.0000000006,-0.0003064888,-0.0003513018,-0.0000000016,-0.0000000133,-0.0000000009,0.0018256361,0.0016447971,-0.0000000209,-0.0000000682,-0.0000000038,0.0024914281,0.0007653727,0.0000000000,-0.0000000000,-0.0000000000,0.0018526385,0.0009300407,-0.0000000001,-0.0000000013,-0.0000000001,-0.0014962355,-0.0017861325
1991-04,0.0000000015,0.0000000167,0.0000000037,-0.0015389009,-0.0015566426,0.0000000015,0.0000000159,0.0000000028,-0.0013922746,-0.0014789115,0.0000000012,0.0000000118,0.0000000032,-0.0001843330,-0.0006366961,0.0000000016,0.0000000163,0.0000000040,-0.0003705678,-0.0009842535,0.0000000294,0.0000000020,0.0000000267,-0.0005368037,-0.0008172308,-0.0000000000,-0.0000000000,0.0000000000,-0.0010758607,-0.0014875628,0.0000000025,0.0000000222,0.0000000011,-0.0015951289,-0.0016106557
1991-05,-0.0000000015,-0.0000000177,-0.0000000009,0.0033673785,0.0036292129,-0.0000000015,-0.0000000175,-0.0000000009,0.0033960202,0.0036022300,-0.0000000013,-0.0000000129,-0.0000000009,0.0033569729,0.0033789178,-0.0000000025,-0.0000000255,-0.0000000014,0.0034716759,0.0037071017,-0.0000000262,-0.0000000016,-0.0000000028,0.0016402058,0.0018925673,0.0000000000,0.0000000000,-0.0000000000,0.0022287236,0.0023272579,-0.0000000024,-0.0000000227,-0.0000000010,0.0025978535,0.0029723337
1991-06,-0.0000000015,-0.0000000161,-0.0000000015,0.0010970582,0.0008231997,-0.0000000015,-0.0000000159,-0.0000000015,0.0011301708,0.0008156021,-0.0000000009,-0.0000000098,-0.0000000009,0.0015597326,0.0012317370,-0.0000000030,-0.0000000313,-0.0000000028,0.0018853418,0.0013319337,-0.0000000337,-0.0000000018,-0.0000000044,0.0029902965,0.0022522668,0.0000000000,-0.0000000000,-0.0000000000,0.0020781265,0.0015481068,-0.0000000017,-0.0000000204,-0.0000000018,0.0010406064,0.0007512279
1991-07,-0.0000000008,-0.0000000001,0.0000000011,-0.0037384567,-0.0032429959,-0.0000000008,-0.0000000000,0.0000000010,-0.0035807022,-0.0031292142,-0.0000000005,-0.0000000000,0.0000000007,-0.0034247393,-0.0029055898,-0.0000000007,-0.0000000001,0.0000000005,-0.0022416437,-0.0016685779,-0.0000000002,-0.0000000005,0.0000000017,-0.0002316439,-0.0003690697,0.0000000000,0.0000000000,-0.0000000000,-0.0017762923,-0.0015073666,-0.0000000006,-0.0000000001,0.0000000006,-0.0034456878,-0.0031734326
1991-08,0.0000000013,0.0000000001,0.0000000000,-0.0045388877,-0.0041441408,0.0000000011,0.0000000001,0.0000000000,-0.0044307151,-0.0039180077,0.0000000003,0.0000000000,0.0000000000,-0.0041555405,-0.0037108049,0.0000000006,0.0000000000,0.0000000000,-0.0030388685,-0.0023940145,0.0000000002,0.0000000005,0.0000000001,-0.0024672146,-0.0019030112,-0.0000000000,-0.0000000000,-0.0000000000,-0.0033191462,-0.0027992479,0.0000000010,0.0000000001,0.0000000000,-0.0042754714,-0.0038391937
1991-09,-0.0000000014,-0.0000000001,0.0000000000,-0.0018395224,-0.0023548766,-0.0000000013,-0.0000000001,0.0000000006,-0.0018612491,-0.0023549168,-0.0000000014,-0.0000000001,0.0000000006,-0.0020346529,-0.0022968223,-0.0000000011,-0.0000000001,0.0000000000,-0.0012861884,-0.0015695482,-0.0000000004,-0.0000000012,-0.0000000019,0.0001664826,-0.0001181640,0.0000000000,0.0000000000,-0.0000000000,-0.0004252647,-0.0008573443,-0.0000000012,-0.0000000001,0.0000000000,-0.0018549453,-0.0022251851
1991-10,0.0000000000,0.0000000000,-0.0000000001,0.0010296819,0.0004941893,0.0000000001,0.0000000000,-0.0000000001,0.0008910696,0.0003591975,-0.0000000001,-0.0000000000,-0.0000000000,0.0006348037,-0.0000118825,0.0000000003,0.0000000000,-0.0000000000,0.0014580014,0.0005464592,0.0000000000,0.0000000002,-0.0000000003,0.0014519297,-0.0006856212,-0.0000000000,0.0000000000,0.0000000000,0.0014050740,0.0004076752,0.0000000002,0.0000000000,-0.0000000001,0.0009306035,0.0004884411
1991-11,-0.0000000015,-0.0000000001,-0.0000000001,-0.0005963490,-0.0007894017,-0.0000000014,-0.0000000001,-0.0000000001,-0.0006305081,-0.0007822046,-0.0000000022,-0.0000000001,0.0000000001,-0.0012648844,-0.0012413008,-0.0000000016,-0.0000000001,0.0000000000,0.0004843741,0.0004309375,-0.0000000003,-0.0000000010,-0.0000000012,0.0012138492,0.0005481958,0.0000000000,-0.0000000000,-0.0000000000,0.0000828503,-0.0000237520,-0.0000000016,-0.0000000001,-0.0000000004,-0.0000709987,-0.0003317668
1991-12,0.0000000002,0.0000000000,-0.0000000014,0.0042498777,0.0046499970,0.0000000001,0.0000000000,-0.0000000012,0.0042321593,0.0046858784,-0.0000000008,-0.0000000000,-0.0000000010,0.0034930851,0.0039073460,-0.0000000013,-0.0000000001,-0.0000000020,0.0044822146,0.0048568097,-0.0000000003,-0.0000000004,-0.0000000017,0.0036527008,0.0047646480,0.0000000000,0.0000000000,-0.0000000000,0.0035892909,0.0042500144,-0.0000000001,0.0000000000,-0.0000000012,0.0042222622,0.0046755751
1992-01,-0.0000000032,-0.0000000002,-0.0000000000,0.0027396113,0.0019962017,-0.0000000030,-0.0000000002,-0.0000000000,0.0028628601,0.0021208200,-0.0000000018,-0.0000000001,-0.0000000000,0.0026421661,0.0020089189,-0.0000000054,-0.0000000004,-0.0000000000,0.0023897833,0.0020837014,-0.0000000011,-0.0000000019,-0.0000000027,0.0018135624,0.0017334770,0.0000000000,0.0000000000,0.0000000000,0.0019592584,0.0012615560,-0.0000000038,-0.0000000002,-0.0000000000,0.0022229415,0.0018254414
1992-02,0.0000000021,0.0000000001,0.0000000000,0.0002138048,0.0004062011,0.0000000021,0.0000000001,0.0000000000,0.0002574448,0.0004612341,0.0000000017,0.0000000001,0.0000000000,0.0009970255,0.0010608851,0.0000000018,0.0000000001,0.0000000000,0.0000856772,0.0003423049,0.0000000001,0.0000000001,0.0000000001,0.0000618118,-0.0000737076,-0.0000000000,-0.0000000000,0.0000000000,0.0001066723,0.0002552128,0.0000000024,0.0000000001,0.0000000000,0.0000258599,0.0003692354
1992-03,-0.0000000013,-0.0000000001,-0.0000000000,0.0005710990,-0.0001563864,-0.0000000012,-0.0000000001,-0.0000000000,0.0005784207,-0.0001775346,-0.0000000013,-0.0000000001,-0.0000000005,0.0013559743,0.0005949344,-0.0000000023,-0.0000000002,-0.0000000000,0.0010451921,0.0001460162,-0.0000000006,-0.0000000014,-0.0000000001,0.0014565725,0.0010550050,0.0000000000,0.0000000000,-0.0000000000,0.0011466966,0.0002234372,-0.0000000012,-0.0000000001,-0.0000000000,0.0009808356,0.0001778337
1992-04,-0.0000000022,-0.0000000001,-0.0000000003,-0.0021007451,-0.0016290115,-0.0000000022,-0.0000000001,-0.0000000003,-0.0021858719,-0.0016608423,-0.0000000014,-0.0000000001,-0.0000000002,-0.0015087645,-0.0009468650,-0.0000000021,-0.0000000001,-0.0000000000,-0.0031602074,-0.0026290000,-0.0000000007,-0.0000000017,-0.0000000080,-0.0017574459,-0.0005054056,0.0000000000,0.0000000000,-0.0000000000,-0.0018867450,-0.0012708274,-0.0000000028,-0.0000000002,-0.0000000005,-0.0019941873,-0.0013714855
1992-05,-0.0000000027,-0.0000000002,-0.0000000001,-0.0009856150,-0.0012894025,-0.0000000025,-0.0000000002,-0.0000000001,-0.0009575164,-0.0013079339,-0.0000000012,-0.0000000001,-0.0000000000,-0.0016914920,-0.0020354282,-0.0000000023,-0.0000000002,-0.0000000001,-0.0005728147,-0.0010383313,-0.0000000003,-0.0000000009,-0.0000000001,-0.0008982246,-0.0012024359,0.0000000000,0.0000000000,-0.0000000000,-0.0007453497,-0.0012457328,-0.0000000028,-0.0000000002,-0.0000000001,-0.0008334517,-0.0013226701
1992-06,-0.0000000065,-0.0000000005,-0.0000000001,0.0026207010,0.0014470599,-0.0000000063,-0.0000000005,-0.0000000001,0.0025435711,0.0013883561,-0.0000000028,-0.0000000003,-0.0000000001,0.0023926073,0.0013570086,-0.0000000073,-0.0000000005,-0.0000000005,0.0026380987,0.0014441764,-0.0000000012,-0.0000000043,-0.0000000037,0.0045463502,0.0040172973,0.0000000000,0.0000000000,-0.0000000000,0.0033779929,0.0024013459,-0.0000000085,-0.0000000006,-0.0000000001,0.0031559595,0.0018240286
1992-07,0.0000000013,0.0000000001,0.0000369646,-0.0012405464,-0.0010520305,0.0000000013,0.0000000001,0.0000353038,-0.0013892249,-0.0011612382,-0.0000000000,-0.0000000000,0.0000166041,-0.0020680755,-0.0016770084,0.0000000023,0.0000000001,-0.0000036943,-0.0018290706,-0.0014897169,-0.0000000009,-0.0000000036,0.0000447032,-0.0017941383,-0.0014456178,-0.0000000000,0.0000000000,0.0000146682,-0.0013561012,-0.0008260389,0.0000000010,0.0000000001,0.0000432780,-0.0008019601,-0.0006622604
1992-08,0.0000000004,0.0000000000,-0.0000000002,-0.0020206662,-0.0018300567,0.0000000004,0.0000000000,-0.0000000001,-0.0020588556,-0.0018555763,0.0000000003,0.0000000000,-0.0000000000,-0.0022979843,-0.0019721490,0.0000000024,0.0000000002,-0.0000000001,-0.0018806733,-0.0016308010,-0.0000000002,-0.0000000006,-0.0000000006,-0.0033193898,-0.0027921615,-0.0000000000,0.0000000000,0.0000000000,-0.0023729976,-0.0020916889,0.0000000002,0.0000000000,-0.0000000001,-0.0020271181,-0.0017991683
1992-09,0.0000000070,0.0000000006,0.0000000000,0.0006726694,0.0006710284,0.0000000066,0.0000000006,0.0000000000,0.0005956916,0.0005992456,0.0000000036,0.0000000005,0.0000000018,0.0005164568,0.0004825474,0.0000000098,0.0000000006,0.0000000000,0.0002983499,0.0003532748,0.0000000008,0.0000000021,0.0000000000,-0.0012108265,0.0002988480,-0.0000000000,0.0000000000,0.0000000000,-0.0003303464,-0.0001531801,0.0000000104,0.0000000007,0.0000000028,0.0007492591,0.0007710424
1992-10,-0.0000000003,-0.0000000000,-0.0000000003,0.0003537007,0.0005129065,-0.0000000002,-0.0000000000,-0.0000000002,0.0003383942,0.0004928641,0.0000000001,0.0000000000,-0.0000000001,0.0004215735,0.0001888332,0.0000000006,0.0000000001,0.0000000002,0.0008637851,0.0005697904,0.0000000003,0.0000000012,0.0000000019,0.0011708264,-0.0002365362,-0.0000000000,-0.0000000000,0.0000000000,0.0002318464,0.0001146638,-0.0000000003,-0.0000000000,-0.0000000002,0.0005328290,0.0007226127
1992-11,-0.0000000054,-0.0000000005,-0.0000000017,0.0014645016,0.0021456351,-0.0000000051,-0.0000000005,-0.0000000017,0.0014953888,0.0021660700,-0.0000000024,-0.0000000003,-0.0000000009,0.0016971838,0.0021190750,-0.0000000062,-0.0000000004,-0.0000000017,0.0017728368,0.0022344668,-0.0000000009,-0.0000000026,-0.0000000016,0.0017332414,0.0022798217,-0.0000000000,0.0000000000,-0.0000000000,0.0013179471,0.0019112734,-0.0000000070,-0.0000000005,-0.0000000015,0.0017195625,0.0025155544
1992-12,-0.0000000016,-0.0000000002,-0.0000000000,0.0005455443,0.0005656462,-0.0000000016,-0.0000000002,-0.0000000000,0.0005769699,0.0005505922,-0.0000000008,-0.0000000001,-0.0000000012,0.0004529932,0.0003770812,-0.0000000022,-0.0000000002,-0.0000000000,0.0009619667,0.0007019301,-0.0000000002,-0.0000000009,-0.0000000000,0.0007763788,0.0007996504,0.0000000000,-0.0000000000,0.0000000000,0.0007660690,0.0006072871,-0.0000000008,-0.0000000001,-0.0000000016,0.0012481345,0.0010436006
1993-01,-0.0000000037,-0.0000000005,-0.0000000020,-0.0016518865,-0.0016386707,-0.0000000035,-0.0000000004,-0.0000000020,-0.0016347080,-0.0016684422,-0.0000000031,-0.0000000004,-0.0000000012,-0.0018127547,-0.0021489108,-0.0000000046,-0.0000000005,-0.0000000000,-0.0026563028,-0.0029254007,-0.0000000012,-0.0000000033,-0.0000000077,-0.0018119662,-0.0023871349,-0.0000000001,-0.0000000000,-0.0000000000,-0.0019021131,-0.0019924812,-0.0000000033,-0.0000000003,-0.0000000012,-0.0015062904,-0.0014368053
1993-02,-0.0000000045,-0.0000000005,-0.0000000018,-0.0004163657,-0.0012134101,-0.0000000043,-0.0000000005,-0.0000000018,-0.0004474359,-0.0012563359,-0.0000000041,-0.0000000004,-0.0000000011,-0.0008552823,-0.0015656103,-0.0000000066,-0.0000000006,-0.0000000020,-0.0017801505,-0.0024660825,-0.0000000024,-0.0000000060,-0.0000000002,-0.0015435040,-0.0014414839,0.0000000000,0.0000000000,-0.0000000000,-0.0005862377,-0.0011684655,-0.0000000050,-0.0000000004,-0.0000000013,-0.0007169542,-0.0015781039
1993-03,-0.0000000055,-0.0000000006,-0.0000000000,-0.0005623600,-0.0002927421,-0.0000000052,-0.0000000006,-0.0000000000,-0.0005297104,-0.0002729444,-0.0000000030,-0.0000000003,-0.0000000018,-0.0009905312,-0.0008983842,-0.0000000073,-0.0000000006,-0.0000000000,-0.0001126187,0.0000058317,-0.0000000005,-0.0000000011,-0.0000000019,-0.0006724181,-0.0005499922,0.0000000000,0.0000000000,0.0000000000,-0.0005351424,-0.0003150439,-0.0000000034,-0.0000000003,-0.0000000000,-0.0004265240,-0.0002822845
1993-04,-0.0000000061,-0.0000000006,-0.0000000000,-0.0014614032,-0.0013091755,-0.0000000059,-0.0000000006,-0.0000000000,-0.0014699960,-0.0013414362,-0.0000000047,-0.0000000004,-0.0000000000,-0.0010662679,-0.0013299003,-0.0000000112,-0.0000000010,-0.0000000001,-0.0017727494,-0.0019405543,-0.0000000008,-0.0000000014,-0.0000000002,-0.0041948081,-0.0054764875,0.0000000000,0.0000000000,-0.0000000000,-0.0018184311,-0.0020397108,-0.0000000053,-0.0000000004,-0.0000000000,-0.0018190673,-0.0015337469
1993-05,0.0000000092,0.0000000010,0.0000000025,0.0000711871,0.0001484959,0.0000000088,0.0000000010,0.0000000025,0.0001723810,0.0002058423,0.0000000064,0.0000000006,0.0000000013,0.0001095244,0.0000901264,0.0000000100,0.0000000010,0.0000000026,0.0000121042,0.0000806194,0.0000000024,0.0000000046,0.0000000094,-0.0009427069,-0.0011764692,-0.0000000000,0.0000000000,0.0000000000,-0.0001471113,-0.0003534410,0.0000000087,0.0000000007,0.0000000014,0.0004798089,0.0003442308
1993-06,-0.0000000076,-0.0000000009,-0.0000000035,0.0010604683,0.0018047064,-0.0000000072,-0.0000000008,-0.0000000034,0.0010530939,0.0018059162,-0.0000000053,-0.0000000005,-0.0000000013,0.0002444894,0.0006595176,-0.0000000093,-0.0000000009,-0.0000000038,0.0009325173,0.0012396904,-0.0000000005,-0.0000000009,0.0000000000,0.0021510918,0.0034033189,0.0000000000,0.0000000000,-0.0000000000,0.0010977641,0.0020033528,-0.0000000073,-0.0000000007,-0.0000000022,0.0008929803,0.0016928913
1993-07,0.0000000009,0.0000000084,-0.0000000418,0.0022877239,0.0016736704,0.0000000009,0.0000000084,-0.0000000414,0.0022608100,0.0016313216,0.0000000008,0.0000000061,-0.0000000307,0.0017255456,0.0010483385,0.0000000008,0.0000000071,-0.0000000319,0.0017488509,0.0010542430,0.0000000357,0.0000000677,-0.0000000136,0.0000718257,0.0003688562,-0.0000000000,0.0000000000,-0.0000000000,0.0021474166,0.0014059515,0.0000000012,0.0000000094,-0.0000000355,0.0023167036,0.0015385585
1993-08,0.0000000005,0.0000000045,0.0000000001,0.0012193969,0.0008523100,0.0000000005,0.0000000043,0.0000000102,0.0011573841,0.0007970066,0.0000000002,0.0000000013,0.0000000036,0.0003424735,-0.0000178233,0.0000000005,0.0000000043,0.0000000001,-0.0001791229,-0.0004695659,-0.0000000216,-0.0000000400,-0.0000000013,0.0002698175,-0.0000724621,-0.0000000000,0.0000000000,0.0000000000,0.0008832190,0.0003705238,0.0000000004,0.0000000031,0.0000000062,0.0016686530,0.0011228181
1993-09,0.0000000011,0.0000000083,0.0000000003,-0.0016571051,-0.0014304262,0.0000000010,0.0000000081,0.0000000003,-0.0016999226,-0.0014450395,0.0000000011,0.0000000051,0.0000000002,-0.0022409198,-0.0019999093,0.0000000011,0.0000000094,0.0000000004,-0.0017820114,-0.0015473039,0.0000000341,0.0000000618,0.0000000026,-0.0026212260,-0.0022613066,-0.0000000000,-0.0000000000,0.0000000000,-0.0019709029,-0.0016968614,0.0000000011,0.0000000078,0.0000000002,-0.0014636154,-0.0013839982
1993-10,0.0000000001,0.0000000007,0.0000000000,0.0024826319,0.0027660900,0.0000000001,0.0000000005,0.0000000000,0.0025610630,0.0028189661,-0.0000000002,-0.0000000006,-0.0000000000,0.0037668507,0.0039486935,-0.0000000002,-0.0000000014,-0.0000000001,0.0032097609,0.0033263537,0.0000000090,0.0000000166,0.0000000007,0.0013363470,0.0018009852,0.0000000000,-0.0000000000,-0.0000000000,0.0025297997,0.0026185736,0.0000000001,0.0000000007,0.0000000000,0.0017972425,0.0023273954
1993-11,0.0000000004,0.0000000030,0.0000000001,0.0005636985,0.0012469809,0.0000000004,0.0000000028,0.0000000001,0.0006838844,0.0013652282,0.0000000005,0.0000000017,0.0000000001,0.0025156823,0.0029717037,0.0000000003,0.0000000019,0.0000000001,0.0021848688,0.0027063060,0.0000000130,0.0000000213,0.0000000007,0.0015852565,0.0012957670,0.0000000000,-0.0000000000,0.0000000000,0.0008868715,0.0013679296,0.0000000004,0.0000000031,0.0000000001,0.0010877746,0.0016573066
1993-12,0.0000000003,0.0000000021,0.0000000003,0.0014311181,0.0009736182,0.0000000003,0.0000000019,0.0000000003,0.0015249408,0.0010577531,0.0000000001,0.0000000006,0.0000000001,0.0020882410,0.0017302918,0.0000000000,0.0000000003,0.0000000000,0.0017634902,0.0014723921,0.0000000278,0.0000000484,0.0000000058,0.0016319700,0.0013125480,0.0000000001,-0.0000000000,0.0000000000,0.0015466432,0.0009557333,0.0000000001,0.0000000012,0.0000000002,0.0016041616,0.0013359222
1994-01,-0.0000000006,-0.0000000048,-0.0000000103,-0.0001373652,0.0004411656,-0.0000000006,-0.0000000046,-0.0000000100,-0.0001599044,0.0004364528,-0.0000000006,-0.0000000025,-0.0000000073,0.0000476588,0.0006762222,-0.0000000004,-0.0000000035,-0.0000000077,-0.0007740744,0.0000016454,-0.0000000092,-0.0000000171,-0.0000000006,0.0010817742,0.0017682957,0.0000000000,0.0000000000,-0.0000000000,0.0000662533,0.0009927166,-0.0000000005,-0.0000000042,-0.0000000093,0.0005265101,0.0010320827
1994-02,-0.0000000000,-0.0000000000,-0.0000000000,-0.0000289360,0.0006341981,0.0000000000,0.0000000000,-0.0000000000,0.0000629657,0.0007321735,0.0000000000,0.0000000001,-0.0000000000,0.0006378321,0.0008998498,-0.0000000000,-0.0000000003,-0.0000000000,0.0001502791,0.0005456619,0.0000000051,0.0000000112,0.0000000004,-0.0012122068,-0.0012080902,0.0000000000,-0.0000000000,0.0000000000,-0.0004876358,-0.0003715178,-0.0000000001,-0.0000000007,-0.0000000000,-0.0001951903,0.0004907947
1994-03,-0.0000000007,-0.0000000052,-0.0000000002,0.0003184996,0.0001433483,-0.0000000006,-0.0000000052,-0.0000000002,0.0002874807,0.0001117380,-0.0000000007,-0.0000000032,-0.0000000002,-0.0003090223,-0.0005124822,-0.0000000006,-0.0000000040,-0.0000000002,0.0001451123,-0.0000647638,-0.0000000118,-0.0000000252,-0.0000000016,0.0028686547,0.0022297885,-0.0000000000,0.0000000000,-0.0000000000,0.0005422913,0.0005524799,-0.0000000005,-0.0000000044,-0.0000000002,0.0003442904,0.0000657323
1994-04,0.0000000000,0.0000000003,0.0000000000,-0.0024139706,-0.0019641045,0.0000000000,0.0000000002,0.0000000000,-0.0024654233,-0.0020001210,-0.0000000001,-0.0000000004,-0.0000000000,-0.0024987123,-0.0020375441,0.0000000001,0.0000000006,0.0000000001,-0.0020591617,-0.0017691383,0.0000000018,0.0000000038,0.0000000002,-0.0017667462,-0.0012755983,-0.0000000000,0.0000000000,-0.0000000000,-0.0023013951,-0.0016571695,0.0000000000,0.0000000001,0.0000000000,-0.0025879508,-0.0020537978
1994-05,-0.0000000000,-0.0000000001,-0.0000000004,0.0026983730,0.0019905719,-0.0000000001,-0.0000000004,-0.0000000010,0.0026615152,0.0019596188,-0.0000000003,-0.0000000014,-0.0000000040,0.0028640600,0.0020848026,-0.0000000003,-0.0000000016,-0.0000000042,0.0028188444,0.0021359943,-0.0000000021,-0.0000000043,-0.0000000001,0.0033274335,0.0025701253,-0.0000000000,0.0000000000,-0.0000000000,0.0031058092,0.0024125527,-0.0000000002,-0.0000000014,-0.0000000034,0.0026070623,0.0019209927
1994-06,0.0000000013,0.0000000101,0.0000000003,0.0010043309,0.0014515885,0.0000000012,0.0000000093,0.0000000003,0.0009660674,0.0014224729,0.0000000013,0.0000000070,0.0000000177,0.0003428739,0.0009104961,0.0000000017,0.0000000090,0.0000000004,0.0003071690,0.0008118345,0.0000000198,0.0000000452,0.0000000017,0.0017615345,0.0024752573,-0.0000000000,-0.0000000000,0.0000000000,0.0010960187,0.0018611056,0.0000000013,0.0000000096,0.0000000003,0.0010913024,0.0015214802
1994-07,-0.0000000002,-0.0000000015,0.0000143489,-0.0005209279,-0.0007813425,-0.0000000002,-0.0000000013,0.0000146960,-0.0005363230,-0.0007870618,-0.0000000003,-0.0000000010,0.0000142208,-0.0002116648,-0.0003160823,-0.0000000002,-0.0000000013,0.0000208150,-0.0004817333,-0.0005829755,-0.0000000048,-0.0000000118,-0.0000155015,-0.0010870806,-0.0014072567,0.0000000000,0.0000000000,0.0000191200,-0.0004866660,-0.0006918755,-0.0000000001,-0.0000000011,0.0000116989,-0.0007559975,-0.0009161315
1994-08,0.0000000001,0.0000000008,0.0000000000,0.0006003745,0.0009690871,0.0000000001,0.0000000007,0.0000000000,0.0007303645,0.0010827122,0.0000000001,0.0000000003,0.0000000000,0.0014988777,0.0018501037,0.0000000001,0.0000000005,0.0000000000,0.0015638635,0.0018349500,0.0000000062,0.0000000133,0.0000000013,0.0035750954,0.0033849021,-0.0000000000,0.0000000000,0.0000000000,0.0012433782,0.0017074944,0.0000000001,0.0000000007,0.0000000000,0.0007653456,0.0009522142
1994-09,0.0000000001,0.0000000011,0.0000000000,0.0009430950,0.0001624600,0.0000000001,0.0000000010,0.0000000000,0.0009284504,0.0001242223,0.0000000002,0.0000000005,0.0000000000,0.0010188215,0.0003672168,0.0000000001,0.0000000006,0.0000000000,0.0007316596,0.0001432491,-0.0000000014,-0.0000000036,-0.0000000003,0.0025874129,0.0012922751,-0.0000000000,-0.0000000000,-0.0000000000,0.0015264180,0.0007688829,0.0000000001,0.0000000009,0.0000000000,0.0008830655,0.0001190723
1994-10,-0.0000000003,-0.0000000022,-0.0000000001,-0.0029585872,-0.0025018997,-0.0000000002,-0.0000000019,-0.0000000001,-0.0029920779,-0.0025046112,-0.0000000002,-0.0000000007,-0.0000000001,-0.0035012695,-0.0032052461,-0.0000000001,-0.0000000010,-0.0000000002,-0.0033284630,-0.0029644316,-0.0000000045,-0.0000000117,-0.0000000021,-0.0020037439,-0.0022622301,0.0000000000,0.0000000000,-0.0000000000,-0.0032884518,-0.0029575425,-0.0000000002,-0.0000000020,-0.0000000001,-0.0029489084,-0.0025939605
1994-11,-0.0000000001,-0.0000000013,-0.0000000020,-0.0021106341,-0.0018501682,-0.0000000001,-0.0000000012,-0.0000000019,-0.0020884852,-0.0018185540,-0.0000000002,-0.0000000009,-0.0000000021,-0.0015811477,-0.0013981070,-0.0000000001,-0.0000000011,-0.0000000021,-0.0013871034,-0.0012397713,-0.0000000039,-0.0000000096,-0.0000000002,-0.0016843771,-0.0020876776,-0.0000000000,0.0000000000,-0.0000000000,-0.0018124146,-0.0016591756,-0.0000000001,-0.0000000015,-0.0000000021,-0.0019904396,-0.0019002805
1994-12,0.0000000004,0.0000000034,0.0000000009,0.0013421855,0.0011756056,0.0000000003,0.0000000030,0.0000000007,0.0013482364,0.0011913963,0.0000000002,0.0000000013,0.0000000001,0.0024490962,0.0022654259,0.0000000002,0.0000000015,0.0000000004,0.0019486358,0.0019288413,0.0000000084,0.0000000199,0.0000000132,0.0009179502,0.0013161113,-0.0000000000,-0.0000000000,0.0000000000,0.0015748233,0.0013825439,0.0000000004,0.0000000031,0.0000000009,0.0017502692,0.0014134961
1995-01,-0.0000000002,-0.0000000021,-0.0000000002,0.0000185801,0.0002070665,-0.0000000002,-0.0000000019,-0.0000000002,-0.0000456333,0.0001593362,-0.0000000002,-0.0000000014,-0.0000000001,-0.0015092927,-0.0012690802,-0.0000000002,-0.0000000013,-0.0000000001,-0.0006843614,-0.0005765357,-0.0000000023,-0.0000000055,-0.0000000001,-0.0004841639,0.0002266971,-0.0000000000,0.0000000000,-0.0000000000,-0.0002743544,0.0000650571,-0.0000000003,-0.0000000025,-0.0000000002,-0.0003973703,-0.0001037459
1995-02,-0.0000000010,-0.0000000068,-0.0000000161,0.0006724976,0.0005443043,-0.0000000009,-0.0000000061,-0.0000000161,0.0007070055,0.0005796200,-0.0000000008,-0.0000000038,-0.0000000125,0.0014519709,0.0012328390,-0.0000000009,-0.0000000068,-0.0000000002,0.0011220789,0.0010758668,-0.0000000211,-0.0000000520,-0.0000000011,0.0015921368,0.0010220549,0.0000000000,0.0000000000,-0.0000000000,0.0009547249,0.0006727551,-0.0000000008,-0.0000000062,-0.0000000158,0.0008200192,0.0005735964
1995-03,-0.0000000003,-0.0000000027,-0.0000000001,-0.0004144922,-0.0003721669,-0.0000000002,-0.0000000024,-0.0000000001,-0.0003792000,-0.0003295223,0.0000000000,0.0000000000,0.0000000000,0.0000351007,0.0002614552,-0.0000000001,-0.0000000014,-0.0000000000,-0.0001448471,-0.0000057610,-0.0000000038,-0.0000000093,-0.0000000002,0.0013395043,0.0010822217,0.0000000000,0.0000000000,-0.0000000000,0.0002822668,0.0003156674,-0.0000000002,-0.0000000028,-0.0000000001,-0.0004936752,-0.0003328176
1995-04,-0.0000000006,-0.0000000065,-0.0000000002,0.0004936061,0.0007608883,-0.0000000006,-0.0000000060,-0.0000000002,0.0004509136,0.0007410928,-0.0000000007,-0.0000000040,-0.0000000002,-0.0005495478,-0.0003119227,-0.0000000006,-0.0000000068,-0.0000000002,-0.0007332380,-0.0002899892,-0.0000000059,-0.0000000157,-0.0000000004,0.0023471083,0.0023184261,0.0000000000,0.0000000000,-0.0000000000,0.0007014541,0.0010137605,-0.0000000005,-0.0000000069,-0.0000000002,-0.0000914472,0.0001486649
1995-05,0.0000000004,0.0000000042,0.0000000072,-0.0006715143,-0.0004035404,0.0000000004,0.0000000034,0.0000000063,-0.0006321831,-0.0003758213,0.0000000000,0.0000000000,-0.0000000002,-0.0010697605,-0.0008395231,0.0000000005,0.0000000054,0.0000000001,-0.0008741374,-0.0006720034,-0.0000000070,-0.0000000185,-0.0000000006,-0.0010814637,-0.0007702881,-0.0000000000,0.0000000000,-0.0000000000,-0.0010970746,-0.0007641209,0.0000000004,0.0000000055,0.0000000088,-0.0006351533,-0.0003090488
1995-06,-0.0000000001,-0.0000000013,-0.0000000000,0.0023599444,0.0021599790,-0.0000000001,-0.0000000011,-0.0000000000,0.0023869636,0.0022125287,-0.0000000000,-0.0000000002,-0.0000000000,0.0022130312,0.0021060283,-0.0000000005,-0.0000000043,-0.0000000001,0.0022860142,0.0022591327,0.0000000068,0.0000000244,0.0000000008,0.0023419092,0.0020498146,0.0000000000,0.0000000000,-0.0000000000,0.0022840343,0.0020271991,-0.0000000000,-0.0000000003,-0.0000000000,0.0019636834,0.0018184258
1995-07,-0.0000000151,-0.0000000017,-0.0000852329,0.0012073432,0.0009736032,-0.0000000147,-0.0000000016,-0.0000832226,0.0012579261,0.0010129985,-0.0000000001,-0.0000000009,-0.0000616005,0.0010773830,0.0009174219,-0.0000000003,-0.0000000040,-0.0000628221,0.0010990791,0.0010417806,-0.0000000031,-0.0000000139,-0.0000579278,0.0016967420,0.0010758208,-0.0000000000,0.0000000000,-0.0000701222,0.0009806518,0.0007098394,-0.0000000112,-0.0000000014,-0.0000828339,0.0009114807,0.0007772251
1995-08,0.0000000131,0.0000000016,0.0000000000,0.0016908699,0.0015865422,0.0000000129,0.0000000014,0.0000000012,0.0016631547,0.0015632416,0.0000000001,0.0000000008,0.0000000016,0.0010528416,0.0010053892,0.0000000003,0.0000000031,0.0000000007,0.0011915679,0.0010740033,0.0000000048,0.0000000164,0.0000000079,0.0024552145,0.0023789628,-0.0000000000,-0.0000000000,-0.0000000000,0.0023327178,0.0022197186,0.0000000120,0.0000000016,0.0000000009,0.0015269215,0.0014625390
1995-09,0.0000000026,0.0000000003,0.0000000007,0.0003864376,0.0001538427,0.0000000024,0.0000000002,0.0000000006,0.0003877408,0.0001671266,-0.0000000000,-0.0000000002,-0.0000000006,-0.0001744234,-0.0002741851,0.0000000004,0.0000000040,0.0000000055,0.0003260905,0.0003543992,0.0000000021,0.0000000074,0.0000000002,0.0015040683,0.0014005476,-0.0000000000,0.0000000000,0.0000000000,0.0010585011,0.0008712474,0.0000000000,0.0000000006,0.0000000012,0.0001522503,-0.0000720152
1995-10,-0.0000000004,-0.0000000042,-0.0000000101,-0.0009411609,-0.0008386833,-0.0000000004,-0.0000000036,-0.0000000097,-0.0010292735,-0.0009104730,-0.0000000005,-0.0000000021,-0.0000000088,-0.0016385052,-0.0016248918,-0.0000000004,-0.0000000052,-0.0000000001,-0.0015303164,-0.0015387742,-0.0000000042,-0.0000000135,-0.0000000007,-0.0000703331,-0.0004747314,0.0000000000,0.0000000000,-0.0000000000,-0.0003953668,-0.0006449979,-0.0000000004,-0.0000000057,-0.0000000001,-0.0011319559,-0.0009895753
1995-11,-0.0000000002,-0.0000000027,-0.0000000001,0.0010872574,0.0012221891,-0.0000000002,-0.0000000025,-0.0000000001,0.0011051359,0.0012378921,-0.0000000002,-0.0000000014,-0.0000000001,0.0017930233,0.0018467726,-0.0000000006,-0.0000000086,-0.0000000003,0.0013360783,0.0014833011,-0.0000000010,-0.0000000017,0.0000000002,0.0002122780,0.0007066415,0.0000000000,0.0000000000,-0.0000000000,0.0010020648,0.0012642009,-0.0000000002,-0.0000000038,-0.0000000001,0.0010248095,0.0011650235
1995-12,0.0000000003,0.0000000041,0.0000000002,-0.0003746491,-0.0004164551,0.0000000003,0.0000000038,0.0000000002,-0.0004937037,-0.0005300394,0.0000000003,0.0000000023,0.0000000002,-0.0017665962,-0.0016820927,0.0000000009,0.0000000141,0.0000000006,-0.0016209467,-0.0016272113,0.0000000006,0.0000000019,0.0000000000,-0.0019116274,-0.0013766800,-0.0000000000,-0.0000000000,0.0000000000,-0.0007585873,-0.0008539543,0.0000000003,0.0000000054,0.0000000002,-0.0004711621,-0.0004701953
1996-01,-0.0000000002,-0.0000000024,-0.0000000000,0.0010780815,0.0014653149,-0.0000000002,-0.0000000023,-0.0000000000,0.0011140137,0.0014971134,-0.0000000003,-0.0000000018,-0.0000000000,0.0008569307,0.0011701195,-0.0000000000,-0.0000000004,0.0000000001,0.0008468485,0.0011780712,-0.0000000072,-0.0000000181,-0.0000000007,0.0021852076,0.0029841644,0.0000000000,0.0000000000,-0.0000000000,0.0019852581,0.0024431064,-0.0000000001,-0.0000000023,-0.0000000000,0.0008543668,0.0013464136
1996-02,0.0000000000,0.0000000006,0.0000000000,0.0008505668,0.0007610856,0.0000000000,0.0000000006,0.0000000000,0.0008590065,0.0007681957,0.0000000001,0.0000000011,0.0000000001,0.0007784499,0.0007611250,-0.0000000002,-0.0000000031,-0.0000000002,0.0010989837,0.0009908792,0.0000000050,0.0000000154,0.0000000023,0.0025674323,0.0017423298,-0.0000000000,-0.0000000000,0.0000000000,0.0009508604,0.0008035720,0.0000000002,0.0000000023,0.0000000001,0.0008825062,0.0008055669
1996-03,0.0000000000,0.0000000005,-0.0000000000,-0.0006199415,-0.0007829396,0.0000000000,0.0000000006,-0.0000000000,-0.0005389121,-0.0007206069,0.0000000000,0.0000000001,-0.0000000000,0.0001708939,-0.0001466956,-0.0000000006,-0.0000000084,-0.0000000003,0.0001452339,-0.0001890576,0.0000000031,0.0000000158,0.0000000001,-0.0034017635,-0.0037752628,0.0000000000,0.0000000000,-0.0000000000,-0.0020475204,-0.0024989805,0.0000000001,0.0000000010,-0.0000000000,-0.0009658454,-0.0011782587
1996-04,-0.0000000002,-0.0000000037,-0.0000000049,0.0003034331,0.0002120009,-0.0000000002,-0.0000000031,-0.0000000044,0.0002557291,0.0001716135,-0.0000000001,-0.0000000014,-0.0000000032,0.0000313527,-0.0001067067,-0.0000000005,-0.0000000070,-0.0000000113,0.0006020375,0.0004736149,-0.0000000008,-0.0000000044,-0.0000000002,-0.0006208251,-0.0010635324,-0.0000000000,0.0000000000,0.0000000000,-0.0002218402,-0.0004569403,-0.0000000002,-0.0000000043,-0.0000000052,0.0007042382,0.0005544811
1996-05,0.0000000006,0.0000000099,0.0000000040,0.0007888205,0.0006925097,0.0000000006,0.0000000090,0.0000000042,0.0008299908,0.0007338413,0.0000000008,0.0000000065,0.0000000026,0.0006315576,0.0006130784,0.0000000022,0.0000000277,0.0000000044,0.0014061278,0.0013696222,0.0000000073,0.0000000444,0.0000000008,0.0003738887,0.0001063152,-0.0000000000,-0.0000000000,0.0000000000,0.0004084802,0.0003505671,0.0000000007,0.0000000134,0.0000000042,0.0010083037,0.0008795848
1996-06,0.0000000247,0.0000000047,0.0000000068,-0.0018032383,-0.0017962172,0.0000000249,0.0000000043,0.0000000067,-0.0017285755,-0.0017254123,0.0000000003,0.0000000029,0.0000000050,-0.0012021955,-0.0012010700,0.0000000012,0.0000000160,0.0000000164,-0.0013462066,-0.0013322744,0.0000000031,0.0000000249,0.0000000005,-0.0020053988,-0.0018595837,-0.0000000000,0.0000000000,0.0000000000,-0.0016414520,-0.0016134023,0.0000000313,0.0000000070,0.0000000082,-0.0018084569,-0.0017538334
1996-07,-0.0000000004,-0.0000000065,0.0000731323,-0.0004598947,0.0000240528,-0.0000000004,-0.0000000068,0.0000831055,-0.0004310662,0.0000616366,-0.0000000003,-0.0000000030,-0.0000156275,-0.0000927335,0.0005727102,0.0000000000,0.0000000000,0.0000221476,-0.0004577366,0.0000650968,-0.0000000005,-0.0000000001,-0.0000138594,-0.0004635810,-0.0001341904,-0.0000000000,-0.0000000000,0.0000163571,-0.0002691976,0.0004555326,-0.0000000005,-0.0000000092,0.0000293279,-0.0005034931,-0.0000535222
1996-08,-0.0000000004,-0.0000000039,0.0000109639,0.0017795991,-0.0005761748,-0.0000000004,-0.0000000041,0.0000132443,0.0018316289,-0.0005574297,-0.0000000011,-0.0000000055,0.0000199816,0.0023239166,-0.0003591331,-0.0000000031,-0.0000000318,0.0000242424,0.0024767048,-0.0002059690,0.0000000033,0.0000000225,0.0000382205,0.0010759618,-0.0015820723,-0.0000000000,-0.0000000000,0.0000153353,0.0014019771,-0.0014145518,-0.0000000004,-0.0000000056,0.0000206990,0.0016463476,-0.0008073801
1996-09,0.0000000013,0.0000000157,0.0000000008,0.0011650119,0.0002337745,0.0000000013,0.0000000156,0.0000000007,0.0011291922,0.0002461153,0.0000000033,0.0000000169,0.0000000009,0.0008805953,0.0006517827,0.0000000062,0.0000000632,0.0000000016,0.0010114384,0.0008057062,0.0000000189,0.0000001232,0.0000000002,-0.0009270167,-0.0009661852,-0.0000000000,-0.0000000000,0.0000000000,0.0004240802,-0.0001543351,0.0000000012,0.0000000162,0.0000000007,0.0009867430,-0.0001188597
1996-10,-0.0000000001,-0.0000000013,-0.0000000000,-0.0006670171,-0.0009897773,-0.0000000001,-0.0000000014,-0.0000000000,-0.0007595569,-0.0010447083,-0.0000000001,-0.0000000004,-0.0000000000,-0.0012619133,-0.0012046405,-0.0000000005,-0.0000000041,-0.0000000001,-0.0018287523,-0.0019142982,-0.0000000041,-0.0000000283,-0.0000000014,-0.0012020834,-0.0012932618,-0.0000000000,0.0000000000,-0.0000000000,-0.0011210129,-0.0013041275,-0.0000000002,-0.0000000022,-0.0000000001,-0.0005125714,-0.0008861007
1996-11,0.0000000004,0.0000000045,0.0000000001,-0.0006136065,0.0005005435,0.0000000004,0.0000000039,0.0000000000,-0.0006406372,0.0004908121,0.0000000011,0.0000000045,0.0000000002,-0.0007324281,0.0003039461,0.0000000017,0.0000000151,0.0000000006,-0.0008654616,0.0001689918,-0.0000000008,-0.0000000038,-0.0000000001,-0.0007362687,0.0002461951,-0.0000000000,-0.0000000000,-0.0000000000,-0.0005357457,0.0007456429,0.0000000004,0.0000000050,0.0000000001,-0.0003792417,0.0006517686
1996-12,0.0000000034,0.0000000304,0.0000000007,-0.0011583939,0.0002023713,0.0000000033,0.0000000283,0.0000000007,-0.0011587584,0.0002044685,0.0000000074,0.0000000215,0.0000000006,-0.0015297129,-0.0000722929,0.0000000128,0.0000000821,0.0000000019,-0.0016950505,-0.0001641631,0.0000000550,0.0000001440,0.0000000044,-0.0002682702,0.0008970627,-0.0000000000,-0.0000000000,0.0000000000,-0.0008782975,0.0008369860,0.0000000029,0.0000000336,0.0000000008,-0.0011510909,0.0001386455
1997-01,0.0000000013,0.0000000163,0.0000000013,0.0005283588,0.0006546391,0.0000000012,0.0000000150,0.0000000013,0.0005480821,0.0006922490,0.0000000018,0.0000000106,0.0000000013,-0.0001392746,-0.0000378957,0.0000000063,0.0000000511,0.0000000044,0.0000680080,0.0002894795,0.0000000166,0.0000000484,0.0000000056,0.0018173320,0.0019418305,-0.0000000000,-0.0000000000,-0.0000000000,0.0002357812,0.0007700238,0.0000000014,0.0000000165,0.0000000014,0.0006637846,0.0004917218
1997-02,-0.0000000007,-0.0000000087,-0.0000000002,0.0014308704,0.0028231663,-0.0000000007,-0.0000000082,-0.0000000002,0.0014957321,0.0028855470,-0.0000000009,-0.0000000043,-0.0000000002,0.0022863732,0.0036537938,-0.0000000023,-0.0000000182,-0.0000000014,0.0028831066,0.0037474262,0.0000000015,0.0000000043,0.0000000009,0.0029999320,0.0030864526,0.0000000000,0.0000000000,0.0000000000,0.0022166630,0.0036830611,-0.0000000006,-0.0000000078,-0.0000000001,0.0015000848,0.0027561330
1997-03,-0.0000000002,-0.0000000034,-0.0000000000,-0.0010400905,-0.0033682843,-0.0000000002,-0.0000000030,-0.0000000000,-0.0010641204,-0.0033500811,-0.0000000000,-0.0000000004,-0.0000000000,-0.0011662112,-0.0028195625,0.0000000003,0.0000000028,0.0000000001,-0.0020555675,-0.0033723903,-0.0000000064,-0.0000000149,-0.0000000005,-0.0029547662,-0.0039024196,-0.0000000000,-0.0000000000,-0.0000000000,-0.0014855503,-0.0035699152,-0.0000000001,-0.0000000007,-0.0000000000,-0.0009827163,-0.0030123473
1997-04,0.0000000007,0.0000000112,0.0000000002,0.0009008858,0.0011383772,0.0000000007,0.0000000104,0.0000000002,0.0009024009,0.0011801283,0.0000000006,0.0000000063,0.0000000112,0.0020083671,0.0018376345,0.0000000033,0.0000000414,0.0000000006,0.0016398121,0.0016418588,0.0000000137,0.0000000386,0.0000000016,0.0020386868,0.0020695099,-0.0000000000,0.0000000000,0.0000000000,0.0011274763,0.0018611329,0.0000000009,0.0000000088,0.0000000002,0.0010739559,0.0011207716
1997-05,-0.0000000015,-0.0000000202,-0.0000000007,-0.0003580591,0.0006160283,-0.0000000015,-0.0000000189,-0.0000000007,-0.0003751412,0.0005854685,-0.0000000012,-0.0000000155,-0.0000000005,-0.0004693913,0.0001635339,-0.0000000060,-0.0000000807,-0.0000000014,-0.0007284061,0.0003520114,-0.0000000097,-0.0000000196,-0.0000000022,0.0005833432,0.0003866669,0.0000000000,0.0000000000,0.0000000000,-0.0003120147,0.0004009254,-0.0000000020,-0.0000000164,-0.0000000011,-0.0000894669,0.0007194750
1997-06,-0.0000000009,-0.0000000113,-0.0000000003,0.0020557734,0.0016070745,-0.0000000008,-0.0000000106,-0.0000000002,0.0020400708,0.0016283156,-0.0000000005,-0.0000000063,-0.0000000002,0.0019304460,0.0016708996,-0.0000000017,-0.0000000216,-0.0000000004,0.0019568356,0.0014928553,0.0000000046,0.0000000098,0.0000000009,0.0019131758,0.0017729044,-0.0000000000,0.0000000000,0.0000000000,0.0020749554,0.0017463166,-0.0000000010,-0.0000000085,-0.0000000002,0.0023598408,0.0019716349
1997-07,0.0000000009,0.0000000102,0.0000148665,0.0001944631,0.0004319219,0.0000000009,0.0000000104,0.0000140912,0.0001865266,0.0004426075,0.0000000016,0.0000000196,0.0000395122,-0.0003443920,-0.0006140211,0.0000000069,0.0000000011,0.0000476043,-0.0010774131,-0.0004146410,0.0000000133,0.0000000353,0.0000089398,-0.0004241769,0.0000551557,-0.0000000000,0.0000000000,0.0000244293,-0.0000194632,0.0002942747,0.0000000007,0.0000000066,0.0000133418,0.0006233542,0.0010431739
1997-08,-0.0000000017,-0.0000000191,-0.0000000008,-0.0015733541,-0.0009807970,-0.0000000017,-0.0000000182,-0.0000000008,-0.0015724006,-0.0010172698,-0.0000000011,-0.0000000135,-0.0000000004,-0.0022983293,-0.0018739065,-0.0000000103,-0.0000000015,-0.0000000022,-0.0020149339,-0.0015126337,0.0000000020,0.0000000049,0.0000000009,-0.0012734760,-0.0013076240,0.0000000000,-0.0000000000,0.0000000000,-0.0016084141,-0.0011732625,-0.0000000018,-0.0000000147,-0.0000000008,-0.0016129920,-0.0009632944
1997-09,-0.0000000037,-0.0000000369,-0.0000000041,0.0015732955,0.0002836372,-0.0000000037,-0.0000000361,-0.0000000019,0.0015637130,0.0003040214,-0.0000000025,-0.0000000286,-0.0000000001,0.0010284940,-0.0001425010,-0.0000000020,-0.0000000003,-0.0000000002,0.0018085184,0.0004247072,-0.0000000103,-0.0000000313,-0.0000000001,-0.0005910086,-0.0020922109,0.0000000000,-0.0000000000,-0.0000000000,0.0015118734,-0.0000101830,-0.0000000041,-0.0000000275,-0.0000000022,0.0018891212,0.0007514376
1997-10,-0.0000000067,-0.0000000581,-0.0000000011,0.0000286520,-0.0002779901,-0.0000000067,-0.0000000569,-0.0000000011,-0.0000761717,-0.0003932100,-0.0000000049,-0.0000000483,-0.0000000009,-0.0003318710,-0.0008198602,-0.0000000122,-0.0000000016,-0.0000000020,-0.0004066383,-0.0010516214,-0.0000000356,-0.0000000919,-0.0000000043,-0.0001484811,-0.0004329088,0.0000000000,0.0000000000,-0.0000000000,-0.0003818388,-0.0011162674,-0.0000000079,-0.0000000451,-0.0000000012,-0.0000981523,-0.0004479961
1997-11,-0.0000000070,-0.0000000007,-0.0000000010,0.0011585410,0.0015511638,-0.0000000069,-0.0000000007,-0.0000000010,0.0011332500,0.0015389487,-0.0000000058,-0.0000000008,-0.0000000010,0.0016448524,0.0019169233,-0.0000000084,-0.0000000013,-0.0000000021,0.0016136192,0.0016752435,-0.0000000316,-0.0000000754,-0.0000000059,0.0005289647,0.0012326413,0.0000000000,-0.0000000000,-0.0000000000,0.0011419715,0.0015195611,-0.0000000074,-0.0000000007,-0.0000000010,0.0012624438,0.0016115623
1997-12,0.0000000047,0.0000000005,0.0000000033,-0.0009791500,0.0000669797,0.0000000043,0.0000000005,0.0000000028,-0.0008882483,0.0001099256,-0.0000000014,-0.0000000002,-0.0000000005,-0.0001381138,0.0002064053,0.0000000200,0.0000000033,0.0000000128,-0.0005500257,0.0004495827,0.0000000320,0.0000000770,0.0000000241,0.0011202407,0.0013702296,0.0000000000,0.0000000000,-0.0000000000,-0.0004336702,0.0008436947,0.0000000051,0.0000000005,0.0000000036,-0.0005904510,0.0003965529
1998-01,-0.0000000058,-0.0000000006,-0.0000000027,0.0035844080,0.0029178013,-0.0000000058,-0.0000000006,-0.0000000031,0.0035597902,0.0028800497,-0.0000000057,-0.0000000007,-0.0000000033,0.0033544102,0.0022514589,-0.0000000132,-0.0000000019,-0.0000000075,0.0031495665,0.0018569334,-0.0000001006,-0.0000002166,-0.0000000412,0.0036624521,0.0033459359,-0.0000000000,-0.0000000000,-0.0000000000,0.0033287922,0.0024956621,-0.0000000033,-0.0000000004,-0.0000000019,0.0034044900,0.0028460003
1998-02,0.0000000044,0.0000000005,0.0000000029,-0.0001808594,0.0001324198,0.0000000038,0.0000000005,0.0000000028,-0.0001388949,0.0001599870,0.0000000038,0.0000000005,0.0000000027,0.0003840594,0.0004492629,-0.0000000088,-0.0000000014,-0.0000000059,0.0001006710,0.0005527298,0.0000000469,0.0000000024,0.0000000359,0.0007114353,0.0008800738,0.0000000000,0.0000000000,0.0000000000,-0.0001836193,0.0003871302,0.0000000031,0.0000000003,0.0000000023,-0.0003513685,-0.0000582593
1998-03,0.0000000040,0.0000000005,0.0000000010,0.0023059545,0.0006856873,0.0000000032,0.0000000004,0.0000000009,0.0022742992,0.0006542641,-0.0000000004,-0.0000000000,-0.0000000001,0.0014532548,0.0000254597,0.0000000341,0.0000000058,0.0000000105,0.0015145217,0.0000397107,0.0000000095,0.0000000005,0.0000000025,0.0017159332,0.0006410241,0.0000000001,-0.0000000000,-0.0000000000,0.0017683616,-0.0000857504,0.0000000039,0.0000000004,0.0000000010,0.0023711208,0.0007434847
1998-04,-0.0000000010,-0.0000000001,-0.0000000001,-0.0005354387,-0.0016467646,-0.0000000010,-0.0000000001,-0.0000000001,-0.0004212012,-0.0015739556,-0.0000000017,-0.0000000002,-0.0000000003,0.0004985877,-0.0006076077,0.0000000101,0.0000000018,0.0000000024,0.0006961768,-0.0005729683,0.0000000159,0.0000000010,0.0000000052,0.0003265255,-0.0006096074,0.0000000000,-0.0000000000,0.0000000000,0.0000811305,-0.0009453365,0.0000000002,0.0000000000,0.0000000001,-0.0006151662,-0.0015940221
1998-05,0.0000000032,0.0000000003,0.0000000013,0.0003204667,0.0008886047,0.0000000028,0.0000000003,0.0000000014,0.0003091803,0.0008639687,0.0000000008,0.0000000001,0.0000000010,0.0008037709,0.0009481573,0.0000000155,0.0000000026,0.0000000005,0.0004223440,0.0006910093,0.0000000458,0.0000000025,0.0000000003,0.0016397649,0.0016541767,-0.0000000000,0.0000000000,-0.0000000000,0.0004837436,0.0006440559,0.0000000034,0.0000000003,0.0000000014,0.0003567018,0.0008304198
1998-06,0.0000000027,0.0000000003,0.0000000011,-0.0007831889,0.0002469476,0.0000000022,0.0000000003,0.0000000010,-0.0007908421,0.0001953518,-0.0000000009,-0.0000000001,0.0000000002,-0.0005878380,-0.0002544557,0.0000000350,0.0000000060,0.0000000132,-0.0006825846,0.0000100402,-0.0000000128,-0.0000000006,-0.0000000010,-0.0013664105,0.0004597925,-0.0000000000,0.0000000000,-0.0000000000,-0.0011958139,-0.0001641129,0.0000000030,0.0000000003,0.0000000013,-0.0015181730,-0.0004260699
1998-07,0.0000000000,0.0000000001,-0.0001825707,-0.0016883957,0.0002607419,0.0000000000,0.0000000001,-0.0001776216,-0.0015695914,0.0003396630,0.0000000000,0.0000000001,-0.0002624636,-0.0011819663,0.0001708366,-0.0000000010,-0.0000000000,-0.0001776271,-0.0013667059,0.0004230436,0.0000000000,0.0000000000,-0.0002538685,-0.0006789922,0.0006992121,-0.0000000000,-0.0000000000,-0.0001813348,-0.0014055327,0.0006395200,0.0000000000,0.0000000001,-0.0001831713,-0.0021021853,-0.0002059297
1998-08,-0.0000000002,-0.0000000007,0.0000000001,-0.0040253087,-0.0031534324,-0.0000000001,-0.0000000006,0.0000000001,-0.0041136936,-0.0032090173,-0.0000000108,-0.0000000006,0.0000000000,-0.0042574483,-0.0035480217,-0.0000000111,-0.0000000007,0.0000000001,-0.0040778550,-0.0039220204,-0.0000000001,-0.0000000002,0.0000000023,-0.0039327546,-0.0038934814,-0.0000000000,-0.0000000000,-0.0000000000,-0.0037462410,-0.0036255096,-0.0000000002,-0.0000000005,0.0000000001,-0.0040522986,-0.0031912911
1998-09,0.0000000001,0.0000000005,-0.0000000002,-0.0035513705,-0.0016324337,0.0000000001,0.0000000004,-0.0000000001,-0.0039131407,-0.0019663143,-0.0000000000,-0.0000000001,-0.0000000001,-0.0057639861,-0.0040828947,-0.0000000073,-0.0000000003,-0.0000000001,-0.0055683114,-0.0044038628,-0.0000000005,-0.0000000012,-0.0000000002,-0.0046083807,-0.0038364671,-0.0000000000,0.0000000000,-0.0000000000,-0.0050771092,-0.0032079068,0.0000000001,0.0000000003,-0.0000000002,-0.0038069809,-0.0018659201
1998-10,0.0000000000,0.0000000001,0.0000000007,0.0015956734,0.0021360660,0.0000000000,0.0000000001,0.0000000006,0.0018145983,0.0023907430,-0.0000000000,-0.0000000001,0.0000000003,0.0039302136,0.0040904442,0.0000000000,0.0000000001,0.0000000012,0.0029235259,0.0037616497,0.0000000007,0.0000000006,0.0000000007,0.0024838781,0.0018749809,0.0000000000,-0.0000000000,0.0000000000,0.0025694180,0.0031809793,0.0000000000,0.0000000000,0.0000000005,0.0014056677,0.0020227112
1998-11,-0.0000000002,-0.0000000009,-0.0000000001,-0.0006313381,-0.0003716445,-0.0000000002,-0.0000000008,-0.0000000000,-0.0005649012,-0.0002658540,-0.0000000001,-0.0000000005,0.0000000000,0.0000146069,0.0007738526,-0.0000000001,-0.0000000005,0.0000000002,0.0002166711,0.0011094124,-0.0000000031,-0.0000000045,-0.0000000004,-0.0028645916,-0.0013994075,0.0000000000,0.0000000000,-0.0000000000,-0.0003355546,0.0003587784,-0.0000000002,-0.0000000008,-0.0000000001,-0.0007754162,-0.0002120510
1998-12,-0.0000000005,-0.0000000018,-0.0000000001,0.0015971005,0.0008384895,-0.0000000004,-0.0000000015,-0.0000000001,0.0016001239,0.0008043382,-0.0000000003,-0.0000000013,-0.0000000001,0.0009085363,-0.0001100251,-0.0000000003,-0.0000000015,-0.0000000028,0.0017610468,0.0001792590,-0.0000000020,-0.0000000027,-0.0000000001,0.0017639423,0.0007788839,-0.0000000000,0.0000000000,-0.0000000000,0.0012595168,0.0005227824,-0.0000000004,-0.0000000016,-0.0000000001,0.0014419741,0.0003704767
1999-01,0.0000000001,0.0000000003,0.0000000000,0.0025153130,0.0014224047,0.0000000001,0.0000000003,0.0000000000,0.0025607977,0.0014523797,0.0000000001,0.0000000007,0.0000000001,0.0022101213,0.0008196530,0.0000000001,0.0000000004,0.0000000001,0.0026621589,0.0010814053,0.0000000042,0.0000000098,0.0000000007,0.0004047955,0.0002317226,-0.0000000000,0.0000000000,-0.0000000000,0.0020813276,0.0012972543,-0.0000000000,-0.0000000002,-0.0000000001,0.0027714603,0.0017166550
1999-02,-0.0000000005,-0.0000000022,-0.0000000003,0.0013807534,0.0003175160,-0.0000000004,-0.0000000020,-0.0000000003,0.0014298611,0.0003342062,-0.0000000005,-0.0000000029,-0.0000000002,0.0022083359,0.0007088758,-0.0000000006,-0.0000000039,-0.0000000006,0.0015521727,-0.0001315675,-0.0000000089,-0.0000000264,-0.0000000023,0.0019857338,0.0009082722,0.0000000000,0.0000000000,-0.0000000000,0.0016620814,0.0002247859,-0.0000000004,-0.0000000021,-0.0000000001,0.0013287037,0.0002919665
1999-03,-0.0000000004,-0.0000000020,-0.0000000001,-0.0032123535,-0.0034447694,-0.0000000004,-0.0000000017,-0.0000000001,-0.0030355542,-0.0033427565,-0.0000000001,-0.0000000006,-0.0000000000,-0.0023042357,-0.0029815003,-0.0000000004,-0.0000000025,-0.0000000001,-0.0024106273,-0.0031365852,0.0000000033,0.0000000247,0.0000000004,-0.0028423279,-0.0027008053,0.0000000000,-0.0000000000,0.0000000000,-0.0028743997,-0.0031546525,-0.0000000002,-0.0000000014,-0.0000000001,-0.0033687282,-0.0034243256
1999-04,0.0000000021,0.0000000079,0.0000000006,-0.0008045680,-0.0010506731,0.0000000017,0.0000000068,0.0000000006,-0.0005792777,-0.0009200086,0.0000000015,0.0000000089,0.0000000003,-0.0003421110,-0.0009251315,0.0000000015,0.0000000083,0.0000000003,-0.0020382880,-0.0015087197,0.0000000351,0.0000001031,0.0000000018,0.0000452453,-0.0004362960,0.0000000000,-0.0000000000,0.0000000000,-0.0012624509,-0.0013784923,0.0000000013,0.0000000061,0.0000000002,-0.0006158368,-0.0010627522
1999-05,0.0000000002,0.0000000013,0.0000000001,-0.0004269168,-0.0002681516,0.0000000002,0.0000000012,0.0000000001,-0.0005806963,-0.0003228965,0.0000000003,0.0000000023,0.0000000001,-0.0012444494,-0.0005422716,0.0000000004,0.0000000029,0.0000000002,-0.0012166332,-0.0004124480,0.0000000019,0.0000000103,0.0000000001,-0.0001687951,-0.0000849118,-0.0000000000,-0.0000000000,0.0000000000,-0.0006075777,-0.0003091726,0.0000000002,0.0000000010,0.0000000001,-0.0005341003,-0.0003467178
1999-06,0.0000000002,0.0000000013,0.0000000001,0.0039277711,0.0031628386,0.0000000002,0.0000000011,0.0000000001,0.0037808962,0.0030282341,0.0000000002,0.0000000013,0.0000000000,0.0019742005,0.0020347992,0.0000000002,0.0000000016,0.0000000000,0.0015611694,0.0022156546,0.0000000038,0.0000000241,0.0000000001,0.0019555704,0.0026152699,-0.0000000000,-0.0000000000,0.0000000000,0.0030206476,0.0026264247,0.0000000002,0.0000000010,0.0000000000,0.0041549987,0.0033368748
1999-07,-0.0000000001,-0.0000000012,0.0012129771,0.0000502054,-0.0003876585,-0.0000000001,-0.0000000011,0.0012342534,0.0001141354,-0.0003692488,-0.0000000001,-0.0000000019,0.0013567192,0.0011743517,0.0002719897,-0.0000000002,-0.0000000022,0.0013670079,0.0006181499,-0.0001389248,-0.0000000001,-0.0000000004,0.0015477909,0.0016201850,0.0009643217,-0.0000000000,0.0000000000,0.0012800758,0.0007382606,-0.0000617193,-0.0000000001,-0.0000000007,0.0012558917,-0.0000894282,-0.0006729184
1999-08,-0.0000000001,-0.0000000002,0.0003108759,-0.0029357028,-0.0023906429,-0.0000000001,-0.0000000002,0.0002997881,-0.0029458460,-0.0023456858,-0.0000000002,-0.0000000008,0.0002880365,-0.0025023692,-0.0018968980,-0.0000000003,-0.0000000012,0.0003668930,-0.0025856325,-0.0019954744,-0.0000000031,-0.0000000070,0.0001754082,-0.0020108579,-0.0025895738,-0.0000000000,0.0000000000,0.0003210682,-0.0027629704,-0.0020645906,-0.0000000001,-0.0000000002,0.0003537005,-0.0030441826,-0.0021796877
1999-09,-0.0000000000,0.0000000000,-0.0000000002,0.0006127482,0.0006258010,-0.0000000000,0.0000000000,-0.0000000065,0.0006319140,0.0006007933,0.0000000001,0.0000000005,-0.0000000003,-0.0003718107,-0.0005987475,0.0000000001,0.0000000004,-0.0000000006,0.0004644971,0.0003427080,0.0000000015,0.0000000040,-0.0000010272,-0.0015523678,-0.0007287252,-0.0000000000,0.0000000000,-0.0000000000,0.0001666635,0.0001382227,-0.0000000001,-0.0000000001,-0.0000000004,0.0001691017,0.0003056738
1999-10,-0.0000000009,-0.0000000017,-0.0000000001,0.0029187794,-0.0006106291,-0.0000000008,-0.0000000016,-0.0000000001,0.0029391270,-0.0005866524,-0.0000000006,-0.0000000021,-0.0000000001,0.0041253208,0.0010996396,-0.0000000011,-0.0000000031,-0.0000000001,0.0036935696,0.0000897646,-0.0000000217,-0.0000000276,-0.0000000004,0.0043078718,0.0010023550,-0.0000000000,0.0000000000,-0.0000000000,0.0032084036,0.0000670077,-0.0000000010,-0.0000000015,-0.0000000001,0.0028477151,-0.0006828956
1999-11,-0.0000000001,-0.0000000003,-0.0000000000,-0.0006418468,-0.0005004619,-0.0000000002,-0.0000000004,-0.0000000000,-0.0006367962,-0.0004418032,-0.0000000010,-0.0000000041,-0.0000000001,-0.0009806059,-0.0005484704,-0.0000000008,-0.0000000031,-0.0000000000,-0.0007633186,0.0000608426,-0.0000000166,-0.0000000232,-0.0000000004,-0.0012674792,-0.0002933626,-0.0000000000,0.0000000000,-0.0000000000,-0.0008735834,-0.0003879670,-0.0000000002,-0.0000000005,-0.0000000000,-0.0002720957,-0.0002532066
1999-12,-0.0000000022,-0.0000000037,-0.0000000001,0.0020272213,0.0014098138,-0.0000000018,-0.0000000035,-0.0000000001,0.0019516464,0.0013416295,-0.0000000061,-0.0000000002,-0.0000000005,0.0006013369,0.0002460187,-0.0000000061,-0.0000000002,-0.0000000004,0.0003483414,0.0008514878,-0.0000000007,-0.0000000008,-0.0000000012,-0.0014750332,-0.0001939512,0.0000000000,0.0000000000,-0.0000000000,0.0011708684,0.0009907336,-0.0000000008,-0.0000000016,-0.0000000000,0.0023006975,0.0017693696
2000-01,0.0000000040,0.0000000061,-0.0000000001,-0.0012614667,-0.0020478173,0.0000000041,0.0000000071,-0.0000000000,-0.0013560503,-0.0021174884,0.0000000008,0.0000000000,-0.0000000002,-0.0019848420,-0.0023010636,0.0000000011,0.0000000000,-0.0000000000,-0.0014805730,-0.0020206629,0.0000000004,0.0000000008,-0.0000000001,-0.0027184745,-0.0033330945,0.0000000000,0.0000000000,-0.0000000000,-0.0015400130,-0.0020737105,0.0000000060,0.0000000085,0.0000000000,-0.0009526796,-0.0019721293
2000-02,0.0000000055,0.0000000095,0.0000000003,0.0012823262,0.0012686719,0.0000000046,0.0000000096,0.0000000003,0.0011469376,0.0011778588,0.0000000064,0.0000000002,0.0000000007,-0.0010245930,-0.0006247399,0.0000000124,0.0000000003,0.0000000007,-0.0000904007,0.0007841604,0.0000000004,0.0000000004,0.0000000005,0.0009183718,0.0015986704,-0.0000000000,-0.0000000000,0.0000000000,0.0000590778,0.0004734787,0.0000000059,0.0000000103,0.0000000003,0.0014163527,0.0013099132
2000-03,-0.0000000029,-0.0000000026,-0.0000000001,-0.0002112329,0.0000189428,-0.0000000025,-0.0000000025,-0.0000000001,-0.0003330351,-0.0000661033,-0.0000000055,-0.0000000001,-0.0000000002,-0.0003281334,-0.0002998020,-0.0000000074,-0.0000000001,-0.0000000002,-0.0008719606,-0.0008016615,0.0000000004,0.0000000011,0.0000000021,-0.0042914662,-0.0030715015,0.0000000000,0.0000000000,-0.0000000000,-0.0006490136,-0.0003543088,0.0000000005,0.0000000007,0.0000000000,-0.0001460765,0.0000289692
2000-04,-0.0000000097,-0.0000000122,-0.0000000004,-0.0014095521,-0.0008376149,-0.0000000083,-0.0000000117,-0.0000000003,-0.0012699263,-0.0007255401,-0.0000000131,-0.0000000003,-0.0000000006,-0.0004909611,-0.0001971443,-0.0000000119,-0.0000000002,-0.0000000004,-0.0007506482,-0.0004643023,-0.0000000011,-0.0000000014,-0.0000000012,-0.0027999568,-0.0022426251,0.0000000000,0.0000000000,0.0000000000,-0.0009295539,-0.0004864463,-0.0000000085,-0.0000000112,-0.0000000003,-0.0010622413,-0.0006779035
2000-05,-0.0000000076,-0.0000000161,-0.0000000001,-0.0013601421,-0.0008978724,-0.0000000066,-0.0000000164,-0.0000000001,-0.0015035462,-0.0010191935,-0.0000000086,-0.0000000003,-0.0000000001,-0.0019516178,-0.0013945149,-0.0000000116,-0.0000000003,-0.0000000001,-0.0023365839,-0.0018390054,-0.0000000007,-0.0000000012,-0.0000000002,0.0001247297,-0.0000367762,0.0000000000,0.0000000000,-0.0000000000,-0.0016911170,-0.0013664004,-0.0000000100,-0.0000000002,-0.0000000001,-0.0018921809,-0.0013355890
2000-06,0.0000000020,0.0000000077,0.0000000015,0.0003104172,0.0006172204,0.0000000018,0.0000000069,0.0000000024,0.0003212108,0.0006694998,0.0000000024,0.0000000001,0.0000000008,0.0001555942,0.0006491395,0.0000000019,0.0000000001,0.0000000006,0.0005906855,0.0010250257,0.0000000004,0.0000000006,0.0000000084,-0.0003211343,0.0013047311,0.0000000000,-0.0000000000,0.0000000000,0.0001522407,0.0007404071,0.0000000008,0.0000000000,0.0000000013,-0.0001678718,0.0002626575
2000-07,0.0000000098,0.0000000005,0.0038221487,0.0030805832,0.0032905720,0.0000000091,0.0000000005,0.0038339918,0.0031198462,0.0033499100,0.0000000082,0.0000000007,0.0038292303,0.0036900811,0.0039210269,0.0000000083,0.0000000007,0.0036429998,0.0036445493,0.0036790548,0.0000000114,0.0000000074,0.0035721679,0.0024387838,0.0033969415,-0.0000000000,-0.0000000000,0.0038339440,0.0031649839,0.0037180570,0.0000000107,0.0000000007,0.0037284158,0.0034595044,0.0035349002
2000-08,0.0000000023,0.0000000063,-0.0005380910,-0.0040149055,-0.0029387050,0.0000000022,0.0000000062,-0.0005279298,-0.0040559226,-0.0029563582,0.0000000028,0.0000000115,-0.0003439763,-0.0043647158,-0.0032780638,0.0000000029,0.0000000001,-0.0003023293,-0.0044541039,-0.0031855938,0.0000000001,0.0000000002,-0.0003133611,-0.0066890500,-0.0042090359,0.0000000000,0.0000000000,-0.0004607134,-0.0048655637,-0.0034046702,0.0000000026,0.0000000074,-0.0004947080,-0.0042459250,-0.0031904515
2000-09,-0.0000000020,-0.0000000055,0.0005237750,-0.0008643054,-0.0008944282,-0.0000000018,-0.0000000049,0.0005252213,-0.0009391574,-0.0009594247,-0.0000000011,-0.0000000042,0.0004963973,-0.0010105949,-0.0010276320,-0.0000000023,-0.0000000001,0.0005672027,-0.0012811773,-0.0014601599,-0.0000000015,-0.0000000005,0.0003414593,0.0017434717,0.0005449931,0.0000000000,0.0000000000,0.0004983727,-0.0008630473,-0.0010710090,-0.0000000018,-0.0000000001,0.0004852338,-0.0008900368,-0.0008981824
2000-10,0.0000000001,0.0000000009,0.0000000007,-0.0008188811,0.0003590774,0.0000000002,0.0000000012,0.0000000003,-0.0007138047,0.0004540444,0.0000000000,0.0000000012,0.0000000050,0.0009192877,0.0018820079,0.0000000001,0.0000000000,0.0000000002,0.0004457895,0.0013060129,0.0000000008,0.0000000003,0.0000000305,0.0017087416,0.0022085045,0.0000000000,0.0000000000,-0.0000000000,0.0005702771,0.0015131775,-0.0000000000,0.0000000002,0.0000000004,-0.0006945034,0.0004340917
2000-11,0.0000000014,0.0000000060,0.0000000003,-0.0000922855,-0.0000633404,0.0000000013,0.0000000059,0.0000000003,0.0000739763,0.0000523802,0.0000000007,0.0000000065,0.0000000003,0.0011174396,0.0006968855,0.0000000015,0.0000000001,0.0000000004,0.0017195725,0.0010232445,0.0000000012,0.0000000005,0.0000000014,0.0001100147,-0.0002214792,-0.0000000000,-0.0000000000,0.0000000000,0.0010138848,0.0005090559,0.0000000011,0.0000000074,0.0000000004,0.0002512430,0.0003009701
2000-12,0.0000000000,0.0000000017,0.0000000004,-0.0001725533,0.0007198331,0.0000000001,0.0000000020,0.0000000004,-0.0002996406,0.0006009086,-0.0000000000,0.0000000015,0.0000000004,-0.0003052744,0.0002294991,0.0000000002,0.0000000053,0.0000000008,-0.0012104276,-0.0004523594,-0.0000000495,-0.0000000010,-0.0000000033,-0.0006297471,0.0007174959,0.0000000000,0.0000000000,0.0000000000,-0.0004356009,0.0002581647,0.0000000003,0.0000000036,0.0000000006,0.0001319778,0.0009318532
2001-01,0.0000000004,0.0000000025,0.0000000004,0.0011110208,0.0015944244,0.0000000004,0.0000000025,0.0000000003,0.0011343078,0.0016148948,0.0000000002,0.0000000027,0.0000000003,0.0007480881,0.0012786846,0.0000000004,0.0000000026,0.0000000007,0.0014740101,0.0021844446,0.0000000091,0.0000000003,0.0000000001,-0.0021189269,-0.0003509203,-0.0000000000,-0.0000000000,0.0000000000,0.0007544549,0.0013624052,0.0000000002,0.0000000023,0.0000000002,0.0006263044,0.0011574528
2001-02,0.0000000002,0.0000000018,0.0000000005,-0.0003149587,-0.0001164135,0.0000000001,0.0000000018,0.0000000004,-0.0002715488,-0.0000880033,-0.0000000000,0.0000000005,0.0000000000,-0.0000084929,0.0002931337,0.0000000001,0.0000000017,0.0000000000,0.0001705183,0.0002997907,0.0000000003,0.0000000004,0.0000000001,-0.0005382690,-0.0011760958,-0.0000000000,-0.0000000000,0.0000000000,0.0000440167,0.0001138172,0.0000000002,0.0000000022,0.0000000003,0.0000013779,0.0002270275
2001-03,0.0000000001,0.0000000012,0.0000000001,-0.0013567530,-0.0010021053,0.0000000001,0.0000000013,0.0000000001,-0.0013668332,-0.0010261979,0.0000000001,0.0000000016,0.0000000001,-0.0015222701,-0.0013873021,0.0000000001,0.0000000014,0.0000000002,-0.0016839831,-0.0014022947,0.0000000018,0.0000000001,0.0000000006,0.0008118179,0.0007044129,-0.0000000000,-0.0000000000,0.0000000000,-0.0014200905,-0.0013385247,0.0000000001,0.0000000012,0.0000000001,-0.0014856795,-0.0011418200
2001-04,-0.0000000001,-0.0000000009,-0.0000000000,-0.0015529812,-0.0011745159,-0.0000000001,-0.0000000009,-0.0000000000,-0.0016246957,-0.0012227692,-0.0000000001,-0.0000000010,-0.0000000000,-0.0030948778,-0.0024828074,-0.0000000001,-0.0000000010,-0.0000000000,-0.0031513789,-0.0022461071,-0.0000000030,-0.0000000156,-0.0000000005,-0.0037312167,-0.0021722048,0.0000000000,0.0000000000,-0.0000000000,-0.0029901730,-0.0020834313,-0.0000000001,-0.0000000008,-0.0000000012,-0.0013329710,-0.0010313438
2001-05,-0.0000000001,-0.0000000012,-0.0000000016,0.0005438641,0.0006042295,-0.0000000001,-0.0000000012,-0.0000000015,0.0006193080,0.0006589762,-0.0000000000,-0.0000000010,-0.0000000011,0.0016865703,0.0015226945,-0.0000000001,-0.0000000008,-0.0000000010,0.0018483118,0.0016511320,-0.0000000031,-0.0000000001,-0.0000000001,-0.0002692100,0.0001085313,0.0000000000,0.0000000000,0.0000000000,0.0013660510,0.0011672861,-0.0000000001,-0.0000000014,-0.0000000013,0.0005578857,0.0006566024
2001-06,0.0000000002,0.0000000022,0.0000000001,0.0026581095,0.0021686248,0.0000000002,0.0000000022,0.0000000001,0.0026829731,0.0022077090,0.0000000001,0.0000000019,0.0000000000,0.0024421380,0.0024168228,0.0000000002,0.0000000021,0.0000000001,0.0032868098,0.0031105640,0.0000000011,0.0000000001,0.0000000001,0.0023430040,0.0013700568,-0.0000000000,-0.0000000000,0.0000000000,0.0024900702,0.0023401108,0.0000000001,0.0000000021,0.0000000001,0.0023638822,0.0020115958
2001-07,0.0000000001,0.0000000013,0.0000056550,0.0023514465,0.0014903279,0.0000000001,0.0000000010,0.0000100109,0.0023764770,0.0015150182,-0.0000000000,-0.0000000010,0.0001020168,0.0026316334,0.0016108907,-0.0000000000,-0.0000000000,0.0000509768,0.0025844167,0.0014264299,0.0000000083,0.0000000002,-0.0000862260,0.0018384558,0.0005388318,-0.0000000000,0.0000000000,0.0000455395,0.0023062366,0.0013211098,0.0000000001,0.0000000015,-0.0000167735,0.0024455892,0.0013870106
2001-08,-0.0000000002,-0.0000000023,-0.0000000000,0.0008418663,0.0008921477,-0.0000000001,-0.0000000022,-0.0000000000,0.0008755710,0.0009035815,-0.0000000001,-0.0000000022,-0.0000000000,0.0011236940,0.0012440367,-0.0000000001,-0.0000000019,-0.0000000000,0.0011912588,0.0012563270,0.0000000011,-0.0000000000,-0.0000000001,0.0006438104,0.0006135822,0.0000000000,-0.0000000000,0.0000000000,0.0012538767,0.0011611144,-0.0000000001,-0.0000000021,0.0000000000,0.0007644497,0.0008957204
2001-09,-0.0000000002,-0.0000000021,0.0000000000,0.0013268115,0.0013232080,-0.0000000002,-0.0000000021,0.0000000000,0.0012313202,0.0012884355,-0.0000000001,-0.0000000024,0.0000000000,-0.0001975453,0.0008901268,-0.0000000002,-0.0000000017,0.0000000000,0.0007984316,0.0011888900,-0.0000000008,-0.0000000000,0.0000000000,-0.0001468527,0.0007075367,-0.0000000000,-0.0000000000,0.0000000000,0.0003120247,0.0010136601,-0.0000000002,-0.0000000031,0.0000000000,0.0008802600,0.0010232652
2001-10,0.0000000002,0.0000000020,0.0000000003,-0.0043259430,-0.0037671132,0.0000000002,0.0000000019,0.0000000003,-0.0041201101,-0.0035845559,0.0000000000,0.0000000007,0.0000000001,-0.0029750104,-0.0026952200,0.0000000001,0.0000000010,0.0000000001,-0.0024087269,-0.0018188164,0.0000000001,-0.0000000000,0.0000000017,-0.0031028714,-0.0039076866,-0.0000000000,-0.0000000000,0.0000000000,-0.0032095877,-0.0028477379,0.0000000001,0.0000000019,0.0000000002,-0.0044160217,-0.0038187010
2001-11,-0.0000000002,-0.0000000017,-0.0000000000,-0.0004689777,-0.0000026865,-0.0000000001,-0.0000000018,-0.0000000000,-0.0003133345,0.0001261108,-0.0000000001,-0.0000000027,-0.0000000001,0.0025004811,0.0022411052,-0.0000000003,-0.0000000025,-0.0000000001,0.0019991054,0.0019765430,-0.0000000092,-0.0000000007,-0.0000000000,0.0002761826,0.0005002002,0.0000000000,0.0000000000,-0.0000000000,0.0015129627,0.0015206359,-0.0000000001,-0.0000000016,-0.0000000000,-0.0007174806,-0.0003080151
2001-12,0.0000000001,0.0000000016,0.0000000000,-0.0001589627,-0.0004265297,0.0000000001,0.0000000016,0.0000000000,-0.0000747414,-0.0003882939,0.0000000001,0.0000000014,0.0000000000,0.0004840818,-0.0002125550,0.0000000001,0.0000000015,0.0000000000,0.0005538822,-0.0000748928,0.0000000098,0.0000000004,0.0000000003,-0.0006905898,-0.0015767713,-0.0000000000,-0.0000000000,0.0000000000,0.0003669962,-0.0003131658,0.0000000001,0.0000000019,0.0000000000,-0.0002218693,-0.0004473160
2002-01,-0.0000000004,-0.0000000051,-0.0000000002,0.0006037566,0.0019636959,-0.0000000003,-0.0000000049,-0.0000000002,0.0005969142,0.0019336783,-0.0000000002,-0.0000000054,-0.0000000002,0.0005785496,0.0015866141,-0.0000000003,-0.0000000044,-0.0000000002,0.0006633340,0.0019136897,-0.0000000070,-0.0000000006,-0.0000000008,0.0011207810,0.0013920595,0.0000000000,0.0000000000,0.0000000000,0.0006045701,0.0017113221,-0.0000000004,-0.0000000064,-0.0000000002,0.0008270782,0.0020736829
2002-02,0.0000000001,0.0000000009,0.0000000000,0.0007582316,0.0007301881,0.0000000000,0.0000000008,0.0000000000,0.0007832600,0.0007637634,-0.0000000000,-0.0000000000,0.0000000000,0.0004978441,0.0005435772,-0.0000000000,-0.0000000000,-0.0000000000,0.0003973280,0.0005233529,0.0000000008,0.0000000001,0.0000000001,0.0009843507,0.0013588592,0.0000000000,0.0000000000,0.0000000000,0.0005645574,0.0005735539,0.0000000001,0.0000000013,0.0000000000,0.0004862317,0.0006382544
2002-03,0.0000000001,0.0000000014,0.0000000000,-0.0015607203,-0.0016076127,0.0000000001,0.0000000015,0.0000000000,-0.0015211257,-0.0015889427,0.0000000001,0.0000000023,0.0000000000,-0.0015555985,-0.0018023280,0.0000000002,0.0000000019,0.0000000000,-0.0014216786,-0.0015527221,0.0000000028,0.0000000005,0.0000000004,-0.0027221588,-0.0026636199,0.0000000000,0.0000000000,0.0000000000,-0.0015239207,-0.0016839181,0.0000000001,0.0000000015,0.0000000000,-0.0014835864,-0.0014526576
2002-04,0.0000000002,0.0000000021,0.0000000000,0.0014891691,0.0019360331,0.0000000002,0.0000000021,0.0000000000,0.0015576655,0.0019605308,0.0000000001,0.0000000018,0.0000000000,0.0019265114,0.0020644875,0.0000000002,0.0000000017,0.0000000000,0.0016610712,0.0019565313,0.0000000081,0.0000000012,0.0000000006,0.0025658098,0.0026783313,0.0000000000,-0.0000000000,0.0000000000,0.0020364886,0.0020635546,0.0000000001,0.0000000018,0.0000000000,0.0011550599,0.0015500144
2002-05,-0.0000000003,-0.0000000033,-0.0000000001,0.0005523753,0.0008640753,-0.0000000003,-0.0000000033,-0.0000000001,0.0006074667,0.0009214330,-0.0000000002,-0.0000000030,-0.0000000055,0.0011100226,0.0014818099,-0.0000000002,-0.0000000025,-0.0000000001,0.0011913202,0.0015286029,-0.0000000038,-0.0000000008,-0.0000000003,0.0000911365,0.0005988177,0.0000000000,-0.0000000000,0.0000000000,0.0010289429,0.0012837630,-0.0000000003,-0.0000000040,-0.0000000001,0.0005386340,0.0009387358
2002-06,0.0000000003,0.0000000030,0.0000000006,0.0015536090,-0.0004341509,0.0000000002,0.0000000030,0.0000000006,0.0015771321,-0.0004338233,0.0000000002,0.0000000027,0.0000000008,0.0015904497,-0.0005323465,0.0000000002,0.0000000023,0.0000000006,0.0013411178,-0.0007030454,0.0000000010,0.0000000002,0.0000000016,0.0028888268,-0.0004998844,0.0000000000,0.0000000000,0.0000000000,0.0015616373,-0.0005839930,0.0000000003,0.0000000038,0.0000000008,0.0015917803,-0.0006083547
2002-07,-0.0000000004,-0.0000000039,0.0000470332,-0.0013425698,0.0003714941,-0.0000000004,-0.0000000039,0.0000501020,-0.0013275451,0.0003788641,-0.0000000003,-0.0000000049,0.0000403671,-0.0002483892,0.0011035793,-0.0000000004,-0.0000000042,0.0000443313,-0.0000058305,0.0010370683,-0.0000000057,-0.0000000007,0.0000728406,-0.0012761272,0.0008443571,0.0000000000,0.0000000000,0.0000462885,-0.0005354035,0.0008858587,-0.0000000004,-0.0000000048,0.0000460699,-0.0012486855,0.0005867480
2002-08,-0.0000000003,-0.0000000027,-0.0000000002,-0.0001065007,0.0004965178,-0.0000000003,-0.0000000026,-0.0000000002,-0.0001692887,0.0004398327,-0.0000000001,-0.0000000013,-0.0000000000,-0.0010308906,-0.0002329491,-0.0000000001,-0.0000000011,-0.0000000001,-0.0002419411,0.0004765266,0.0000000006,0.0000000001,0.0000000013,-0.0021248519,-0.0005683718,0.0000000000,0.0000000000,0.0000000000,-0.0008859833,-0.0001066399,-0.0000000003,-0.0000000039,-0.0000000003,-0.0003886176,0.0004599017
2002-09,-0.0000000003,-0.0000000037,-0.0000000002,0.0037465769,0.0016486012,-0.0000000003,-0.0000000035,-0.0000000001,0.0037447759,0.0016417496,-0.0000000002,-0.0000000031,-0.0000000001,0.0034903199,0.0015125244,-0.0000000002,-0.0000000027,-0.0000000001,0.0035380526,0.0014305354,-0.0000000034,-0.0000000004,-0.0000000002,0.0020935966,-0.0002396462,0.0000000000,0.0000000000,0.0000000000,0.0037812062,0.0015569198,-0.0000000004,-0.0000000068,-0.0000000002,0.0035274606,0.0011565691
2002-10,-0.0000000004,-0.0000000052,-0.0000000011,0.0008130912,0.0006771418,-0.0000000004,-0.0000000053,-0.0000000011,0.0006892214,0.0005914521,-0.0000000005,-0.0000000080,-0.0000000013,-0.0007833743,-0.0004921443,-0.0000000006,-0.0000000072,-0.0000000016,0.0000128543,-0.0002777022,-0.0000000143,-0.0000000018,-0.0000000038,-0.0005066719,0.0016037643,0.0000000000,0.0000000000,-0.0000000000,-0.0007055007,-0.0002964413,-0.0000000005,-0.0000000076,-0.0000000009,0.0017119232,0.0014881325
2002-11,0.0000000003,0.0000000044,0.0000000001,-0.0000689066,-0.0011600096,0.0000000003,0.0000000045,0.0000000001,-0.0000482225,-0.0010980538,0.0000000004,0.0000000081,0.0000000002,0.0005677476,-0.0003008192,0.0000000004,0.0000000061,0.0000000001,-0.0002163426,-0.0007640687,0.0000000066,0.0000000010,0.0000000004,0.0014561763,-0.0003759074,-0.0000000000,-0.0000000000,0.0000000000,0.0002951444,-0.0005143252,0.0000000004,0.0000000058,0.0000000001,0.0005000456,-0.0006525326
2002-12,-0.0000000002,-0.0000000026,-0.0000000002,-0.0021634353,-0.0009320901,-0.0000000001,-0.0000000025,-0.0000000002,-0.0021298863,-0.0009156212,-0.0000000002,-0.0000000034,-0.0000000002,-0.0019923862,-0.0010352248,-0.0000000003,-0.0000000054,-0.0000000004,-0.0013457931,-0.0002578615,0.0000000013,0.0000000003,0.0000000004,-0.0014912216,-0.0011044431,-0.0000000000,-0.0000000000,0.0000000000,-0.0018206255,-0.0009333539,-0.0000000001,-0.0000000034,-0.0000000002,-0.0023933640,-0.0011479286
2003-01,-0.0000000002,-0.0000000031,-0.0000000001,-0.0007456387,-0.0010615571,-0.0000000002,-0.0000000032,-0.0000000001,-0.0006620034,-0.0010047360,-0.0000000002,-0.0000000049,-0.0000000001,0.0001974327,-0.0004079904,-0.0000000002,-0.0000000044,-0.0000000001,0.0006643677,-0.0000538951,-0.0000000138,-0.0000000026,-0.0000000020,0.0007381820,-0.0001937052,0.0000000000,0.0000000000,-0.0000000000,0.0000284519,-0.0005301985,-0.0000000002,-0.0000000042,-0.0000000001,-0.0004700805,-0.0008444477
2003-02,-0.0000000002,-0.0000000042,-0.0000000002,-0.0022017355,-0.0013828410,-0.0000000002,-0.0000000041,-0.0000000002,-0.0021645115,-0.0013772454,-0.0000000002,-0.0000000044,-0.0000000002,-0.0018699984,-0.0015596259,-0.0000000004,-0.0000000075,-0.0000000003,-0.0017685828,-0.0013775611,0.0000000062,0.0000000012,0.0000000007,-0.0038788721,-0.0029542791,0.0000000000,0.0000000000,-0.0000000000,-0.0019450787,-0.0015095545,-0.0000000003,-0.0000000045,-0.0000000002,-0.0020177855,-0.0011597223
2003-03,-0.0000000006,-0.0000000113,-0.0000000003,0.0005411266,-0.0017682847,-0.0000000006,-0.0000000111,-0.0000000003,0.0005494672,-0.0017600278,-0.0000000005,-0.0000000128,-0.0000000003,0.0015371252,-0.0006343688,-0.0000000008,-0.0000000150,-0.0000000003,0.0013635898,-0.0009934963,-0.0000000158,-0.0000000032,-0.0000000014,0.0020932673,-0.0010039277,0.0000000000,0.0000000000,-0.0000000000,0.0011175628,-0.0011114265,-0.0000000012,-0.0000000002,-0.0000000005,0.0008689551,-0.0015440646
2003-04,-0.0000000005,-0.0000000001,-0.0000000010,0.0021328083,0.0018137107,-0.0000000005,-0.0000000001,-0.0000000009,0.0020747121,0.0017618030,0.0000000001,0.0000000000,0.0000000002,0.0017682451,0.0016631872,-0.0000000000,-0.0000000000,0.0000000000,0.0011312176,0.0010913772,-0.0000000033,-0.0000000007,-0.0000000016,0.0025506341,0.0024641562,0.0000000000,0.0000000000,-0.0000000000,0.0016452428,0.0015588504,-0.0000000007,-0.0000000002,-0.0000000012,0.0019206321,0.0016021269
2003-05,0.0000000004,0.0000000001,0.0000000005,-0.0033071355,-0.0014746560,0.0000000004,0.0000000001,0.0000000000,-0.0032711192,-0.0014380011,0.0000000002,0.0000000001,0.0000000000,-0.0031939686,-0.0013611942,0.0000000002,0.0000000001,0.0000000005,-0.0030012864,-0.0009360773,-0.0000000054,-0.0000000013,-0.0000000000,-0.0026693895,-0.0006346021,-0.0000000000,-0.0000000000,0.0000000000,-0.0030423503,-0.0012405128,0.0000000006,0.0000000002,0.0000000006,-0.0029203667,-0.0010901040
2003-06,-0.0000000005,-0.0000000002,-0.0000000004,0.0008721986,0.0016798028,-0.0000000005,-0.0000000002,-0.0000000004,0.0008196743,0.0016318252,-0.0000000004,-0.0000000123,-0.0000000003,-0.0002285555,0.0007469430,-0.0000000006,-0.0000000002,-0.0000000003,-0.0000763271,0.0010120499,-0.0000000366,-0.0000000082,-0.0000000035,0.0004268884,0.0008789819,0.0000000000,0.0000000000,0.0000000000,0.0001835768,0.0011107230,-0.0000000011,-0.0000000003,-0.0000000006,0.0008942627,0.0016706972
2003-07,0.0000000005,0.0000000001,0.0000000002,0.0033432686,0.0024392490,0.0000000005,0.0000000001,0.0000000002,0.0034035241,0.0024828755,0.0000000005,0.0000000126,0.0000000001,0.0035370621,0.0024975910,0.0000000009,0.0000000003,0.0000000020,0.0037757038,0.0028489898,0.0000000344,0.0000000072,0.0000000069,0.0011087203,0.0016084939,-0.0000000000,-0.0000000000,0.0000000000,0.0035601691,0.0026277044,0.0000000008,0.0000000002,0.0000000002,0.0037334258,0.0027574666
2003-08,-0.0000000001,-0.0000000035,-0.0000000001,-0.0009292282,-0.0011569322,-0.0000000001,-0.0000000036,-0.0000000001,-0.0008881067,-0.0011189297,-0.0000000001,-0.0000000033,-0.0000000001,-0.0011247125,-0.0010182953,-0.0000000003,-0.0000000001,-0.0000000001,-0.0010896639,-0.0008256303,-0.0000000060,-0.0000000012,-0.0000000004,-0.0012845240,-0.0014880750,0.0000000000,0.0000000000,0.0000000000,-0.0009320131,-0.0009372583,-0.0000000003,-0.0000000001,-0.0000000002,-0.0009106070,-0.0011252912
2003-09,0.0000000003,0.0000000079,0.0000000002,-0.0012698735,-0.0008222167,0.0000000003,0.0000000076,0.0000000002,-0.0012434790,-0.0007787689,0.0000000001,0.0000000044,0.0000000001,-0.0008531279,-0.0004494033,0.0000000002,0.0000000001,0.0000000001,-0.0009485032,-0.0005876188,0.0000000060,0.0000000016,0.0000000005,-0.0005563155,-0.0003596791,-0.0000000000,-0.0000000000,-0.0000000000,-0.0010087067,-0.0005806692,0.0000000005,0.0000000001,0.0000000002,-0.0011787055,-0.0008571820
2003-10,-0.0000000003,-0.0000000132,-0.0000000003,0.0015403552,0.0015645323,-0.0000000003,-0.0000000131,-0.0000000003,0.0015387700,0.0015585364,-0.0000000002,-0.0000000091,-0.0000000002,0.0015024190,0.0016218960,-0.0000000006,-0.0000000002,-0.0000000003,0.0013907740,0.0017470636,-0.0000000192,-0.0000000048,-0.0000000016,0.0017499192,0.0018810353,0.0000000000,0.0000000000,0.0000000000,0.0014191397,0.0015451270,-0.0000000008,-0.0000000002,-0.0000000004,0.0017013750,0.0016156162
2003-11,-0.0000000000,-0.0000000000,-0.0000000000,0.0004421017,0.0011755033,0.0000000000,-0.0000000000,-0.0000000000,0.0004298331,0.0011537225,-0.0000000000,-0.0000000018,-0.0000000000,0.0000212752,0.0007614567,-0.0000000000,-0.0000000000,-0.0000000000,0.0000980719,0.0009431928,0.0000000104,0.0000000028,0.0000000008,0.0008547156,0.0015321646,0.0000000000,0.0000000000,0.0000000000,0.0002615271,0.0009675964,-0.0000000001,-0.0000000000,-0.0000000000,0.0005486165,0.0011423825
2003-12,0.0000000002,0.0000000001,0.0000000001,-0.0023866484,-0.0020076932,0.0000000002,0.0000000001,0.0000000001,-0.0023392602,-0.0019697989,0.0000000003,0.0000000133,0.0000000002,-0.0022737016,-0.0019683936,0.0000000004,0.0000000002,0.0000000002,-0.0023696021,-0.0019011911,0.0000000010,0.0000000002,0.0000000000,-0.0013646423,-0.0015163376,-0.0000000000,-0.0000000000,0.0000000000,-0.0022448402,-0.0018600780,0.0000000004,0.0000000001,0.0000000002,-0.0023204066,-0.0019962847
2004-01,0.0000000006,0.0000000002,0.0000000004,-0.0008163569,-0.0009020690,0.0000000006,0.0000000002,0.0000000004,-0.0007563607,-0.0008253551,0.0000000004,0.0000000147,0.0000000003,0.0000919513,0.0000109382,0.0000000009,0.0000000004,0.0000000004,0.0005134387,-0.0000058603,-0.0000000039,-0.0000000010,-0.0000000003,-0.0001697437,-0.0010548531,-0.0000000000,-0.0000000000,0.0000000000,-0.0000411440,-0.0002367122,0.0000000008,0.0000000175,0.0000000004,-0.0004935778,-0.0005737749
2004-02,0.0000000000,0.0000000000,-0.0000000000,-0.0004843675,-0.0007555865,0.0000000000,0.0000000003,-0.0000000000,-0.0004637874,-0.0007149852,-0.0000000000,-0.0000000004,-0.0000000000,-0.0000804619,-0.0002331854,-0.0000000001,-0.0000000000,-0.0000000001,-0.0002895367,-0.0004652041,0.0000000047,0.0000000012,0.0000000003,0.0001096645,-0.0001783086,-0.0000000000,-0.0000000000,0.0000000000,-0.0003506943,-0.0004974754,0.0000000001,0.0000000026,0.0000000000,-0.0002492237,-0.0004073563
2004-03,-0.0000000008,-0.0000000215,-0.0000000004,0.0008664441,0.0001421496,-0.0000000008,-0.0000000199,-0.0000000004,0.0008228208,0.0000886368,-0.0000000005,-0.0000000168,-0.0000000002,0.0005169065,-0.0001055243,-0.0000000012,-0.0000000003,-0.0000000004,0.0001973048,-0.0002676227,-0.0000000036,-0.0000000009,-0.0000000003,-0.0000560996,-0.0005601433,0.0000000000,0.0000000000,-0.0000000000,0.0006478554,-0.0000787163,-0.0000000006,-0.0000000159,-0.0000000003,0.0008576579,0.0000227624
2004-04,0.0000000001,0.0000000000,0.0000000000,-0.0000341753,-0.0001469674,0.0000000001,0.0000000000,0.0000000000,-0.0000564767,-0.0001713568,-0.0000000000,-0.0000000009,-0.0000000000,-0.0001818532,-0.0001045682,0.0000000000,0.0000000000,0.0000000000,0.0000658916,-0.0002614622,0.0000000053,0.0000000015,0.0000000005,-0.0003022847,-0.0001171924,0.0000000000,0.0000000000,-0.0000000000,-0.0001183394,-0.0002350941,0.0000000001,0.0000000017,0.0000000000,0.0000277634,-0.0001838983
2004-05,-0.0000000005,-0.0000000001,-0.0000000000,0.0008835109,-0.0004574382,-0.0000000005,-0.0000000115,-0.0000000006,0.0009191914,-0.0004497807,-0.0000000002,-0.0000000068,-0.0000000000,0.0009571174,-0.0002388976,-0.0000000006,-0.0000000002,-0.0000000002,0.0013744323,0.0002460601,-0.0000000148,-0.0000000039,-0.0000000001,0.0009507348,-0.0003114705,0.0000000000,0.0000000000,-0.0000000000,0.0009334035,-0.0002897308,-0.0000000004,-0.0000000089,-0.0000000009,0.0008522330,-0.0004711622
2004-06,0.0000000012,0.0000000003,0.0000000005,-0.0012789258,-0.0004579931,0.0000000011,0.0000000003,0.0000000005,-0.0013276103,-0.0004559385,0.0000000006,0.0000000208,0.0000000003,-0.0012167277,-0.0007014420,0.0000000011,0.0000000003,0.0000000004,-0.0010932315,-0.0004812512,0.0000000102,0.0000000027,0.0000000008,0.0001390924,0.0004866557,-0.0000000000,-0.0000000000,0.0000000000,-0.0012770183,-0.0005675776,0.0000000011,0.0000000258,0.0000000005,-0.0012949590,-0.0005304861
2004-07,-0.0000000001,-0.0000000001,0.0000052097,-0.0020331684,-0.0021803767,-0.0000000001,-0.0000000001,0.0000050666,-0.0020913767,-0.0022286664,-0.0000000001,-0.0000000001,0.0000043028,-0.0028305962,-0.0027040618,-0.0000000002,-0.0000000001,0.0000042849,-0.0030361302,-0.0025982350,-0.0000000191,-0.0000000058,0.0000070933,-0.0024807297,-0.0026965140,-0.0000000000,-0.0000000000,0.0000043353,-0.0024397840,-0.0024515332,-0.0000000003,-0.0000000094,0.0000038531,-0.0021169410,-0.0021196756
2004-08,0.0000000000,0.0000000001,-0.0000000000,0.0008362195,0.0011276207,0.0000000000,0.0000000003,0.0000000000,0.0008034244,0.0010627056,0.0000000000,0.0000000005,0.0000000000,0.0007037517,0.0006253014,0.0000000000,0.0000000000,0.0000000000,0.0003888578,0.0005252493,0.0000000057,0.0000000014,0.0000000004,0.0011424012,0.0011648110,-0.0000000000,-0.0000000000,0.0000000000,0.0008359663,0.0008865844,0.0000000001,0.0000000012,0.0000000000,0.0008623119,0.0010000348
2004-09,-0.0000000006,-0.0000000173,-0.0000000003,-0.0017978642,-0.0020515862,-0.0000000006,-0.0000000154,-0.0000000003,-0.0017608891,-0.0020017646,-0.0000000003,-0.0000000129,-0.0000000002,-0.0024991566,-0.0024791130,-0.0000000009,-0.0000000002,-0.0000000003,-0.0021701818,-0.0019604861,-0.0000000136,-0.0000000035,-0.0000000014,-0.0021380646,-0.0021533343,0.0000000000,0.0000000000,-0.0000000000,-0.0021326847,-0.0021993747,-0.0000000009,-0.0000000160,-0.0000000003,-0.0018912392,-0.0020030459
2004-10,-0.0000000003,-0.0000000001,-0.0000000002,-0.0019003304,-0.0014730839,-0.0000000003,-0.0000000001,-0.0000000002,-0.0018657100,-0.0014760345,-0.0000000003,-0.0000000111,-0.0000000003,-0.0008830091,-0.0006032119,-0.0000000003,-0.0000000001,-0.0000000002,-0.0008034267,-0.0004395657,0.0000000026,0.0000000005,0.0000000005,-0.0007203611,-0.0001531274,0.0000000000,-0.0000000000,0.0000000000,-0.0015518383,-0.0011593009,-0.0000000004,-0.0000000091,-0.0000000003,-0.0017651066,-0.0014853935
2004-11,0.0000000007,0.0000000003,0.0000000003,-0.0017261812,-0.0002033144,0.0000000007,0.0000000002,0.0000000004,-0.0017330961,-0.0001695980,0.0000000003,0.0000000138,0.0000000002,-0.0020204327,-0.0005331626,0.0000000005,0.0000000002,0.0000000003,-0.0021297875,-0.0006107500,0.0000000114,0.0000000030,0.0000000005,-0.0003283433,0.0007435473,-0.0000000000,-0.0000000000,0.0000000000,-0.0017734141,-0.0003021578,0.0000000007,0.0000000165,0.0000000001,-0.0016791557,-0.0001204346
2004-12,0.0000000003,0.0000000107,0.0000000004,0.0025314688,0.0024947492,0.0000000003,0.0000000103,0.0000000005,0.0025193566,0.0024754377,0.0000000001,0.0000000049,0.0000000004,0.0025967720,0.0024942565,0.0000000005,0.0000000002,0.0000000008,0.0021483508,0.0022688226,0.0000000018,0.0000000005,0.0000000000,0.0031086144,0.0025725281,-0.0000000000,-0.0000000000,0.0000000000,0.0026375500,0.0024147116,0.0000000002,0.0000000058,0.0000000004,0.0022963522,0.0020959345
2005-01,-0.0000000002,-0.0000000063,-0.0000000002,-0.0027818188,-0.0023281033,-0.0000000002,-0.0000000056,-0.0000000002,-0.0027241061,-0.0022578250,-0.0000000001,-0.0000000056,-0.0000000004,-0.0021679236,-0.0016900241,-0.0000000003,-0.0000000104,-0.0000000008,-0.0023616413,-0.0020020219,0.0000000008,0.0000000002,0.0000000004,-0.0020570181,-0.0017596294,0.0000000000,0.0000000000,0.0000000000,-0.0023247302,-0.0019035291,-0.0000000002,-0.0000000039,-0.0000000003,-0.0027440932,-0.0021768196
2005-02,-0.0000000001,-0.0000000048,-0.0000000001,-0.0041241101,-0.0037734447,-0.0000000001,-0.0000000040,-0.0000000001,-0.0041649596,-0.0038236013,-0.0000000002,-0.0000000061,-0.0000000001,-0.0057554094,-0.0055751137,-0.0000000003,-0.0000000110,-0.0000000002,-0.0052757898,-0.0048978374,-0.0000000088,-0.0000000024,-0.0000000010,-0.0030747392,-0.0031602869,-0.0000000000,0.0000000000,0.0000000000,-0.0045637875,-0.0043557264,-0.0000000001,-0.0000000020,-0.0000000001,-0.0038349433,-0.0035594851
2005-03,0.0000000002,0.0000000087,0.0000000001,-0.0002830685,0.0001572069,0.0000000002,0.0000000073,0.0000000001,-0.0002561344,0.0001795687,0.0000000000,0.0000000003,0.0000000000,0.0001915885,0.0003845194,-0.0000000001,-0.0000000030,-0.0000000000,-0.0003587810,-0.0001827965,0.0000000096,0.0000000021,0.0000000009,0.0001002492,0.0004472307,-0.0000000000,0.0000000000,0.0000000000,-0.0002379754,0.0000825980,0.0000000001,0.0000000019,0.0000000000,0.0001647802,0.0004349632
2005-04,-0.0000000000,-0.0000000010,0.0000000001,0.0012254644,0.0012235504,-0.0000000000,-0.0000000010,0.0000000000,0.0011632611,0.0011501605,0.0000000000,0.0000000002,0.0000000001,0.0002211157,0.0002594462,0.0000000000,0.0000000004,0.0000000001,-0.0005194940,-0.0007813602,-0.0000000058,-0.0000000013,-0.0000000009,0.0020131026,0.0016588926,-0.0000000000,0.0000000000,-0.0000000000,0.0009440466,0.0008358061,-0.0000000001,-0.0000000021,-0.0000000000,0.0008486906,0.0008323145
2005-05,-0.0000000013,-0.0000000330,-0.0000000007,0.0000453766,-0.0000937615,-0.0000000012,-0.0000000289,-0.0000000006,0.0000520362,-0.0000764346,-0.0000000006,-0.0000000190,-0.0000000003,-0.0000011783,0.0002992027,-0.0000000011,-0.0000000003,-0.0000000006,0.0000795792,0.0005939782,-0.0000000350,-0.0000000075,-0.0000000029,0.0005148035,0.0006426105,0.0000000000,-0.0000000000,-0.0000000000,-0.0000777178,0.0000916699,-0.0000000011,-0.0000000192,-0.0000000006,-0.0005995948,-0.0004295567
2005-06,-0.0000000009,-0.0000000133,-0.0000000003,-0.0027980598,-0.0029967213,-0.0000000008,-0.0000000117,-0.0000000002,-0.0027745983,-0.0029518686,-0.0000000002,-0.0000000041,-0.0000000001,-0.0024440674,-0.0025685112,0.0000000001,0.0000000025,0.0000000001,-0.0019795003,-0.0023379549,-0.0000000208,-0.0000000047,-0.0000000020,-0.0028503138,-0.0034462153,-0.0000000000,0.0000000000,0.0000000000,-0.0027763978,-0.0029385893,-0.0000000003,-0.0000000059,-0.0000000001,-0.0026653144,-0.0027643223
2005-07,0.0000000018,0.0000000331,0.0000583604,-0.0004320594,-0.0005797549,0.0000000017,0.0000000292,0.0000567879,-0.0003652225,-0.0005013216,0.0000000007,0.0000000183,0.0000758400,-0.0006341254,-0.0006543262,0.0000000009,0.0000000002,0.0000848046,-0.0003556465,-0.0002649566,0.0000000346,0.0000000086,0.0000418599,-0.0012887401,-0.0003865186,-0.0000000000,0.0000000000,0.0000719797,-0.0005101621,-0.0004923553,0.0000000013,0.0000000247,0.0000601587,-0.0002545021,-0.0004098832
2005-08,-0.0000000006,-0.0000000072,-0.0000000002,-0.0030141943,-0.0023079420,-0.0000000006,-0.0000000069,-0.0000000002,-0.0030065399,-0.0022930123,-0.0000000004,-0.0000000044,-0.0000000002,-0.0041894233,-0.0033567557,-0.0000000005,-0.0000000087,-0.0000000003,-0.0040424506,-0.0030573004,-0.0000000094,-0.0000000019,-0.0000000011,-0.0035005105,-0.0032060322,0.0000000000,0.0000000000,-0.0000000000,-0.0033117405,-0.0025483154,-0.0000000005,-0.0000000070,-0.0000000002,-0.0027484625,-0.0020654998
2005-09,-0.0000000002,-0.0000000025,-0.0000000007,-0.0028371009,-0.0028891567,-0.0000000002,-0.0000000024,-0.0000000007,-0.0027972942,-0.0028231965,-0.0000000001,-0.0000000004,-0.0000000002,-0.0037118551,-0.0031629628,-0.0000000002,-0.0000000031,-0.0000000004,-0.0032951550,-0.0027347800,0.0000000171,0.0000000036,0.0000000004,-0.0035773978,-0.0033653417,-0.0000000000,0.0000000000,0.0000000000,-0.0029965779,-0.0027737613,-0.0000000001,-0.0000000007,-0.0000000000,-0.0027504775,-0.0027502050
2005-10,0.0000000009,0.0000000080,0.0000000002,0.0012067980,0.0024882083,0.0000000008,0.0000000078,0.0000000002,0.0012605748,0.0025272135,0.0000000018,0.0000000076,0.0000000002,0.0034651654,0.0039754145,0.0000000006,0.0000000069,0.0000000002,0.0026333033,0.0027368074,0.0000000084,0.0000000019,0.0000000006,0.0004541091,0.0024769458,-0.0000000000,0.0000000000,0.0000000000,0.0020688558,0.0031106923,0.0000000011,0.0000000083,0.0000000001,0.0015716386,0.0025050208
2005-11,-0.0000000024,-0.0000000067,-0.0000000003,0.0027605256,0.0021800201,-0.0000000021,-0.0000000067,-0.0000000004,0.0027274542,0.0021608767,-0.0000000060,-0.0000000114,-0.0000000008,0.0025962364,0.0017680947,-0.0000000034,-0.0000000100,-0.0000000006,0.0031413805,0.0024253772,-0.0000000137,-0.0000000034,-0.0000000062,0.0009401972,0.0013520619,0.0000000000,0.0000000000,-0.0000000000,0.0020274025,0.0015878502,-0.0000000012,-0.0000000104,-0.0000000005,0.0029840339,0.0022814150
2005-12,-0.0000000030,-0.0000000047,-0.0000000005,0.0006146013,0.0011806975,-0.0000000027,-0.0000000047,-0.0000000004,0.0006015412,0.0011690082,-0.0000000036,-0.0000000052,-0.0000000004,0.0000293864,0.0006231172,-0.0000000020,-0.0000000057,-0.0000000004,0.0003140173,0.0010428663,-0.0000000050,-0.0000000011,-0.0000000008,0.0000231828,0.0004143739,-0.0000000000,0.0000000000,0.0000000000,0.0005941569,0.0009763751,-0.0000000010,-0.0000000070,-0.0000000004,0.0005153403,0.0011484768
2006-01,0.0000000034,0.0000000040,0.0000000003,-0.0002201390,-0.0003699070,0.0000000031,0.0000000040,0.0000000003,-0.0002274228,-0.0003838883,0.0000000038,0.0000000047,0.0000000003,-0.0021294549,-0.0023778508,0.0000000028,0.0000000063,0.0000000004,-0.0010295674,-0.0011932623,0.0000000063,0.0000000016,0.0000000005,-0.0006429197,-0.0010161827,0.0000000000,0.0000000000,-0.0000000000,-0.0006956354,-0.0009697809,0.0000000014,0.0000000080,0.0000000004,0.0011374603,0.0006486457
2006-02,0.0000000040,0.0000000033,0.0000000013,0.0023108620,0.0022532970,0.0000000037,0.0000000032,0.0000000013,0.0023075069,0.0022460139,0.0000000023,0.0000000025,0.0000000006,0.0028763924,0.0028910512,0.0000000013,0.0000000023,0.0000000007,0.0025671357,0.0023809403,0.0000000110,0.0000000021,0.0000000019,0.0034878594,0.0035671300,-0.0000000000,-0.0000000000,-0.0000000000,0.0024214983,0.0024267642,0.0000000010,0.0000000044,0.0000000009,0.0021045405,0.0020035444
2006-03,-0.0000000003,-0.0000000004,-0.0000000000,0.0010762607,0.0009717445,-0.0000000003,-0.0000000004,-0.0000000000,0.0010746516,0.0009751825,-0.0000000002,-0.0000000002,-0.0000000000,0.0014248311,0.0013350546,-0.0000000001,-0.0000000003,-0.0000000000,0.0014409721,0.0017428548,-0.0000000135,-0.0000000026,-0.0000000007,0.0016427784,0.0013086012,0.0000000000,-0.0000000000,-0.0000000000,0.0015214693,0.0013300663,0.0000000001,0.0000000004,-0.0000000000,0.0015072324,0.0013196663
2006-04,0.0000000109,0.0000000062,0.0000000002,0.0004320137,0.0002923989,0.0000000102,0.0000000061,0.0000000002,0.0004232782,0.0003040949,0.0000000076,0.0000000050,0.0000000002,0.0000123793,0.0002293326,0.0000000042,0.0000000053,0.0000000002,0.0005653070,0.0006791555,0.0000000094,0.0000000013,0.0000000006,-0.0027299906,-0.0022379911,0.0000000000,0.0000000000,0.0000000000,-0.0003133794,-0.0002175258,0.0000000034,0.0000000089,0.0000000002,0.0001982625,0.0001722935
2006-05,0.0000000015,0.0000000009,-0.0000000000,-0.0004188777,-0.0010383505,0.0000000014,0.0000000008,-0.0000000000,-0.0004567850,-0.0010464100,0.0000000024,0.0000000014,0.0000000000,-0.0005515897,-0.0007289812,0.0000000020,0.0000000013,0.0000000000,0.0005071390,0.0000696427,-0.0000000009,-0.0000000001,-0.0000000000,-0.0009466014,-0.0011918731,-0.0000000000,0.0000000000,0.0000000000,-0.0003050185,-0.0010055082,0.0000000005,0.0000000015,-0.0000000000,-0.0013169451,-0.0016972923
2006-06,-0.0000000084,-0.0000000043,-0.0000000007,-0.0016021017,-0.0011537552,-0.0000000080,-0.0000000042,-0.0000000005,-0.0016155492,-0.0011722881,-0.0000000075,-0.0000000036,-0.0000000010,-0.0017921834,-0.0013270028,-0.0000000047,-0.0000000034,-0.0000000006,-0.0013720950,-0.0009243701,-0.0000000176,-0.0000000021,-0.0000000040,-0.0029869207,-0.0020777154,0.0000000000,0.0000000000,0.0000000000,-0.0022591792,-0.0015431916,-0.0000000015,-0.0000000048,-0.0000000005,-0.0018661595,-0.0013490409
2006-07,0.0000000086,0.0000000057,0.0000000000,-0.0046320666,-0.0026270320,0.0000000079,0.0000000054,0.0000000000,-0.0046410286,-0.0026479634,0.0000000110,0.0000000064,0.0000000001,-0.0060483279,-0.0042545290,0.0000000083,0.0000000078,0.0000000001,-0.0036658585,-0.0019822409,-0.0000000014,-0.0000000003,-0.0000000085,-0.0025518077,-0.0024716480,-0.0000000000,-0.0000000000,-0.0000000000,-0.0040798419,-0.0029928274,0.0000000020,0.0000000086,-0.0000000001,-0.0045717558,-0.0028464440
2006-08,-0.0000000066,-0.0000000057,-0.0000000168,0.0011413636,0.0012080541,-0.0000000062,-0.0000000055,-0.0000000165,0.0011241927,0.0011937291,-0.0000000061,-0.0000000050,-0.0000000152,0.0000774107,0.0004242299,-0.0000000035,-0.0000000056,-0.0000000152,-0.0001495610,0.0006085849,-0.0000000074,-0.0000000018,-0.0000000004,0.0035585665,0.0030758237,0.0000000000,-0.0000000000,-0.0000000000,0.0011353403,0.0011567736,-0.0000000016,-0.0000000070,-0.0000000002,0.0015961942,0.0016256492
2006-09,0.0000000015,0.0000000013,0.0000000002,0.0009747752,-0.0001856959,0.0000000013,0.0000000012,0.0000000002,0.0009804771,-0.0001823075,0.0000000005,0.0000000004,0.0000000001,0.0025625508,0.0014577895,-0.0000000001,-0.0000000001,0.0000000000,0.0017849384,0.0001516071,0.0000000037,0.0000000009,0.0000000006,0.0003708277,0.0000702479,-0.0000000000,0.0000000000,-0.0000000000,0.0008536574,0.0002722984,0.0000000005,0.0000000022,0.0000000003,0.0008030488,-0.0002609093
2006-10,0.0000000067,0.0000000058,0.0000000002,-0.0014519991,-0.0009334319,0.0000000062,0.0000000057,0.0000000002,-0.0014851833,-0.0009667172,0.0000000064,0.0000000048,0.0000000002,-0.0010167006,-0.0006416882,0.0000000037,0.0000000052,0.0000000002,-0.0011299243,-0.0006916568,0.0000000123,0.0000000031,0.0000000007,-0.0012280813,-0.0013752285,0.0000000000,-0.0000000000,-0.0000000000,-0.0014055198,-0.0009057208,0.0000000016,0.0000000065,0.0000000002,-0.0018535834,-0.0010599189
2006-11,-0.0000000034,-0.0000000033,-0.0000000004,-0.0009830760,-0.0004844460,-0.0000000032,-0.0000000033,-0.0000000005,-0.0010025905,-0.0005025180,-0.0000000049,-0.0000000041,-0.0000000005,-0.0014983257,-0.0009318706,-0.0000000035,-0.0000000047,-0.0000000005,-0.0017179284,-0.0009814909,-0.0000000178,-0.0000000046,-0.0000000044,0.0002975111,0.0000478684,0.0000000000,-0.0000000000,-0.0000000000,-0.0007769307,-0.0006116359,-0.0000000010,-0.0000000038,-0.0000000005,-0.0011213056,-0.0006966232
2006-12,0.0000000015,0.0000000014,0.0000000001,0.0003131002,0.0006562856,0.0000000015,0.0000000015,0.0000000001,0.0003475569,0.0006713835,0.0000000015,0.0000000012,0.0000000002,0.0013326604,0.0014235503,0.0000000016,0.0000000021,0.0000000001,0.0008805742,0.0009504877,0.0000000015,0.0000000005,0.0000000020,0.0002323602,0.0004641141,0.0000000000,0.0000000000,0.0000000000,0.0008075978,0.0011097800,0.0000000005,0.0000000018,0.0000000001,0.0002723706,0.0005970118
2007-01,-0.0000000086,-0.0000000073,-0.0000000007,0.0007372590,0.0011177066,-0.0000000081,-0.0000000074,-0.0000000007,0.0007766058,0.0011487207,-0.0000000099,-0.0000000070,-0.0000000007,0.0026969500,0.0029129946,-0.0000000075,-0.0000000099,-0.0000000008,0.0023394112,0.0024789626,-0.0000000232,-0.0000000057,-0.0000000045,0.0013736583,0.0012412922,0.0000000000,-0.0000000000,-0.0000000000,0.0021580734,0.0023360368,-0.0000000032,-0.0000000089,-0.0000000007,0.0007230326,0.0010645471
2007-02,-0.0000000094,-0.0000000082,-0.0000000022,0.0009287396,0.0004097837,-0.0000000089,-0.0000000081,-0.0000000023,0.0009220358,0.0004126046,-0.0000000122,-0.0000000088,-0.0000000019,0.0011415013,0.0010464245,-0.0000000076,-0.0000000103,-0.0000000021,0.0008666323,0.0008064189,-0.0000000279,-0.0000000071,-0.0000000059,0.0014154954,0.0006082882,0.0000000000,0.0000000000,-0.0000000000,0.0008745385,0.0005054558,-0.0000000037,-0.0000000099,-0.0000000041,0.0007255706,0.0002656583
2007-03,-0.0000000049,-0.0000000039,-0.0000000001,-0.0027980578,-0.0023102185,-0.0000000046,-0.0000000038,-0.0000000001,-0.0028174602,-0.0023173256,-0.0000000026,-0.0000000016,-0.0000000000,-0.0027649360,-0.0022111524,-0.0000000022,-0.0000000026,-0.0000000001,-0.0021557194,-0.0012287800,-0.0000000263,-0.0000000056,-0.0000000022,-0.0019586267,-0.0017306067,0.0000000000,0.0000000000,0.0000000000,-0.0021836890,-0.0018492694,-0.0000000011,-0.0000000022,-0.0000000001,-0.0030074418,-0.0024655736
2007-04,0.0000000069,0.0000000052,0.0000000013,0.0001897377,-0.0003460450,0.0000000066,0.0000000052,0.0000000014,0.0001832727,-0.0003499712,0.0000000087,0.0000000057,0.0000000019,-0.0001073444,-0.0005278329,0.0000000050,0.0000000061,0.0000000013,0.0006558730,0.0002543312,0.0000000061,0.0000000013,0.0000000014,0.0009035951,0.0004838521,-0.0000000000,-0.0000000000,0.0000000000,-0.0000283902,-0.0003551241,0.0000000035,0.0000000049,0.0000000011,0.0002223808,-0.0003743670
2007-05,0.0000000055,0.0000000041,0.0000000086,0.0001887435,0.0005873786,0.0000000051,0.0000000041,0.0000000083,0.0001507530,0.0005548050,0.0000000016,0.0000000009,0.0000000010,0.0005491421,0.0004875219,0.0000000002,0.0000000002,-0.0000000007,0.0003771628,0.0004218425,0.0000000049,0.0000000011,0.0000000002,0.0005147086,0.0012097648,-0.0000000000,-0.0000000000,-0.0000000000,0.0000545845,0.0005552746,0.0000000026,0.0000000037,0.0000000001,0.0001558026,0.0004514039
2007-06,0.0000000147,0.0000000113,0.0000000008,-0.0013595318,-0.0009389640,0.0000000138,0.0000000113,0.0000000008,-0.0013343805,-0.0009258273,0.0000000139,0.0000000088,0.0000000006,-0.0012789733,-0.0011229042,0.0000000081,0.0000000109,0.0000000006,-0.0011113576,-0.0003777340,0.0000000162,0.0000000040,0.0000000023,-0.0004925511,-0.0001817043,-0.0000000000,-0.0000000000,0.0000000000,-0.0009336284,-0.0007555821,0.0000000091,0.0000000105,0.0000000008,-0.0014234198,-0.0010041302
2007-07,0.0000000022,0.0000000020,0.0000221915,0.0001388268,0.0005172301,0.0000000021,0.0000000019,0.0000226091,0.0001781264,0.0005319788,0.0000000015,0.0000000010,0.0000188579,0.0003527743,0.0004204737,0.0000000003,0.0000000006,0.0000337696,0.0001396286,0.0003553766,0.0000000010,0.0000000002,-0.0000210413,0.0010032388,0.0007819427,-0.0000000000,0.0000000000,-0.0000007561,0.0005528449,0.0004699098,0.0000000012,0.0000000014,0.0000176333,-0.0000735353,0.0001844877
2007-08,-0.0000000009,-0.0000000007,-0.0000000000,-0.0015157985,-0.0011395763,-0.0000000009,-0.0000000007,-0.0000000000,-0.0014700261,-0.0010891917,-0.0000000010,-0.0000000006,-0.0000000000,-0.0015946581,-0.0012901556,-0.0000000006,-0.0000000010,-0.0000000000,-0.0009484879,-0.0004656300,-0.0000000006,-0.0000000001,0.0000000001,0.0001759891,0.0005809430,-0.0000000000,0.0000000000,0.0000000000,-0.0007307413,-0.0007348434,-0.0000000008,-0.0000000007,-0.0000000000,-0.0013421967,-0.0010528234
2007-09,0.0000000003,0.0000000004,0.0000000000,-0.0014834773,-0.0017129365,0.0000000002,0.0000000003,0.0000000000,-0.0014342519,-0.0016659949,0.0000000004,0.0000000004,0.0000000000,-0.0006643506,-0.0007994879,-0.0000000000,-0.0000000001,-0.0000000000,-0.0006185722,-0.0010537720,-0.0000000006,-0.0000000001,-0.0000000001,-0.0004193250,-0.0002613315,0.0000000000,0.0000000000,-0.0000000000,-0.0003945840,-0.0008081816,0.0000000001,0.0000000002,0.0000000000,-0.0017836666,-0.0021602531
2007-10,0.0000000006,0.0000000008,-0.0000000000,-0.0010251579,-0.0002393891,0.0000000005,0.0000000007,-0.0000000000,-0.0009653825,-0.0002043450,0.0000000003,0.0000000002,-0.0000000000,-0.0022483279,-0.0018823429,0.0000000001,0.0000000005,0.0000000000,-0.0018004895,-0.0010271003,0.0000000009,0.0000000002,0.0000000002,0.0003545538,0.0009259862,-0.0000000000,-0.0000000000,-0.0000000000,-0.0012595533,-0.0010167088,0.0000000002,0.0000000005,-0.0000000000,-0.0013743117,-0.0007657522
2007-11,0.0000000000,0.0000000001,0.0000000000,-0.0014881351,0.0001511389,-0.0000000000,0.0000000000,0.0000000000,-0.0014760241,0.0001764408,0.0000000002,0.0000000003,0.0000000024,-0.0009710808,0.0004876334,0.0000000000,0.0000000003,0.0000000016,-0.0006658128,0.0012160963,0.0000000044,0.0000000567,0.0000000010,-0.0023360988,-0.0009755115,-0.0000000000,0.0000000000,0.0000000000,-0.0010924907,0.0004277219,0.0000000001,0.0000000002,0.0000000000,-0.0011915376,0.0001264385
2007-12,0.0000000000,0.0000000001,-0.0000000000,-0.0005928964,-0.0009797881,0.0000000000,0.0000000001,-0.0000000000,-0.0006454989,-0.0010343829,0.0000000001,0.0000000004,-0.0000000000,-0.0015378198,-0.0021738306,0.0000000001,0.0000000007,0.0000000000,-0.0010786397,-0.0015277485,-0.0000000007,-0.0000000088,-0.0000000001,0.0009632110,0.0002911012,-0.0000000000,0.0000000000,0.0000000000,-0.0006698581,-0.0013822965,-0.0000000000,-0.0000000000,-0.0000000001,-0.0011131707,-0.0012941404
2008-01,-0.0000000004,-0.0000000008,-0.0000000025,-0.0005277637,0.0009235027,-0.0000000003,-0.0000000008,-0.0000000026,-0.0004389563,0.0010074037,-0.0000000172,-0.0000000009,-0.0000000044,0.0014280872,0.0028454629,-0.0000000002,-0.0000000014,-0.0000000031,-0.0016675598,-0.0000175847,-0.0000000006,-0.0000000054,-0.0000000000,-0.0004852150,0.0007724133,0.0000000000,-0.0000000000,0.0000000000,0.0004043291,0.0016895027,-0.0000000003,-0.0000000005,-0.0000000015,-0.0003927020,0.0007694452
2008-02,0.0000000013,0.0000000044,0.0000000042,0.0004419133,-0.0002568630,0.0000000013,0.0000000043,0.0000000043,0.0004001423,-0.0002766847,0.0000000011,0.0000000032,0.0000000055,0.0013420172,0.0007275157,0.0000000008,0.0000000054,0.0000000049,0.0002954936,0.0001177611,0.0000000028,0.0000000350,0.0000000002,0.0029851465,0.0022197594,-0.0000000000,-0.0000000000,0.0000000000,0.0009590940,0.0002882100,0.0000000006,0.0000000037,0.0000000041,0.0005127080,-0.0001213404
2008-03,0.0000000065,0.0000000004,0.0000000007,-0.0001619522,0.0000545489,0.0000000061,0.0000000004,0.0000000007,-0.0001484141,0.0000530004,0.0000000038,0.0000000003,0.0000000008,0.0007298590,0.0003677720,0.0000000048,0.0000000004,0.0000000003,-0.0012322645,-0.0008913714,-0.0000000002,-0.0000000025,-0.0000000009,0.0000045686,-0.0009657731,-0.0000000000,-0.0000000000,-0.0000000000,-0.0007705693,-0.0003763210,0.0000000001,0.0000000003,0.0000000005,0.0004301551,0.0005882666
2008-04,0.0000000103,0.0000000006,0.0000000012,-0.0025920729,-0.0048438511,0.0000000095,0.0000000006,0.0000000012,-0.0025401307,-0.0048341741,0.0000000072,0.0000000005,0.0000000010,-0.0027800336,-0.0040591481,0.0000000126,0.0000000013,0.0000000014,-0.0032239436,-0.0055045968,0.0000000001,0.0000000015,0.0000000000,-0.0008455434,-0.0016087000,-0.0000000000,-0.0000000000,0.0000000000,-0.0024873624,-0.0042996274,0.0000000002,0.0000000006,0.0000000016,-0.0025623918,-0.0044042319
2008-05,-0.0000000030,-0.0000000002,-0.0000000004,0.0001139880,0.0012925152,-0.0000000028,-0.0000000002,-0.0000000003,0.0000155739,0.0012178607,-0.0000000013,-0.0000000001,-0.0000000004,-0.0006277647,0.0005547762,-0.0000000017,-0.0000000002,-0.0000000003,-0.0017789531,-0.0002053571,0.0000000007,0.0000000089,0.0000000033,0.0017380574,0.0025714836,0.0000000000,0.0000000000,-0.0000000000,-0.0008616305,0.0007816786,-0.0000000001,-0.0000000002,-0.0000000002,-0.0001213528,0.0007594960
2008-06,0.0000000096,0.0000000007,0.0000000016,-0.0028861042,-0.0026454715,0.0000000092,0.0000000006,0.0000000016,-0.0029670116,-0.0027258233,0.0000000061,0.0000000005,0.0000000020,-0.0061281464,-0.0059312389,0.0000000146,0.0000000014,0.0000000025,-0.0030244893,-0.0028218898,0.0000000018,0.0000000165,0.0000000001,-0.0048271830,-0.0045455601,-0.0000000000,0.0000000000,0.0000000000,-0.0040666518,-0.0038235134,0.0000000002,0.0000000005,0.0000000013,-0.0030301106,-0.0029243330
2008-07,-0.0000000028,-0.0000000001,0.0000000008,0.0079714004,0.0079971138,-0.0000000025,-0.0000000001,0.0000000011,0.0080025644,0.0080073419,0.0000000016,0.0000000001,0.0000000001,0.0080207702,0.0083124590,0.0000000010,0.0000000001,0.0000000004,0.0080164837,0.0084366725,-0.0000000001,-0.0000000008,-0.0000000007,0.0091930409,0.0088037843,0.0000000000,-0.0000000000,-0.0000000000,0.0085379740,0.0082722905,-0.0000000010,-0.0000000000,0.0000000001,0.0078900944,0.0081236288
2008-08,0.0000000006,0.0000000000,0.0000000001,-0.0015632573,-0.0010487191,0.0000000005,0.0000000000,0.0000000001,-0.0015197444,-0.0010239298,0.0000000001,-0.0000000000,0.0000000001,-0.0018776611,-0.0010161059,0.0000000005,0.0000000000,0.0000000001,-0.0025831784,-0.0020052909,0.0000000003,0.0000000027,0.0000000000,-0.0030226590,-0.0022760844,-0.0000000000,-0.0000000000,0.0000000000,-0.0024625467,-0.0015998779,0.0000000006,0.0000000000,0.0000000001,-0.0019688276,-0.0014019232
2008-09,-0.0000000021,-0.0000000002,-0.0000000000,-0.0028880127,-0.0027629514,-0.0000000019,-0.0000000002,-0.0000000000,-0.0028379793,-0.0027051489,-0.0000000014,-0.0000000001,-0.0000000000,-0.0026029440,-0.0027267541,-0.0000000031,-0.0000000004,-0.0000000000,-0.0032501574,-0.0029906401,-0.0000000004,-0.0000000034,-0.0000000001,-0.0049690648,-0.0046397712,0.0000000000,0.0000000000,-0.0000000000,-0.0033242865,-0.0031427969,-0.0000000009,-0.0000000001,-0.0000000000,-0.0033862272,-0.0032619571
2008-10,-0.0000000017,-0.0000000001,-0.0000000002,-0.0074656305,-0.0059014176,-0.0000000025,-0.0000000001,-0.0000000004,-0.0074659257,-0.0058867169,-0.0000000017,-0.0000000001,0.0000000000,-0.0065149346,-0.0054960455,-0.0000000001,-0.0000000004,-0.0000000006,-0.0062032673,-0.0046148045,-0.0000000013,-0.0000000125,-0.0000000001,-0.0071433883,-0.0063072959,-0.0000000000,0.0000000000,-0.0000000000,-0.0071600929,-0.0057252391,0.0000000008,0.0000000001,0.0000000002,-0.0073778229,-0.0059729154
2008-11,-0.0000000004,-0.0000000023,-0.0000000003,-0.0005030928,-0.0014725053,-0.0000000003,-0.0000000018,-0.0000000001,-0.0008157504,-0.0016359842,-0.0000000002,-0.0000000013,-0.0000000001,-0.0030738392,-0.0035082622,-0.0000000003,-0.0000000019,-0.0000000001,-0.0041923655,-0.0038895789,-0.0000000032,-0.0000000004,-0.0000000007,-0.0053906804,-0.0068277610,0.0000000000,0.0000000000,-0.0000000000,-0.0033911656,-0.0032753144,-0.0000000003,-0.0000000032,-0.0000000005,-0.0010791922,-0.0014477496
2008-12,-0.0000000003,-0.0000000038,-0.0000000003,0.0079714863,0.0069505985,-0.0000000003,-0.0000000029,-0.0000000007,0.0077386333,0.0068600101,-0.0000000001,-0.0000000012,0.0000000000,0.0060352185,0.0057636987,-0.0000000002,-0.0000000015,0.0000000000,0.0073856082,0.0070338723,-0.0000000036,-0.0000000006,-0.0000000004,0.0101904242,0.0086890194,0.0000000000,-0.0000000000,0.0000000000,0.0070226356,0.0061742175,-0.0000000004,-0.0000000043,-0.0000000000,0.0081423474,0.0074302727
2009-01,-0.0000000003,-0.0000000031,-0.0000000030,-0.0031897651,-0.0034781208,-0.0000000003,-0.0000000027,-0.0000000030,-0.0032256897,-0.0032810229,-0.0000000001,-0.0000000011,-0.0000000000,-0.0037827822,-0.0037162228,-0.0000000002,-0.0000000017,-0.0000000015,-0.0020492876,-0.0025018724,-0.0000000050,-0.0000000005,-0.0000000002,0.0022346125,0.0003098339,0.0000000000,0.0000000000,-0.0000000000,-0.0024381237,-0.0036270865,-0.0000000002,-0.0000000021,-0.0000000024,-0.0041281812,-0.0041720714
2009-02,-0.0000000008,-0.0000000069,-0.0000000003,0.0019224065,0.0017259026,-0.0000000007,-0.0000000061,-0.0000000002,0.0021349609,0.0020096902,-0.0000000005,-0.0000000041,-0.0000000002,0.0022832899,0.0018424170,-0.0000000009,-0.0000000081,-0.0000000002,0.0029212433,0.0029720841,-0.0000000048,-0.0000000005,-0.0000000053,0.0010207932,0.0023636844,0.0000000000,0.0000000000,-0.0000000000,0.0018391919,0.0018799051,-0.0000000006,-0.0000000053,-0.0000000016,0.0019909054,0.0015854070
2009-03,0.0000000002,0.0000000015,0.0000000000,0.0036546485,0.0043176513,0.0000000002,0.0000000014,0.0000000000,0.0036113057,0.0041518169,-0.0000000001,-0.0000000008,-0.0000000000,0.0041229429,0.0045071354,-0.0000000001,-0.0000000003,-0.0000000000,0.0048297001,0.0052903013,0.0000000073,0.0000000007,0.0000000005,0.0032922464,0.0053359273,-0.0000000000,0.0000000000,-0.0000000000,0.0030341951,0.0044398690,0.0000000001,0.0000000014,0.0000000000,0.0037057943,0.0043530110
2009-04,0.0000000017,0.0000000167,0.0000000006,0.0002096738,0.0002589380,0.0000000015,0.0000000152,0.0000000007,0.0001933029,0.0004249477,0.0000000012,0.0000000135,0.0000000006,0.0043923478,0.0040985751,0.0000000027,0.0000000277,0.0000000002,-0.0006403366,-0.0013343123,0.0000000254,0.0000000032,0.0000000027,0.0028330791,0.0023893561,-0.0000000000,-0.0000000000,0.0000000000,0.0036877596,0.0037131267,0.0000000011,0.0000000120,0.0000000008,0.0002421024,0.0003543240
2009-05,0.0000000001,0.0000000008,0.0000000000,0.0004082186,0.0015975466,0.0000000034,0.0000000007,0.0000000000,0.0003200697,0.0015450429,0.0000000071,0.0000000007,0.0000000000,-0.0010118350,0.0002356259,0.0000000001,0.0000000010,0.0000000000,0.0002059574,0.0015933489,0.0000000011,0.0000000003,0.0000000004,0.0008420269,0.0014569862,0.0000000000,-0.0000000000,0.0000000000,-0.0005980026,0.0003362048,0.0000000071,0.0000000012,0.0000000000,0.0001797555,0.0015972094
2009-06,0.0000000000,0.0000000002,0.0000000002,0.0008751065,0.0005036990,0.0000000010,0.0000000002,0.0000000002,0.0007629972,0.0004089881,0.0000000001,0.0000000000,0.0000000001,0.0005799138,0.0002716102,0.0000000000,0.0000000003,0.0000000003,0.0018302625,0.0014162856,-0.0000000016,-0.0000000004,-0.0000000084,-0.0031613016,-0.0026786160,-0.0000000000,-0.0000000000,0.0000000000,0.0003034437,0.0002790185,0.0000000000,0.0000000002,0.0000000002,0.0008951907,0.0004980613
2009-07,0.0000000000,-0.0000000002,0.0000000001,0.0030888548,0.0028509560,0.0000000000,-0.0000000002,0.0000000058,0.0031135346,0.0027889208,0.0000000000,-0.0000000001,0.0000000000,0.0039353743,0.0032776807,-0.0000000000,-0.0000000005,0.0000000001,0.0019580854,0.0017133629,0.0000000011,0.0000000001,0.0000000063,0.0035791709,0.0030098407,-0.0000000000,-0.0000000000,0.0000000000,0.0036641903,0.0031950262,-0.0000000000,-0.0000000004,0.0000000003,0.0028657824,0.0024261833
2009-08,0.0000000001,0.0000000008,0.0000000004,0.0011105048,0.0006499192,0.0000000057,0.0000000007,0.0000000004,0.0011098715,0.0006476369,0.0000000085,0.0000000007,0.0000000006,0.0008318267,0.0005095426,0.0000000001,0.0000000019,0.0000000009,0.0002668948,0.0000030855,0.0000000013,0.0000000002,0.0000000050,0.0025473045,0.0013805822,-0.0000000000,-0.0000000000,0.0000000000,0.0010186908,0.0005041770,0.0000000000,0.0000000006,0.0000000002,0.0011888309,0.0006455207
2009-09,0.0000000000,0.0000000002,-0.0000000002,0.0005758448,0.0011524895,0.0000000022,0.0000000002,-0.0000000001,0.0006393622,0.0011513803,0.0000000034,0.0000000004,0.0000000008,0.0009897876,0.0010058495,0.0000000001,0.0000000008,0.0000000006,0.0009932735,0.0010306738,0.0000000011,0.0000000162,0.0000000069,0.0012761737,0.0011125117,-0.0000000000,-0.0000000000,0.0000000000,0.0007578234,0.0009818121,0.0000000000,0.0000000002,-0.0000000002,0.0008645692,0.0014611597
2009-10,-0.0000000031,-0.0000000004,-0.0000000003,-0.0007278711,-0.0007742579,-0.0000000024,-0.0000000004,-0.0000000003,-0.0007850437,-0.0008139685,-0.0000000030,-0.0000000003,-0.0000000004,-0.0015462329,-0.0018357154,-0.0000000059,-0.0000000010,-0.0000000006,-0.0018755935,-0.0019458040,-0.0000000004,-0.0000000060,-0.0000000024,-0.0030849226,-0.0023152983,-0.0000000000,0.0000000000,-0.0000000000,-0.0016239834,-0.0018796828,-0.0000000021,-0.0000000004,-0.0000000003,-0.0007016228,-0.0008977885
2009-11,-0.0000000033,-0.0000000006,-0.0000000000,0.0029168406,0.0024602954,-0.0000000026,-0.0000000006,-0.0000000000,0.0030682413,0.0024884622,-0.0000000015,-0.0000000002,-0.0000000001,0.0038669146,0.0031948434,-0.0000000000,-0.0000000009,-0.0000000000,0.0037043295,0.0030710622,-0.0000000012,-0.0000000049,-0.0000000005,0.0012755646,0.0004743065,0.0000000000,0.0000000000,-0.0000000000,0.0039024198,0.0032152705,-0.0000000035,-0.0000000007,-0.0000000000,0.0028539558,0.0023678984
2009-12,-0.0000000027,-0.0000000006,0.0000000000,0.0005846532,0.0005971077,-0.0000000021,-0.0000000005,0.0000000000,0.0005474879,0.0005958819,-0.0000000021,-0.0000000003,0.0000000000,0.0008521344,0.0008340650,-0.0000000041,-0.0000000009,-0.0000000002,0.0013793771,0.0012647682,0.0000000001,-0.0000000006,0.0000000004,0.0001355305,0.0007518551,-0.0000000000,-0.0000000000,0.0000000000,0.0003950268,0.0007125622,-0.0000000038,-0.0000000008,0.0000000000,0.0006663553,0.0007619761
2010-01,-0.0000000016,-0.0000000003,0.0000000000,-0.0002180362,-0.0005582267,-0.0000000014,-0.0000000003,0.0000000000,-0.0003255620,-0.0006806957,-0.0000000026,-0.0000000002,-0.0000000002,-0.0018479523,-0.0018533999,-0.0000000035,-0.0000000008,-0.0000000004,-0.0024559992,-0.0024562368,0.0000000005,0.0000000020,0.0000000042,0.0018132519,0.0015282616,0.0000000000,0.0000000000,-0.0000000000,-0.0009303751,-0.0015629360,-0.0000000018,-0.0000000004,-0.0000000001,-0.0003413551,-0.0008145874
2010-02,-0.0000000000,0.0000000000,-0.0000000000,0.0008213488,0.0015211569,-0.0000000001,0.0000000001,-0.0000000002,0.0009089643,0.0016460370,0.0000000023,0.0000000003,0.0000000003,0.0023233008,0.0026603658,0.0000000000,0.0000000006,0.0000000000,0.0019030154,0.0023228890,0.0000000001,0.0000000012,0.0000000000,0.0003988140,0.0007977918,0.0000000000,-0.0000000000,0.0000000000,0.0019564515,0.0025437881,-0.0000000000,0.0000000000,-0.0000000000,0.0009843954,0.0016912161
2010-03,-0.0000000042,-0.0000000011,0.0000000000,0.0008131716,0.0010120349,-0.0000000034,-0.0000000010,0.0000000000,0.0008500957,0.0010569856,-0.0000000012,-0.0000000003,0.0000000000,0.0015847034,0.0018257668,-0.0000000033,-0.0000000009,-0.0000000000,0.0012590598,0.0014906903,-0.0000000005,-0.0000000035,-0.0000000004,0.0013999316,0.0014922844,-0.0000000000,-0.0000000000,0.0000000000,0.0012704625,0.0017554674,-0.0000000072,-0.0000000016,-0.0000000000,0.0010553473,0.0011656931
2010-04,0.0000000008,-0.0000000001,-0.0000000000,-0.0024184273,-0.0026006502,0.0000000010,0.0000000000,-0.0000000000,-0.0024528144,-0.0026227097,0.0000000036,0.0000000003,0.0000000000,-0.0021465567,-0.0024716919,0.0000000079,0.0000000014,0.0000000000,-0.0039115411,-0.0041604138,0.0000000009,0.0000000054,-0.0000000002,-0.0002323951,-0.0016726231,0.0000000000,-0.0000000000,0.0000000000,-0.0024658419,-0.0025773190,-0.0000000003,-0.0000000002,-0.0000000000,-0.0019777152,-0.0022812188
2010-05,-0.0000000002,-0.0000000000,0.0000000000,0.0005881273,0.0003780161,-0.0000000002,-0.0000000000,0.0000000000,0.0005967216,0.0004397086,-0.0000000004,-0.0000000000,-0.0000000000,0.0005916695,0.0003158715,-0.0000000006,-0.0000000001,-0.0000000000,0.0010132137,0.0007321050,-0.0000000007,-0.0000000046,-0.0000000025,0.0001107876,0.0000770747,0.0000000000,0.0000000000,-0.0000000000,0.0009177134,0.0003567833,-0.0000000003,-0.0000000000,0.0000000000,0.0006365089,0.0003974143
2010-06,0.0000000035,0.0000000009,0.0000000006,0.0007419682,0.0015538564,0.0000000029,0.0000000008,0.0000000006,0.0006690984,0.0014972083,0.0000000021,0.0000000004,0.0000000005,-0.0005121872,0.0003007352,0.0000000040,0.0000000009,0.0000000006,-0.0002592864,0.0007064703,0.0000000017,0.0000000166,0.0000000095,0.0013237645,0.0008596311,0.0000000000,-0.0000000000,-0.0000000000,-0.0001148399,0.0003343123,0.0000000080,0.0000000017,0.0000000011,0.0009396755,0.0018284725
2010-07,0.0000000000,0.0000000003,-0.0000000257,0.0009659206,0.0017337842,0.0000000000,0.0000000003,-0.0000000613,0.0009052141,0.0016757208,0.0000000000,0.0000000003,-0.0000000170,0.0018095079,0.0025849322,-0.0000000000,-0.0000000006,0.0000000386,0.0005858319,0.0014632305,-0.0000000004,-0.0000000001,-0.0000000712,-0.0016166933,-0.0002281761,-0.0000000000,-0.0000000000,0.0000000000,0.0010577478,0.0024290587,0.0000000000,0.0000000006,-0.0000000291,0.0008468566,0.0016154317
2010-08,-0.0000000000,-0.0000000008,-0.0000000004,0.0004817901,0.0005395703,-0.0000000000,-0.0000000008,-0.0000000003,0.0002574737,0.0003391891,-0.0000000000,-0.0000000001,-0.0000000000,-0.0009907572,-0.0007467342,-0.0000000001,-0.0000000009,-0.0000000005,-0.0009606691,-0.0005339538,-0.0000000020,-0.0000000004,-0.0000000076,-0.0000940695,0.0001206030,0.0000000000,0.0000000000,-0.0000000000,-0.0005655586,-0.0006369823,-0.0000000001,-0.0000000010,-0.0000000002,0.0005316344,0.0006298295
2010-09,0.0000000000,0.0000000001,-0.0000000004,-0.0003798106,0.0006160453,0.0000000000,0.0000000003,-0.0000000003,-0.0002094966,0.0007188226,0.0000000000,-0.0000000001,-0.0000000007,0.0002067934,0.0006300700,0.0000000000,0.0000000007,0.0000000000,0.0006594074,0.0009715092,0.0000000028,0.0000000007,0.0000000004,-0.0024152391,-0.0012027166,-0.0000000000,-0.0000000000,-0.0000000000,-0.0005578668,0.0003736845,0.0000000000,0.0000000002,-0.0000000000,-0.0004990533,0.0004050236
2010-10,0.0000000002,0.0000000037,0.0000000019,0.0005776856,0.0007162596,0.0000000001,0.0000000033,0.0000000017,0.0005378084,0.0006673301,0.0000000050,0.0000000008,0.0000000008,0.0018108134,0.0020049546,0.0000000001,0.0000000013,0.0000000006,0.0016644421,0.0018627448,0.0000000023,0.0000000005,0.0000000147,-0.0006636708,-0.0003415583,0.0000000000,0.0000000000,-0.0000000000,0.0014447747,0.0019137488,0.0000000004,0.0000000073,0.0000000028,0.0007448302,0.0010148929
2010-11,0.0000000000,0.0000000009,0.0000000006,-0.0030231163,-0.0031408174,0.0000000042,0.0000000009,0.0000000007,-0.0028550181,-0.0029663016,0.0000000022,0.0000000004,0.0000000006,-0.0020372079,-0.0024070212,0.0000000000,0.0000000009,0.0000000007,-0.0026869866,-0.0029941626,0.0000000015,0.0000000002,0.0000000001,-0.0030132850,-0.0033184401,-0.0000000000,0.0000000000,-0.0000000000,-0.0022700910,-0.0024416000,0.0000000001,0.0000000026,0.0000000014,-0.0028679561,-0.0030986491
2010-12,0.0000000046,0.0000000008,0.0000000003,0.0017549347,0.0017291782,0.0000000039,0.0000000007,0.0000000003,0.0017161832,0.0017058912,0.0000000029,0.0000000003,0.0000000002,0.0004718178,0.0001551939,0.0000000056,0.0000000010,0.0000000005,0.0016924385,0.0013572020,-0.0000000004,-0.0000000064,-0.0000000073,0.0041899397,0.0037870439,-0.0000000000,-0.0000000000,0.0000000000,0.0005790322,0.0003480047,0.0000000001,0.0000000015,0.0000000005,0.0017083943,0.0016758924
2011-01,-0.0000000001,-0.0000000000,-0.0000000000,-0.0027714592,-0.0032175810,0.0000000001,-0.0000000000,0.0000000000,-0.0027380269,-0.0031132459,0.0000000023,0.0000000003,0.0000000004,-0.0021640616,-0.0023753013,0.0000000051,0.0000000007,0.0000000005,-0.0023046006,-0.0026926713,0.0000000001,0.0000000021,0.0000000015,-0.0019034328,-0.0021529001,0.0000000000,0.0000000000,0.0000000000,-0.0026287882,-0.0024549901,0.0000000000,0.0000000001,0.0000000001,-0.0025306837,-0.0029222793
2011-02,0.0000000044,0.0000000006,0.0000000004,-0.0012627890,-0.0002993104,0.0000000039,0.0000000006,0.0000000004,-0.0014577224,-0.0004435855,0.0000000035,0.0000000003,0.0000000004,-0.0027948275,-0.0020430640,0.0000000070,0.0000000010,0.0000000007,-0.0023470852,-0.0016489757,0.0000000011,0.0000000092,0.0000000047,-0.0018435252,-0.0010781852,-0.0000000000,-0.0000000000,0.0000000000,-0.0026482234,-0.0020084288,0.0000000001,0.0000000011,0.0000000005,-0.0017946400,-0.0008736347
2011-03,0.0000000072,0.0000000011,0.0000000011,0.0004802380,0.0013626660,0.0000000061,0.0000000010,0.0000000011,0.0003833308,0.0012653874,0.0000000078,0.0000000005,0.0000000012,-0.0009952707,-0.0000701184,0.0000000098,0.0000000015,0.0000000019,-0.0010737183,-0.0001576465,0.0000000004,0.0000000050,0.0000000000,0.0017567581,0.0021764715,-0.0000000000,-0.0000000000,0.0000000000,-0.0008494388,-0.0000701086,0.0000000001,0.0000000018,0.0000000015,0.0001461732,0.0010780121
2011-04,-0.0000000042,-0.0000000007,-0.0000000004,0.0003082737,0.0000416224,-0.0000000035,-0.0000000006,-0.0000000005,0.0002328282,-0.0000588298,-0.0000000026,-0.0000000002,-0.0000000003,0.0003394166,0.0003296264,-0.0000000031,-0.0000000005,-0.0000000003,0.0002389240,0.0002326894,-0.0000000002,-0.0000000028,-0.0000000010,-0.0006055019,-0.0006771010,0.0000000000,0.0000000000,-0.0000000000,0.0005325056,0.0003296264,-0.0000000059,-0.0000000009,-0.0000000005,0.0005356926,0.0002864162
2011-05,0.0000000014,0.0000000003,0.0000000000,0.0004767144,0.0008764487,0.0000000009,0.0000000002,0.0000000000,0.0003585873,0.0007636832,0.0000000001,0.0000000000,0.0000000000,-0.0000968700,0.0006436586,-0.0000000001,-0.0000000000,0.0000000000,-0.0003101256,0.0003206677,0.0000000002,0.0000000031,0.0000000001,-0.0002756817,0.0000337030,0.0000000000,-0.0000000000,0.0000000000,0.0004034754,0.0006491715,0.0000000023,0.0000000004,0.0000000000,0.0002595066,0.0006806820
2011-06,0.0000000066,0.0000000014,0.0000000011,0.0013320249,0.0006726217,0.0000000056,0.0000000012,0.0000000008,0.0012497569,0.0005313325,0.0000000049,0.0000000005,0.0000000007,0.0010557893,0.0003322471,0.0000000059,0.0000000012,0.0000000008,0.0005726924,-0.0001624083,0.0000000007,0.0000000138,0.0000000047,0.0015323838,0.0008927392,-0.0000000000,-0.0000000000,0.0000000000,0.0011280300,0.0003773262,0.0000000108,0.0000000020,0.0000000011,0.0012169202,0.0004385894
2011-07,0.0000000005,0.0000000001,0.0000000000,-0.0032408758,-0.0022603568,0.0000000004,0.0000000001,0.0000000000,-0.0032569687,-0.0022536834,0.0000000002,0.0000000000,0.0000000001,-0.0027504684,-0.0018291091,0.0000000003,0.0000000001,0.0000000000,-0.0035834805,-0.0023779717,0.0000000002,0.0000000022,0.0000000009,-0.0011852242,-0.0009256391,-0.0000000000,-0.0000000000,0.0000000000,-0.0029236583,-0.0020196048,0.0000000009,0.0000000002,0.0000000001,-0.0029760091,-0.0019728681
2011-08,0.0000000017,0.0000000004,0.0000000008,0.0010259515,0.0018616682,0.0000000014,0.0000000003,0.0000000006,0.0010761973,0.0018522637,0.0000000013,0.0000000001,0.0000000009,0.0004308568,0.0011732703,0.0000000009,0.0000000002,0.0000000005,0.0002991650,0.0010627861,0.0000000003,0.0000000027,0.0000000031,0.0026288067,0.0023345945,-0.0000000000,-0.0000000000,0.0000000000,0.0011774777,0.0014489168,0.0000000020,0.0000000004,0.0000000005,0.0018219612,0.0023381793
2011-09,-0.0000000004,-0.0000000001,0.0000000003,-0.0009807605,-0.0015055817,-0.0000000004,-0.0000000001,0.0000000002,-0.0010069775,-0.0015479802,-0.0000000006,-0.0000000001,-0.0000000001,0.0004581328,0.0002786306,-0.0000000005,-0.0000000001,0.0000000000,-0.0009086665,-0.0012259310,0.0000000002,0.0000000032,0.0000000001,0.0008125989,0.0005752708,-0.0000000000,-0.0000000000,-0.0000000000,-0.0004216079,-0.0007386419,-0.0000000003,-0.0000000001,0.0000000003,-0.0011098176,-0.0018389337
2011-10,0.0000000005,0.0000000001,-0.0000000002,-0.0013959493,-0.0007160607,0.0000000006,0.0000000002,-0.0000000001,-0.0012366236,-0.0006111225,0.0000000006,0.0000000002,-0.0000000000,-0.0012297546,-0.0010335015,0.0000000009,0.0000000002,-0.0000000000,-0.0012226010,-0.0008826813,0.0000000001,0.0000000027,-0.0000000001,-0.0007922777,-0.0001672991,0.0000000000,0.0000000000,-0.0000000000,-0.0012848674,-0.0007286241,-0.0000000005,-0.0000000001,-0.0000000008,-0.0013464867,-0.0004073227
2011-11,0.0000000025,0.0000000009,0.0000000004,-0.0008232347,0.0008769769,0.0000000022,0.0000000008,0.0000000004,-0.0007865857,0.0008777626,0.0000000025,0.0000000010,0.0000000004,-0.0019982495,-0.0006927549,0.0000000024,0.0000000006,0.0000000004,-0.0017327425,-0.0004965424,0.0000000003,0.0000000044,0.0000000018,-0.0006992907,0.0003024673,-0.0000000000,-0.0000000000,0.0000000000,-0.0005403172,0.0005373348,0.0000000031,0.0000000010,0.0000000004,-0.0007115619,0.0008668137
2011-12,-0.0000000008,-0.0000000002,-0.0000000000,-0.0005065850,-0.0006687748,-0.0000000007,-0.0000000002,-0.0000000001,-0.0004914487,-0.0006814798,-0.0000000005,-0.0000000002,-0.0000000001,-0.0004019785,-0.0002153964,-0.0000000005,-0.0000000001,-0.0000000000,-0.0011288613,-0.0008871517,-0.0000000001,-0.0000000017,0.0000000004,-0.0015827475,-0.0017055063,-0.0000000000,0.0000000000,-0.0000000000,-0.0008254517,-0.0006089314,-0.0000000010,-0.0000000002,0.0000000000,-0.0008292992,-0.0008839912
2012-01,-0.0000000048,-0.0000000014,-0.0000000007,0.0047797553,0.0038735937,-0.0000000037,-0.0000000013,-0.0000000006,0.0048101884,0.0038945165,-0.0000000031,-0.0000000015,-0.0000000008,0.0050143570,0.0040171135,-0.0000000049,-0.0000000010,-0.0000000008,0.0066639237,0.0053130450,-0.0000000004,-0.0000000082,-0.0000000049,0.0041987286,0.0027106931,0.0000000000,0.0000000000,-0.0000000000,0.0042193290,0.0033695509,-0.0000000068,-0.0000000015,-0.0000000009,0.0044252903,0.0033220363
2012-02,0.0000000019,0.0000000007,0.0000000005,-0.0024370112,-0.0004572331,0.0000000018,0.0000000006,0.0000000004,-0.0025032859,-0.0005104357,0.0000000011,0.0000000005,0.0000000005,-0.0019627898,-0.0004896346,0.0000000019,0.0000000004,0.0000000005,-0.0038335004,-0.0020636108,0.0000000001,0.0000000016,0.0000000001,-0.0028017922,-0.0005362840,-0.0000000000,-0.0000000000,0.0000000000,-0.0029183358,-0.0009155070,0.0000000018,0.0000000006,0.0000000004,-0.0025162834,-0.0006660754
2012-03,0.0000000021,0.0000000006,0.0000000003,0.0008151657,0.0016811381,0.0000000016,0.0000000006,0.0000000002,0.0008602486,0.0017011938,0.0000000008,0.0000000003,0.0000000001,0.0028495563,0.0031376046,0.0000000013,0.0000000003,0.0000000002,0.0019068120,0.0022367562,0.0000000000,0.0000000004,-0.0000000010,-0.0002965479,-0.0006021220,0.0000000000,-0.0000000000,0.0000000000,0.0009236777,0.0012864162,0.0000000015,0.0000000005,0.0000000004,0.0008068753,0.0014188278
2012-04,-0.0000000002,-0.0000000000,-0.0000000000,0.0004892427,0.0005865991,-0.0000000001,-0.0000000000,-0.0000000000,0.0004361225,0.0005539844,0.0000000001,0.0000000000,0.0000000000,-0.0001526266,0.0000402848,0.0000000003,0.0000000001,0.0000000003,-0.0005048928,-0.0002282237,-0.0000000001,-0.0000000010,0.0000000001,0.0010723270,0.0012987041,-0.0000000000,0.0000000000,0.0000000000,0.0006759543,0.0007560448,-0.0000000002,-0.0000000001,-0.0000000000,0.0003587916,0.0004426013
2012-05,0.0000000005,0.0000000001,0.0000000000,0.0012957556,0.0005588607,0.0000000003,0.0000000001,0.0000000006,0.0012951426,0.0005426234,-0.0000000002,-0.0000000001,0.0000000002,0.0016952478,0.0011666802,-0.0000000007,-0.0000000003,0.0000000004,0.0011266869,0.0006133598,0.0000000000,0.0000000002,0.0000000004,0.0010350207,0.0005302770,-0.0000000000,-0.0000000000,-0.0000000000,0.0010707839,0.0006152077,-0.0000000001,-0.0000000000,0.0000000000,0.0009450538,0.0002871343
2012-06,0.0000000032,0.0000000005,-0.0000000000,0.0005970041,0.0007876183,0.0000000026,0.0000000004,-0.0000000000,0.0005259687,0.0006997073,0.0000000016,0.0000000004,-0.0000000000,-0.0015018926,-0.0009657155,0.0000000028,0.0000000010,0.0000000001,-0.0000482105,0.0002388504,0.0000000001,0.0000000005,0.0000000007,0.0028045396,0.0023331427,-0.0000000000,-0.0000000000,-0.0000000000,0.0017138396,0.0014495394,0.0000000021,0.0000000005,-0.0000000000,0.0005654512,0.0008152219
2012-07,-0.0000000002,-0.0000000036,-0.0000588669,-0.0008550790,-0.0006313149,-0.0000000002,-0.0000000033,-0.0000587923,-0.0009447586,-0.0007023129,-0.0000000001,-0.0000000018,-0.0000346476,-0.0018509988,-0.0013900032,-0.0000000003,-0.0000000061,-0.0000339298,-0.0024261170,-0.0018415603,-0.0000000024,-0.0000000207,-0.0000756688,-0.0034108143,-0.0027264576,-0.0000000000,-0.0000000000,-0.0000337742,-0.0027647745,-0.0018400544,-0.0000000001,-0.0000000030,-0.0000653592,-0.0013490531,-0.0009211484
2012-08,0.0000000002,0.0000000025,0.0000000006,0.0024027405,0.0013142253,0.0000000002,0.0000000023,0.0000000004,0.0023905718,0.0013141950,0.0000000002,0.0000000031,0.0000000003,0.0023374523,0.0014326937,0.0000000003,0.0000000047,0.0000000002,0.0020249032,0.0011404197,0.0000000041,0.0000000279,0.0000000001,0.0053020314,0.0039750643,-0.0000000000,-0.0000000000,-0.0000000000,0.0036307328,0.0023462604,0.0000000002,0.0000000028,0.0000000007,0.0027189213,0.0013937028
2012-09,0.0000000000,0.0000000001,0.0000000000,0.0014171249,0.0009065079,0.0000000000,0.0000000000,0.0000000000,0.0013370544,0.0008262134,0.0000000001,0.0000000011,0.0000000000,-0.0000872289,-0.0004802570,0.0000000000,0.0000000003,0.0000000000,0.0007303237,0.0002484560,-0.0000000003,-0.0000000019,-0.0000000000,0.0022543267,0.0018617689,-0.0000000000,-0.0000000000,-0.0000000000,0.0013723157,0.0010458418,0.0000000000,0.0000000006,0.0000000000,0.0013746141,0.0007893644
2012-10,-0.0000000002,-0.0000000027,-0.0000000040,-0.0007211814,-0.0009320769,-0.0000000002,-0.0000000023,-0.0000000035,-0.0007005417,-0.0008827807,-0.0000000001,-0.0000000012,-0.0000000023,-0.0001866849,-0.0002667950,-0.0000000002,-0.0000000021,-0.0000000038,-0.0002747662,-0.0002304197,-0.0000000000,-0.0000000000,-0.0000000015,-0.0008176758,-0.0006386031,0.0000000000,0.0000000000,0.0000000000,-0.0004116038,-0.0006137988,-0.0000000002,-0.0000000026,-0.0000000042,-0.0010574388,-0.0011585618
2012-11,-0.0000000005,-0.0000000060,-0.0000000001,0.0013782190,0.0017614167,-0.0000000004,-0.0000000054,-0.0000000001,0.0013970484,0.0017779085,-0.0000000003,-0.0000000043,-0.0000000001,0.0018949511,0.0022397501,-0.0000000006,-0.0000000088,-0.0000000002,0.0012378902,0.0016598730,-0.0000000011,-0.0000000107,-0.0000000004,0.0015914528,0.0022896509,0.0000000000,0.0000000000,-0.0000000000,0.0014350130,0.0018748312,-0.0000000003,-0.0000000053,-0.0000000001,0.0015309451,0.0020108048
2012-12,0.0000000001,0.0000000008,0.0000000000,0.0009576990,0.0001678937,0.0000000001,0.0000000008,0.0000000000,0.0009450350,0.0001463501,0.0000000000,0.0000000003,0.0000000000,0.0009908848,0.0001210734,0.0000000001,0.0000000012,0.0000000000,0.0011959337,0.0003223862,0.0000000001,0.0000000008,-0.0000000000,0.0019479545,0.0007841657,0.0000000000,0.0000000000,-0.0000000000,0.0015279381,0.0003323269,0.0000000001,0.0000000009,0.0000000000,0.0008026178,-0.0000973048
2013-01,-0.0000000003,-0.0000000032,-0.0000000000,0.0001241139,0.0001003467,-0.0000000003,-0.0000000028,-0.0000000000,0.0001123986,0.0000849309,-0.0000000001,-0.0000000008,-0.0000000000,-0.0007542028,-0.0010160863,-0.0000000001,-0.0000000015,-0.0000000017,-0.0006691415,-0.0009445135,-0.0000000004,-0.0000000066,-0.0000000001,-0.0008306811,-0.0006577303,0.0000000000,0.0000000000,-0.0000000000,-0.0006453886,-0.0007688808,-0.0000000081,-0.0000000021,-0.0000000000,-0.0001121629,-0.0001729068
2013-02,0.0000000009,0.0000000089,0.0000000001,-0.0005035962,-0.0005571474,0.0000000007,0.0000000076,0.0000000001,-0.0005157427,-0.0005743917,0.0000000003,0.0000000036,0.0000000083,0.0005586714,0.0003472788,0.0000000007,0.0000000090,0.0000000001,-0.0001453710,-0.0003379901,0.0000000011,0.0000000161,0.0000000003,0.0006870664,-0.0002200456,-0.0000000000,-0.0000000000,0.0000000000,0.0001253423,-0.0002631117,0.0000000002,0.0000000048,0.0000000001,-0.0005911479,-0.0006261048
2013-03,0.0000000003,0.0000000035,0.0000000049,0.0003541097,-0.0003164018,0.0000000003,0.0000000029,0.0000000045,0.0003529872,-0.0003026895,0.0000000133,0.0000000016,0.0000000032,0.0007986327,0.0004600782,0.0000000003,0.0000000041,0.0000000061,0.0007519267,0.0002739727,0.0000000008,0.0000000081,0.0000000002,0.0011002447,0.0008776910,-0.0000000000,-0.0000000000,0.0000000000,0.0009065325,0.0004775167,0.0000000131,0.0000000026,0.0000000057,0.0003149408,-0.0004088016
2013-04,0.0000000001,0.0000000009,0.0000000012,-0.0003700168,0.0000661178,0.0000000049,0.0000000008,0.0000000014,-0.0004508602,-0.0000107307,0.0000000042,0.0000000007,0.0000000016,0.0005454552,0.0006727141,0.0000000002,0.0000000026,0.0000000041,-0.0011458727,-0.0008194439,0.0000000003,0.0000000024,0.0000000034,-0.0011887882,-0.0003712742,-0.0000000000,0.0000000000,0.0000000000,-0.0014604013,-0.0007600462,0.0000000033,0.0000000006,0.0000000014,-0.0003091795,0.0000649901
2013-05,0.0000000002,0.0000000033,0.0000000050,0.0012808655,0.0010628867,0.0000000158,0.0000000027,0.0000000046,0.0012894956,0.0010741673,0.0000000058,0.0000000011,0.0000000020,0.0023500613,0.0021197872,0.0000000002,0.0000000028,0.0000000039,0.0021698133,0.0018984166,0.0000000007,0.0000000051,0.0000000082,0.0006433232,0.0005234905,-0.0000000000,0.0000000000,-0.0000000000,0.0007666538,0.0009020636,0.0000000002,0.0000000027,0.0000000052,0.0012477543,0.0008954419
2013-06,0.0000000027,0.0000000003,0.0000000000,-0.0001224861,-0.0007606473,0.0000000027,0.0000000003,0.0000000000,-0.0001143176,-0.0007436502,0.0000000023,0.0000000003,0.0000000004,0.0009583560,0.0004022804,0.0000000001,0.0000000008,0.0000000016,0.0001792352,-0.0003333327,0.0000000002,0.0000000020,0.0000000000,-0.0001035806,-0.0003148756,-0.0000000000,0.0000000000,0.0000000000,0.0002138074,-0.0002002939,0.0000000025,0.0000000003,0.0000000000,-0.0000026253,-0.0006374916
2013-07,0.0000000002,0.0000000032,-0.0000402627,-0.0007768238,-0.0009042258,0.0000000149,0.0000000026,-0.0000411907,-0.0007297877,-0.0008882347,0.0000000075,0.0000000011,-0.0000358972,0.0005703620,0.0002522133,0.0000000003,0.0000000033,-0.0000373723,0.0007223117,0.0003451622,0.0000000003,0.0000000024,-0.0000227688,-0.0018358685,-0.0020092401,-0.0000000000,0.0000000000,-0.0000360642,-0.0009497666,-0.0012223006,0.0000000002,0.0000000025,-0.0000446739,-0.0005101913,-0.0007262254
2013-08,-0.0000000020,-0.0000000004,-0.0000000007,0.0005838931,0.0005884163,-0.0000000016,-0.0000000003,-0.0000000001,0.0005956142,0.0005733487,-0.0000000006,-0.0000000001,-0.0000000000,-0.0001924740,-0.0001556920,-0.0000000001,-0.0000000006,-0.0000000000,0.0004889879,0.0004641133,0.0000000001,0.0000000004,-0.0000000002,0.0004278834,0.0008924275,-0.0000000000,-0.0000000000,-0.0000000000,0.0003156238,0.0004407699,-0.0000000013,-0.0000000001,-0.0000000001,0.0006057102,0.0006422850
2013-09,-0.0000000013,-0.0000000002,-0.0000000009,0.0002474354,0.0008639612,-0.0000000009,-0.0000000001,-0.0000000007,0.0002351130,0.0008533745,-0.0000000007,-0.0000000001,-0.0000000006,0.0007840970,0.0011624552,-0.0000000037,-0.0000000004,-0.0000000012,-0.0001013829,0.0005308811,0.0000000000,0.0000000000,-0.0000000000,0.0018501055,0.0023545446,0.0000000000,0.0000000000,-0.0000000000,0.0008148345,0.0014871286,-0.0000000005,-0.0000000001,-0.0000000009,0.0004011658,0.0009934851
2013-10,-0.0000000033,-0.0000000004,-0.0000000017,-0.0004653134,-0.0001731694,-0.0000000035,-0.0000000004,-0.0000000015,-0.0004651634,-0.0002033125,-0.0000000031,-0.0000000003,-0.0000000011,0.0000558002,0.0000590407,-0.0000000099,-0.0000000010,-0.0000000020,0.0001486285,0.0002590991,-0.0000000003,-0.0000000019,-0.0000000001,-0.0014265357,-0.0012078946,0.0000000000,-0.0000000000,-0.0000000000,-0.0005512696,-0.0006374900,-0.0000000036,-0.0000000004,-0.0000000020,-0.0003054886,0.0000897374
2013-11,-0.0000000025,-0.0000000003,-0.0000000000,0.0010648056,0.0004525014,-0.0000000023,-0.0000000003,-0.0000000000,0.0011100955,0.0004731751,-0.0000000024,-0.0000000002,-0.0000000000,0.0025321685,0.0019401663,-0.0000000001,-0.0000000007,-0.0000000001,0.0015638121,0.0009894018,-0.0000000000,-0.0000000001,0.0000000001,0.0000309715,-0.0007845974,0.0000000000,0.0000000000,-0.0000000000,0.0003740813,-0.0001838742,-0.0000000032,-0.0000000003,-0.0000000001,0.0012975643,0.0007203717
2013-12,-0.0000000057,-0.0000000007,-0.0000000020,-0.0001401011,0.0002704786,-0.0000000052,-0.0000000007,-0.0000000018,-0.0001609680,0.0002629132,-0.0000000040,-0.0000000004,-0.0000000012,-0.0005181788,-0.0000126357,-0.0000000002,-0.0000000018,-0.0000000040,-0.0005849039,0.0000244480,-0.0000000004,-0.0000000023,-0.0000000000,0.0002429473,0.0013112151,0.0000000000,0.0000000000,0.0000000000,0.0001573734,0.0008239346,-0.0000000039,-0.0000000005,-0.0000000014,-0.0002876129,0.0001840611
2014-01,-0.0000000063,-0.0000000006,-0.0000000026,-0.0001603750,-0.0007943319,-0.0000000063,-0.0000000006,-0.0000000024,-0.0001441662,-0.0007986173,-0.0000000049,-0.0000000003,-0.0000000017,0.0004804997,0.0001580664,-0.0000000002,-0.0000000015,-0.0000000038,0.0006777885,0.0001757109,-0.0000000004,-0.0000000019,-0.0000000002,0.0002843133,-0.0012057108,0.0000000000,0.0000000000,-0.0000000000,0.0005265775,-0.0002058775,-0.0000000063,-0.0000000005,-0.0000000023,-0.0000354189,-0.0006174577
2014-02,-0.0000000011,-0.0000000001,-0.0000000007,-0.0002251629,-0.0000984834,-0.0000000012,-0.0000000001,-0.0000000006,-0.0002419914,-0.0001227793,-0.0000000002,-0.0000000000,-0.0000000001,-0.0006064530,-0.0004841398,-0.0000000001,-0.0000000007,-0.0000000017,-0.0005982934,-0.0005257776,0.0000000004,0.0000000014,0.0000000033,-0.0005062515,-0.0000074095,-0.0000000000,0.0000000000,0.0000000000,-0.0005796501,-0.0003705516,-0.0000000009,-0.0000000001,-0.0000000005,-0.0002709043,-0.0001628956
2014-03,-0.0000000015,-0.0000000002,-0.0000000004,-0.0005633785,-0.0001593777,-0.0000000016,-0.0000000002,-0.0000000002,-0.0005866667,-0.0001843628,-0.0000000004,-0.0000000000,0.0000000000,-0.0008756592,-0.0006023575,-0.0000000000,-0.0000000001,-0.0000000001,-0.0007163922,-0.0003666771,-0.0000000004,-0.0000000019,-0.0000000001,-0.0006250236,-0.0001343560,-0.0000000000,0.0000000000,-0.0000000000,-0.0003840729,-0.0001668375,-0.0000000017,-0.0000000002,0.0000000000,-0.0006073944,-0.0001456516
2014-04,-0.0000000000,-0.0000000003,-0.0000000000,-0.0022155616,-0.0015389375,-0.0000000000,-0.0000000003,-0.0000000002,-0.0023007467,-0.0016095464,-0.0000000007,-0.0000000000,0.0000000003,-0.0036491798,-0.0030694208,0.0000000000,0.0000000001,0.0000000005,-0.0032017370,-0.0025252142,-0.0000000003,-0.0000000019,-0.0000000012,-0.0031506422,-0.0018847749,-0.0000000000,0.0000000000,0.0000000000,-0.0029878684,-0.0021512473,-0.0000000000,-0.0000000002,0.0000000000,-0.0021686896,-0.0017297645
2014-05,-0.0000000017,-0.0000000002,-0.0000000008,-0.0000226154,0.0001489354,-0.0000000014,-0.0000000002,-0.0000000007,-0.0000020655,0.0001662584,-0.0000000013,-0.0000000001,-0.0000000007,0.0008053407,0.0008403343,-0.0000000001,-0.0000000009,-0.0000000022,0.0003534401,0.0004615445,0.0000000004,0.0000000023,0.0000000035,-0.0000489234,-0.0000945427,0.0000000000,0.0000000000,0.0000000000,0.0005965801,0.0005825462,0.0000000004,0.0000000001,-0.0000000001,-0.0000308573,0.0001623416
2014-06,0.0000000001,0.0000000020,0.0000000039,-0.0009719589,-0.0012137400,0.0000000134,0.0000000019,0.0000000038,-0.0009235607,-0.0011774446,0.0000000104,0.0000000010,0.0000000037,-0.0013919337,-0.0017112180,0.0000000004,0.0000000035,0.0000000078,-0.0006068404,-0.0010980306,0.0000000010,0.0000000057,0.0000000003,-0.0016929952,-0.0017186949,-0.0000000000,-0.0000000000,0.0000000000,-0.0012096697,-0.0014679666,0.0000000127,0.0000000013,0.0000000032,-0.0011226657,-0.0012646243
2014-07,-0.0000000121,-0.0000000018,-0.0000000021,0.0010082816,0.0010544624,-0.0000000115,-0.0000000016,-0.0000000015,0.0010304600,0.0010584021,-0.0000000109,-0.0000000009,-0.0000000004,0.0014249933,0.0015397795,-0.0000000005,-0.0000000037,-0.0000000007,0.0020001732,0.0020224609,-0.0000000005,-0.0000000028,0.0000000023,0.0001541439,0.0000649438,0.0000000000,0.0000000000,-0.0000000000,0.0010858482,0.0012037734,-0.0000000131,-0.0000000014,-0.0000000013,0.0006274247,0.0006160776
2014-08,-0.0000000002,-0.0000000026,-0.0000000045,0.0014894359,0.0013483461,-0.0000000002,-0.0000000023,-0.0000000044,0.0014245832,0.0013095733,-0.0000000002,-0.0000000011,-0.0000000041,0.0005798775,0.0005668651,-0.0000000004,-0.0000000026,-0.0000000073,0.0008540378,0.0007939949,-0.0000000009,-0.0000000064,-0.0000000001,0.0019575673,0.0018662075,0.0000000000,0.0000000000,-0.0000000000,0.0015394404,0.0013432559,-0.0000000003,-0.0000000017,-0.0000000037,0.0015085819,0.0012090035
2014-09,-0.0000000000,-0.0000000005,-0.0000000015,0.0012931404,0.0019990824,-0.0000000000,-0.0000000005,-0.0000000015,0.0013425163,0.0020120601,-0.0000000001,-0.0000000006,-0.0000000024,0.0024049015,0.0029675899,-0.0000000002,-0.0000000012,-0.0000000029,0.0018915817,0.0024384263,-0.0000000003,-0.0000000019,-0.0000000001,0.0003106886,0.0007646544,0.0000000000,0.0000000000,-0.0000000000,0.0007057116,0.0012968565,-0.0000000001,-0.0000000004,-0.0000000014,0.0012118582,0.0019081790
2014-10,-0.0000000001,-0.0000000008,-0.0000000017,0.0002346766,0.0010695548,-0.0000000001,-0.0000000006,-0.0000000014,0.0003254052,0.0011501220,-0.0000000002,-0.0000000008,-0.0000000034,0.0013485603,0.0016598894,0.0000000000,0.0000000002,0.0000000006,0.0012144710,0.0016188854,-0.0000000024,-0.0000000137,-0.0000000004,-0.0020042351,-0.0006370331,0.0000000000,0.0000000000,-0.0000000000,-0.0006043619,0.0002774821,-0.0000000002,-0.0000000013,-0.0000000036,0.0001161729,0.0009347878
2014-11,-0.0000000002,-0.0000000022,-0.0000000001,0.0046189049,0.0035084495,-0.0000000002,-0.0000000021,-0.0000000001,0.0047153886,0.0035954671,-0.0000000004,-0.0000000023,-0.0000000125,0.0061902951,0.0052604044,-0.0000000024,-0.0000000075,-0.0000000266,0.0054805925,0.0046604381,-0.0000000025,-0.0000000101,-0.0000000004,0.0026198652,0.0026525828,0.0000000000,0.0000000000,0.0000000000,0.0036873899,0.0033315275,-0.0000000002,-0.0000000023,-0.0000000070,0.0044657196,0.0033766271
2014-12,-0.0000000003,-0.0000000034,-0.0000000001,-0.0010670449,-0.0013723079,-0.0000000003,-0.0000000031,-0.0000000001,-0.0010602346,-0.0013622896,-0.0000000004,-0.0000000024,-0.0000000001,-0.0004559353,-0.0007196684,-0.0000000035,-0.0000000116,-0.0000000006,-0.0006601209,-0.0010368332,-0.0000000045,-0.0000000255,-0.0000000007,-0.0020379038,-0.0022183400,0.0000000000,0.0000000000,-0.0000000000,-0.0016024578,-0.0018326257,-0.0000000004,-0.0000000044,-0.0000000001,-0.0012212696,-0.0014787663
2015-01,-0.0000000007,-0.0000000073,-0.0000000003,-0.0015819839,-0.0011598039,-0.0000000006,-0.0000000067,-0.0000000003,-0.0015071625,-0.0011147113,-0.0000000006,-0.0000000034,-0.0000000002,-0.0016330696,-0.0011755368,-0.0000000042,-0.0000000123,-0.0000000006,-0.0005394144,-0.0003471633,-0.0000000090,-0.0000000575,-0.0000000013,-0.0021493032,-0.0011343977,0.0000000000,-0.0000000000,0.0000000000,-0.0016780573,-0.0008664880,-0.0000000014,-0.0000000089,-0.0000000003,-0.0015716627,-0.0012800885
2015-02,0.0000000013,0.0000000105,0.0000000004,0.0028139328,0.0030594498,0.0000000013,0.0000000097,0.0000000004,0.0028029682,0.0030507662,0.0000000006,0.0000000045,0.0000000003,0.0025266927,0.0027755959,0.0000000055,0.0000000144,0.0000000007,0.0022514942,0.0025184842,0.0000000047,0.0000000004,0.0000000005,0.0020485740,0.0026862613,-0.0000000000,-0.0000000000,0.0000000000,0.0027590431,0.0029328911,0.0000000017,0.0000000112,0.0000000004,0.0029594037,0.0032174678
2015-03,0.0000000003,0.0000000032,0.0000000002,-0.0001212161,-0.0010007050,0.0000000003,0.0000000030,0.0000000002,-0.0001105864,-0.0009904627,0.0000000001,0.0000000006,0.0000000001,0.0004785998,-0.0005228954,0.0000000015,0.0000000040,0.0000000003,0.0002496615,-0.0006377445,0.0000000040,0.0000000296,0.0000000006,0.0005983241,-0.0002315538,-0.0000000000,-0.0000000000,-0.0000000000,0.0005262380,-0.0005500293,0.0000000005,0.0000000039,0.0000000002,-0.0000624296,-0.0009053427
2015-04,-0.0000000003,-0.0000000026,-0.0000000000,-0.0012587675,-0.0007095565,-0.0000000003,-0.0000000023,-0.0000000021,-0.0012798576,-0.0007169665,-0.0000000000,-0.0000000001,-0.0000000003,-0.0016154036,-0.0008850809,-0.0000000017,-0.0000000057,-0.0000000002,-0.0013281599,-0.0007767739,-0.0000000032,-0.0000000228,-0.0000000059,-0.0013335984,-0.0008618763,0.0000000000,0.0000000000,0.0000000000,-0.0014553745,-0.0007590811,-0.0000000004,-0.0000000032,-0.0000000017,-0.0012947986,-0.0007464970
2015-05,-0.0000000006,-0.0000000063,-0.0000000003,0.0018283866,0.0019126771,-0.0000000006,-0.0000000058,-0.0000000003,0.0018336358,0.0019119773,-0.0000000007,-0.0000000032,-0.0000000002,0.0018791169,0.0019665934,-0.0000000036,-0.0000000127,-0.0000000008,0.0018316506,0.0018089051,-0.0000000029,-0.0000000217,-0.0000000004,0.0011504708,0.0012500571,0.0000000000,0.0000000000,-0.0000000000,0.0017326788,0.0018256670,-0.0000000006,-0.0000000064,-0.0000000003,0.0020101024,0.0020123054
2015-06,0.0000000008,0.0000000088,0.0000000006,0.0010158301,0.0009292845,0.0000000008,0.0000000081,0.0000000006,0.0010389306,0.0009509165,0.0000000006,0.0000000049,0.0000000005,0.0009523361,0.0007903526,0.0000000039,0.0000000116,0.0000000015,0.0005759756,0.0005173098,0.0000000120,0.0000000780,0.0000000019,0.0015227708,0.0017431224,-0.0000000000,0.0000000000,-0.0000000000,0.0009258520,0.0009283716,0.0000000009,0.0000000071,0.0000000005,0.0009085207,0.0008383564
2015-07,-0.0000000384,-0.0000000051,-0.0000000026,-0.0013109635,0.0001647047,-0.0000000374,-0.0000000046,-0.0000000018,-0.0012256479,0.0002330119,-0.0000000272,-0.0000000022,-0.0000000057,0.0001282765,0.0012060835,-0.0000000876,-0.0000000041,-0.0000000033,-0.0006869225,0.0005998362,-0.0000002003,-0.0000000246,-0.0000000066,-0.0025251684,-0.0003422778,-0.0000000000,0.0000000000,-0.0000000000,-0.0010188043,0.0005461060,-0.0000000439,-0.0000000054,-0.0000000027,-0.0015187830,-0.0000692585
2015-08,-0.0000000057,-0.0000000008,-0.0000000002,-0.0004971182,-0.0002078533,-0.0000000048,-0.0000000007,-0.0000000002,-0.0004900566,-0.0001997351,-0.0000000010,-0.0000000001,-0.0000000001,-0.0007343712,-0.0004536252,0.0000000098,0.0000000010,0.0000000002,-0.0008987779,-0.0005468540,0.0000000015,0.0000000104,0.0000000010,0.0001756390,0.0006835169,-0.0000000000,0.0000000000,-0.0000000000,-0.0003821316,0.0000112400,-0.0000000074,-0.0000000012,-0.0000000003,-0.0005681292,-0.0002997889
2015-09,-0.0000000466,-0.0000000096,-0.0000000453,-0.0022527532,-0.0018154588,-0.0000000453,-0.0000000090,-0.0000000455,-0.0021663010,-0.0017291866,-0.0000000475,-0.0000000042,-0.0000000277,-0.0007231128,-0.0003222249,-0.0000000821,-0.0000000104,-0.0000000432,-0.0011640590,-0.0006352676,-0.0000000015,-0.0000000123,-0.0000000341,-0.0022722190,-0.0005990063,0.0000000000,0.0000000000,-0.0000000000,-0.0012988274,-0.0004624521,-0.0000000443,-0.0000000125,-0.0000000433,-0.0025240572,-0.0020451641
2015-10,-0.0000001279,-0.0000000324,-0.0000000678,0.0001383571,0.0003706590,-0.0000001240,-0.0000000307,-0.0000000671,0.0000875074,0.0003506668,-0.0000001318,-0.0000000135,-0.0000000476,-0.0003881585,0.0003223007,-0.0000002223,-0.0000000478,-0.0000001242,-0.0005689943,-0.0000381073,-0.0000000220,-0.0000001639,-0.0000002626,-0.0003551101,-0.0002476637,0.0000000000,-0.0000000000,-0.0000000000,-0.0004198771,0.0000900636,-0.0000000949,-0.0000000432,-0.0000000680,0.0004213909,0.0005697124
2015-11,0.0000000672,0.0000000241,0.0000000588,0.0006362536,0.0003689418,0.0000000685,0.0000000232,0.0000000608,0.0006736483,0.0003885564,0.0000000947,0.0000000162,0.0000000681,0.0007660182,0.0004622245,0.0000000996,0.0000000327,0.0000000866,0.0008369456,0.0003640169,0.0000000029,0.0000000205,0.0000000012,0.0002507958,0.0002497159,-0.0000000000,0.0000000000,0.0000000000,0.0004863775,0.0002222494,0.0000000495,0.0000000231,0.0000000430,0.0004628788,0.0001720576
2015-12,-0.0000000382,-0.0000000145,-0.0000000298,0.0017710881,0.0018662188,-0.0000000366,-0.0000000138,-0.0000000300,0.0017514799,0.0018407563,-0.0000000377,-0.0000000067,-0.0000000229,0.0019704536,0.0019489771,-0.0000000316,-0.0000000089,-0.0000000256,0.0019835693,0.0020599770,-0.0000000140,-0.0000000940,-0.0000002147,0.0022208020,0.0025701487,0.0000000000,-0.0000000000,-0.0000000000,0.0020552311,0.0021197888,-0.0000000324,-0.0000000140,-0.0000000238,0.0020524663,0.0021678391
2016-01,0.0000000235,0.0000000117,0.0000000226,-0.0019165144,-0.0012357812,0.0000000240,0.0000000115,0.0000000229,-0.0018922430,-0.0011956450,0.0000000462,0.0000000129,0.0000000350,-0.0024749597,-0.0017909688,0.0000000814,0.0000000322,0.0000000013,-0.0024437332,-0.0014476751,0.0000000105,0.0000000617,0.0000000065,0.0000426205,0.0009132246,0.0000000000,-0.0000000000,0.0000000000,-0.0016514740,-0.0008854358,0.0000000222,0.0000000112,0.0000000175,-0.0018111876,-0.0012618349
2016-02,0.0000001710,0.0000000777,0.0000000029,0.0024416934,0.0023802322,0.0000001752,0.0000000739,0.0000000030,0.0024728125,0.0024117364,0.0000000983,0.0000000314,0.0000000016,0.0025606110,0.0025489195,0.0000000056,0.0000000941,0.0000000052,0.0030700974,0.0031291380,0.0000000311,0.0000001908,0.0000000274,0.0021614882,0.0024329481,-0.0000000000,0.0000000000,0.0000000000,0.0025918127,0.0026168701,0.0000000035,0.0000000693,0.0000000021,0.0021760378,0.0022970677
2016-03,-0.0000000443,-0.0000000154,-0.0000000024,-0.0005473695,-0.0008339532,-0.0000000439,-0.0000000144,-0.0000000024,-0.0005211897,-0.0007849181,-0.0000000212,-0.0000000063,-0.0000000011,-0.0002152341,-0.0002043675,-0.0000001137,-0.0000000401,-0.0000000077,-0.0007102265,-0.0007227214,-0.0000000029,-0.0000000294,-0.0000000033,-0.0020697119,-0.0016892621,-0.0000000000,-0.0000000000,-0.0000000000,-0.0009801337,-0.0008098890,-0.0000000515,-0.0000000168,-0.0000000019,-0.0006616168,-0.0009347980
2016-04,0.0000000748,0.0000000270,0.0000000580,-0.0002471061,0.0000694107,0.0000000765,0.0000000260,0.0000000598,-0.0002173653,0.0000764391,0.0000000527,0.0000000133,0.0000000412,-0.0008752216,-0.0007290878,0.0000001899,0.0000000653,0.0000001392,0.0001942112,0.0000366882,-0.0000000487,-0.0000000148,-0.0000000280,0.0006861954,-0.0001912413,-0.0000000000,-0.0000000000,0.0000000000,-0.0000428207,-0.0001510437,0.0000000747,0.0000000264,0.0000000442,-0.0002980587,0.0000266916
2016-05,-0.0000000097,-0.0000000030,-0.0000000073,-0.0017379603,-0.0016377145,-0.0000000097,-0.0000000028,-0.0000000073,-0.0016498472,-0.0015367838,-0.0000000153,-0.0000000029,-0.0000000089,-0.0009737127,-0.0007425745,-0.0000000011,0.0000000002,-0.0000000017,-0.0010547624,-0.0010105366,-0.0000000916,-0.0000000220,-0.0000000728,-0.0018379287,-0.0015272036,0.0000000000,-0.0000000000,0.0000000000,-0.0009125891,-0.0008217554,-0.0000000081,-0.0000000022,-0.0000000046,-0.0016831938,-0.0016870812
2016-06,-0.0000000108,-0.0000000040,-0.0000000010,-0.0002400627,0.0000072702,-0.0000000114,-0.0000000039,-0.0000000011,-0.0002866548,-0.0000396631,-0.0000000017,-0.0000000003,-0.0000000001,-0.0017997645,-0.0018185201,-0.0000000133,-0.0000000044,-0.0000000014,-0.0013733195,-0.0007685227,-0.0000000370,-0.0000000092,-0.0000000025,0.0007421478,0.0007165193,-0.0000000000,-0.0000000000,0.0000000000,-0.0004192679,-0.0004614822,-0.0000000184,-0.0000000068,-0.0000000014,-0.0001500176,0.0000544623
2016-07,0.0000000000,0.0000000015,0.0000000012,0.0026821501,0.0021746532,0.0000000000,0.0000000015,0.0000000008,0.0027140154,0.0022166282,0.0000000000,0.0000000003,0.0000000004,0.0030928693,0.0029809068,0.0000000003,0.0000000091,0.0000000008,0.0033464018,0.0025531669,0.0000000001,0.0000000035,0.0000000001,0.0034724255,0.0027118781,0.0000000000,-0.0000000000,0.0000000000,0.0030533028,0.0027093744,0.0000000000,0.0000000014,0.0000000018,0.0025331421,0.0020835565
2016-08,0.0000000000,0.0000000008,0.0000000000,0.0006176768,0.0004589195,0.0000000036,0.0000000008,0.0000000000,0.0005621119,0.0004232818,0.0000000025,0.0000000002,0.0000000004,0.0010197285,0.0009570755,-0.0000000000,-0.0000000014,-0.0000000000,0.0007486223,0.0003695499,-0.0000000001,-0.0000000019,-0.0000000000,-0.0000017097,-0.0008007957,-0.0000000000,-0.0000000000,0.0000000000,0.0003898033,0.0002825189,0.0000000000,0.0000000008,0.0000000012,0.0006315030,0.0005165076
2016-09,-0.0000000031,-0.0000000006,-0.0000000000,-0.0007678078,-0.0014372392,-0.0000000028,-0.0000000005,-0.0000000000,-0.0007589821,-0.0013680325,-0.0000000023,-0.0000000002,-0.0000000005,-0.0008994377,-0.0011357548,-0.0000000001,-0.0000000013,-0.0000000000,-0.0006523164,-0.0010360867,0.0000000001,0.0000000026,0.0000000044,-0.0016770338,-0.0020647131,-0.0000000000,0.0000000000,-0.0000000000,-0.0007367044,-0.0011265393,-0.0000000000,-0.0000000009,-0.0000000000,-0.0009807779,-0.0016403728
2016-10,-0.0000000000,-0.0000000003,-0.0000000000,-0.0015727911,-0.0006047210,-0.0000000000,-0.0000000003,-0.0000000011,-0.0015997974,-0.0006183125,0.0000000009,0.0000000002,-0.0000000002,-0.0011594242,0.0003589727,-0.0000000001,-0.0000000032,-0.0000000000,-0.0010592753,0.0003075621,0.0000000001,-0.0000000002,-0.0000000001,-0.0020132766,-0.0000864083,-0.0000000000,0.0000000000,-0.0000000000,-0.0014233537,-0.0001258185,-0.0000000000,-0.0000000003,-0.0000000000,-0.0013909326,-0.0004093078
2016-11,-0.0000000001,-0.0000000021,-0.0000000001,0.0012931155,0.0013863571,-0.0000000001,-0.0000000018,-0.0000000001,0.0011598429,0.0012760083,-0.0000000046,-0.0000000009,-0.0000000000,0.0022722987,0.0023906279,-0.0000000007,-0.0000000143,-0.0000000004,0.0012644944,0.0008167220,0.0000000001,0.0000000047,-0.0000000000,0.0000620658,-0.0000430046,-0.0000000000,0.0000000000,-0.0000000000,0.0009639505,0.0013363596,-0.0000000001,-0.0000000019,-0.0000000001,0.0015381234,0.0017341995
2016-12,0.0000000023,0.0000000003,-0.0000000000,-0.0006079679,-0.0001813241,0.0000000022,0.0000000002,-0.0000000000,-0.0006491796,-0.0002618819,0.0000000010,0.0000000001,0.0000000000,-0.0003986424,-0.0002656255,0.0000000001,0.0000000004,0.0000000000,-0.0005701970,-0.0003330792,-0.0000000000,-0.0000000007,-0.0000000000,-0.0002038910,-0.0000597431,-0.0000000000,0.0000000000,0.0000000000,-0.0003993553,-0.0002414983,0.0000000022,0.0000000002,-0.0000000000,-0.0004845887,-0.0000673201
2017-01,-0.0000000010,-0.0000000004,0.0000000000,0.0024389208,0.0031831637,-0.0000000010,-0.0000000004,0.0000000000,0.0024265772,0.0031705164,-0.0000000013,-0.0000000003,-0.0000000000,0.0015805449,0.0024077326,-0.0000000000,-0.0000000008,-0.0000000001,0.0020540674,0.0028046126,-0.0000000001,-0.0000000024,-0.0000000000,0.0009704132,0.0020599814,0.0000000000,0.0000000000,0.0000000000,0.0017682442,0.0028615505,-0.0000000004,-0.0000000003,0.0000000000,0.0024818854,0.0032118815
2017-02,0.0000000006,0.0000000000,-0.0000000000,-0.0005955050,0.0002652574,0.0000000008,0.0000000000,-0.0000000000,-0.0005499946,0.0003305275,0.0000000009,0.0000000001,-0.0000000000,0.0005240304,0.0013553903,0.0000000001,0.0000000014,0.0000000000,0.0006989599,0.0015260096,-0.0000000001,-0.0000000036,-0.0000000002,0.0003790208,0.0014011208,0.0000000000,0.0000000000,-0.0000000000,0.0003996130,0.0009909447,0.0000000008,0.0000000000,-0.0000000001,-0.0006991994,0.0001741075
2017-03,0.0000000016,0.0000000009,0.0000000001,0.0005847159,0.0005366329,0.0000000017,0.0000000008,0.0000000001,0.0005397052,0.0004822811,0.0000000011,0.0000000003,0.0000000001,-0.0002436885,-0.0002097734,0.0000000001,0.0000000025,0.0000000006,0.0001827160,0.0001990397,0.0000000003,0.0000000103,0.0000000005,-0.0001286359,0.0002689686,0.0000000000,-0.0000000000,0.0000000000,-0.0001127626,0.0000920304,0.0000000009,0.0000000008,0.0000000000,0.0004180659,0.0003257241
2017-04,0.0000000018,-0.0000000000,0.0000000000,0.0013663189,0.0008839249,0.0000000016,-0.0000000001,0.0000000000,0.0013111720,0.0008494669,0.0000000014,0.0000000000,-0.0000000000,0.0007957761,0.0005602197,0.0000000001,0.0000000018,0.0000000001,0.0014691948,0.0011008755,-0.0000000000,-0.0000000001,-0.0000000000,0.0016012341,0.0015300871,-0.0000000000,-0.0000000000,0.0000000000,0.0008513254,0.0006765001,0.0000000012,-0.0000000001,0.0000000000,0.0011654498,0.0006774653
2017-05,0.0000000000,0.0000000007,0.0000000000,-0.0006311735,-0.0001642242,0.0000000000,0.0000000007,0.0000000000,-0.0005730185,-0.0001163583,0.0000000019,0.0000000003,0.0000000000,-0.0003777950,0.0001475209,0.0000000001,0.0000000019,0.0000000000,0.0003020300,0.0008768741,0.0000000000,0.0000000007,0.0000000000,0.0001774505,0.0011671502,0.0000000000,0.0000000000,0.0000000000,-0.0001036057,0.0001834199,0.0000000000,0.0000000007,0.0000000000,-0.0004614212,-0.0000110386
2017-06,-0.0000000000,0.0000000002,0.0000000000,-0.0006507790,-0.0002954786,-0.0000000000,0.0000000002,0.0000000000,-0.0006185138,-0.0002542426,-0.0000000000,-0.0000000004,-0.0000000000,0.0006462252,0.0007878495,0.0000000001,0.0000000027,0.0000000001,-0.0006019330,-0.0003122316,-0.0000000001,-0.0000000054,-0.0000000001,-0.0013326099,-0.0016451090,0.0000000000,-0.0000000000,-0.0000000000,-0.0001170569,0.0001221650,-0.0000000000,0.0000000001,0.0000000000,-0.0006556856,-0.0001851553
2017-07,0.0000000000,0.0000000002,-0.0000000042,0.0011718499,-0.0000911819,0.0000000004,0.0000000002,-0.0000000032,0.0011725975,-0.0000897901,0.0000000005,0.0000000002,-0.0000000016,0.0005772789,-0.0001752425,0.0000000001,0.0000000012,-0.0000000000,0.0013824369,0.0000950108,0.0000000047,0.0000000017,-0.0000000014,0.0016506412,0.0003301663,-0.0000000000,0.0000000000,0.0000000000,0.0009756710,-0.0000472271,0.0000000010,0.0000000003,-0.0000000041,0.0010675048,-0.0002678558
2017-08,0.0000000013,0.0000000003,-0.0000000002,-0.0002005696,-0.0004424078,0.0000000014,0.0000000003,-0.0000000001,-0.0001264636,-0.0003488207,0.0000000009,0.0000000002,-0.0000000002,0.0004980387,0.0006579641,0.0000000001,0.0000000011,-0.0000000001,0.0009081772,0.0007995665,0.0000000097,0.0000000019,-0.0000000003,-0.0009065247,-0.0003440115,-0.0000000000,-0.0000000000,-0.0000000000,0.0004623439,0.0003117871,0.0000000021,0.0000000004,0.0000000001,-0.0001226160,-0.0002865969
2017-09,-0.0000000025,-0.0000000004,-0.0000000000,-0.0013410607,-0.0013577090,-0.0000000023,-0.0000000003,-0.0000000000,-0.0013647328,-0.0013783969,-0.0000000014,-0.0000000002,-0.0000000000,-0.0009755501,-0.0008092860,-0.0000000001,-0.0000000014,-0.0000000001,-0.0013787248,-0.0013901735,-0.0000000106,-0.0000000017,-0.0000000001,-0.0018683869,-0.0015362488,0.0000000000,0.0000000000,-0.0000000000,-0.0015348595,-0.0013143334,-0.0000000023,-0.0000000004,-0.0000000000,-0.0016176073,-0.0016578622
2017-10,-0.0000000024,-0.0000000002,-0.0000000017,-0.0004703099,-0.0009876641,-0.0000000019,-0.0000000001,-0.0000000015,-0.0004073423,-0.0009077669,-0.0000000005,-0.0000000000,-0.0000000000,-0.0004272305,-0.0006456236,0.0000000000,0.0000000001,-0.0000000000,0.0006518646,-0.0000015367,-0.0000000001,-0.0000000013,-0.0000000006,-0.0010006966,-0.0012004756,-0.0000000000,0.0000000000,-0.0000000000,-0.0004268216,-0.0006320130,-0.0000000023,-0.0000000002,-0.0000000021,-0.0005226288,-0.0010327963
2017-11,0.0000000000,0.0000000002,-0.0000000000,0.0002593240,-0.0001075751,0.0000000000,0.0000000001,-0.0000000000,0.0002569713,-0.0001005659,0.0000000013,0.0000000001,0.0000000000,-0.0001502634,-0.0006142872,0.0000000001,0.0000000007,0.0000000000,0.0000922972,-0.0002761774,0.0000000001,0.0000000010,0.0000000000,0.0007558826,0.0006655369,-0.0000000000,-0.0000000000,0.0000000000,-0.0000061312,-0.0003567596,0.0000000000,0.0000000002,-0.0000000000,0.0003394145,-0.0001850800
2017-12,-0.0000000050,-0.0000000004,-0.0000000000,0.0008133874,0.0012590424,-0.0000000048,-0.0000000003,-0.0000000000,0.0007891908,0.0012449076,-0.0000000031,-0.0000000002,-0.0000000000,0.0005651791,0.0010163638,-0.0000000002,-0.0000000021,-0.0000000001,0.0001275559,0.0008340048,-0.0000000001,-0.0000000010,-0.0000000001,0.0017787040,0.0016596312,0.0000000000,0.0000000000,-0.0000000000,0.0006766865,0.0011755394,-0.0000000060,-0.0000000004,-0.0000000000,0.0007903909,0.0012654064
2018-01,-0.0000000018,-0.0000000000,-0.0000000000,0.0000555291,-0.0003429691,-0.0000000017,-0.0000000000,-0.0000000000,0.0001788151,-0.0002304116,-0.0000000021,-0.0000000001,-0.0000000000,0.0007064065,0.0005269749,0.0000000001,0.0000000007,0.0000000000,0.0015442307,0.0010560636,-0.0000000000,0.0000000000,-0.0000000001,0.0001675074,-0.0001811733,0.0000000000,0.0000000000,0.0000000000,0.0007978990,0.0002137613,-0.0000000011,-0.0000000000,-0.0000000000,0.0001464203,-0.0002211572
2018-02,0.0000000000,0.0000000002,0.0000000000,0.0012668471,0.0011767987,0.0000000000,0.0000000002,0.0000000000,0.0012868354,0.0012226056,0.0000000006,0.0000000001,0.0000000000,0.0012829566,0.0015805402,0.0000000000,0.0000000005,0.0000000000,0.0019109546,0.0020230830,0.0000000001,0.0000000005,0.0000000000,0.0011397463,0.0010182251,0.0000000000,-0.0000000000,0.0000000000,0.0015054401,0.0014874076,0.0000000000,0.0000000001,0.0000000000,0.0009133494,0.0009246778
2018-03,0.0000000000,0.0000000001,0.0000000000,-0.0011698775,-0.0013440226,0.0000000020,0.0000000001,0.0000000000,-0.0012062455,-0.0013766821,0.0000000025,0.0000000001,0.0000000000,-0.0019444108,-0.0021263619,0.0000000001,0.0000000003,0.0000000000,-0.0018254753,-0.0020066490,0.0000000000,0.0000000004,0.0000000001,-0.0017145491,-0.0018241005,0.0000000000,-0.0000000000,0.0000000000,-0.0017521293,-0.0016621091,0.0000000000,0.0000000001,0.0000000000,-0.0011441241,-0.0013600457
2018-04,0.0000000000,0.0000000001,0.0000000000,-0.0023819293,-0.0034201765,0.0000000000,0.0000000001,0.0000000000,-0.0023749951,-0.0034662914,0.0000000010,0.0000000001,0.0000000000,-0.0025444752,-0.0040425075,0.0000000038,0.0000000003,0.0000000001,-0.0018184088,-0.0034986113,0.0000000002,0.0000000010,-0.0000000001,-0.0026232221,-0.0042547906,0.0000000000,-0.0000000000,0.0000000000,-0.0022924932,-0.0037464732,0.0000000000,0.0000000001,0.0000000000,-0.0019148025,-0.0029275252
2018-05,-0.0000000001,-0.0000000002,-0.0000000000,-0.0011113182,-0.0013119003,-0.0000000001,-0.0000000001,-0.0000000000,-0.0009739740,-0.0011629879,-0.0000000030,-0.0000000001,-0.0000000000,-0.0008319784,-0.0007922133,-0.0000000028,-0.0000000001,-0.0000000000,0.0000509098,0.0000423893,-0.0000000001,-0.0000000008,0.0000000000,-0.0019557486,-0.0022093371,-0.0000000000,0.0000000000,-0.0000000000,-0.0006675628,-0.0006897922,-0.0000000001,-0.0000000001,-0.0000000000,-0.0009106519,-0.0010345350
2018-06,0.0000000000,0.0000000000,-0.0000000000,0.0003137575,0.0001409284,0.0000000000,0.0000000000,-0.0000000000,0.0003115901,0.0001304374,-0.0000000001,-0.0000000000,-0.0000000000,-0.0003924629,-0.0008926402,0.0000000001,-0.0000000000,-0.0000000000,-0.0000829483,-0.0005877945,0.0000000000,-0.0000000001,-0.0000000001,-0.0003338957,-0.0005397261,-0.0000000000,0.0000000000,0.0000000000,0.0000635837,-0.0002303865,-0.0000000000,-0.0000000000,-0.0000000000,0.0002475803,0.0000051241
2018-07,0.0000000037,0.0000000003,-0.0000000004,0.0009294584,0.0011199736,0.0000000037,0.0000000003,-0.0000000002,0.0009309793,0.0011256331,0.0000000027,0.0000000154,-0.0000000002,0.0015723732,0.0018591345,0.0000000034,0.0000000004,0.0000000001,0.0005382815,0.0009230239,0.0000000058,0.0000000007,-0.0000000000,0.0004231975,0.0006245859,-0.0000000000,-0.0000000000,-0.0000000000,0.0010388685,0.0011474788,0.0000000106,0.0000000367,0.0000000000,0.0010206427,0.0012745977
2018-08,-0.0000000028,-0.0000000031,-0.0000000004,0.0004821863,-0.0000030037,-0.0000000027,-0.0000000028,-0.0000000003,0.0005006598,0.0000059393,-0.0000000021,-0.0000000040,-0.0000000002,0.0002007718,-0.0004759230,-0.0000000007,0.0000000029,0.0000000000,0.0011535129,0.0004559359,-0.0000000034,-0.0000000001,-0.0000000005,0.0009973812,0.0005686253,-0.0000000000,0.0000000000,-0.0000000000,0.0005298930,-0.0000750604,-0.0000000023,-0.0000000029,-0.0000000002,0.0003903009,-0.0000151117
2018-09,-0.0000000029,-0.0000000069,-0.0000000004,-0.0011904720,-0.0009145410,-0.0000000029,-0.0000000060,-0.0000000003,-0.0012032532,-0.0009242581,-0.0000000024,-0.0000000022,-0.0000000002,-0.0010909651,-0.0006664822,-0.0000000021,-0.0000000002,0.0000000000,-0.0012658909,-0.0007362598,-0.0000000043,-0.0000000003,-0.0000000007,-0.0017072182,-0.0016111025,0.0000000000,0.0000000000,-0.0000000000,-0.0010924423,-0.0008868786,-0.0000000022,-0.0000000029,-0.0000000001,-0.0011910604,-0.0009092430
2018-10,0.0000000026,0.0000000092,0.0000000004,0.0003142161,0.0006659666,0.0000000025,0.0000000077,0.0000000003,0.0003150590,0.0006652413,-0.0000000005,0.0000000003,0.0000000000,0.0003898323,0.0005531155,0.0000000012,0.0000000001,0.0000000003,0.0003711529,0.0006568982,0.0000000014,0.0000000000,0.0000000001,0.0008316196,0.0010036088,-0.0000000000,0.0000000000,-0.0000000000,0.0008797095,0.0007245859,0.0000000055,0.0000000102,0.0000000005,0.0002054133,0.0004100439
2018-11,-0.0000000199,-0.0000000008,-0.0000000097,0.0027445400,0.0012910439,-0.0000000191,-0.0000000007,-0.0000000095,0.0026931097,0.0012323620,-0.0000000191,-0.0000000291,-0.0000000059,0.0035487961,0.0018358117,-0.0000000190,-0.0000000009,-0.0000000122,0.0024116896,0.0006813036,-0.0000000304,-0.0000000023,-0.0000000144,0.0034187767,0.0021637521,0.0000000000,0.0000000000,-0.0000000000,0.0030890839,0.0012591268,-0.0000000236,-0.0000000481,-0.0000000058,0.0024792670,0.0009419788
2018-12,0.0000000059,0.0000000004,0.0000000054,0.0015461337,0.0008966406,0.0000000061,0.0000000003,0.0000000001,0.0014944400,0.0008270290,0.0000000099,0.0000000186,0.0000000001,0.0011454109,0.0002388829,0.0000000120,0.0000000005,0.0000000002,0.0012265643,0.0002749401,0.0000000020,0.0000000005,0.0000000000,0.0007430977,-0.0001332335,-0.0000000000,0.0000000000,0.0000000000,0.0013271951,0.0005403956,0.0000000081,0.0000000145,0.0000000001,0.0016811888,0.0010722743
2019-01,0.0000000071,0.0000000002,0.0000000000,-0.0016597354,-0.0013371635,0.0000000072,0.0000000001,0.0000000000,-0.0015891728,-0.0012578172,0.0000000114,0.0000000107,0.0000000032,-0.0011104168,-0.0005526195,0.0000000085,0.0000000001,0.0000000000,-0.0010082150,-0.0005416946,0.0000000078,0.0000000002,0.0000000001,-0.0003865781,-0.0003052468,0.0000000000,-0.0000000000,0.0000000000,-0.0012654903,-0.0007271319,0.0000000077,0.0000000082,0.0000000000,-0.0014748174,-0.0011603870
2019-02,0.0000000104,0.0000000305,0.0000000011,-0.0014998129,-0.0007057446,0.0000000103,0.0000000257,0.0000000011,-0.0014492863,-0.0006228150,0.0000000103,0.0000000124,0.0000000006,-0.0013473709,-0.0001569702,0.0000000141,0.0000000348,0.0000000011,-0.0015194817,-0.0002528628,0.0000000045,0.0000000007,0.0000000010,-0.0026066857,-0.0020274695,-0.0000000000,-0.0000000000,0.0000000000,-0.0014237275,-0.0004251532,0.0000000076,0.0000000167,0.0000000009,-0.0016961445,-0.0009562587
2019-03,0.0000000004,0.0000000002,0.0000000001,-0.0001901966,-0.0001162869,0.0000000004,0.0000000001,0.0000000001,-0.0002154239,-0.0001273393,0.0000000007,0.0000000008,0.0000000001,-0.0010235414,-0.0010075900,0.0000000021,0.0000000029,0.0000000002,-0.0004972559,-0.0004352191,0.0000000040,0.0000000004,0.0000000008,-0.0003009255,-0.0000059458,-0.0000000000,0.0000000000,-0.0000000000,-0.0007094389,-0.0005402842,0.0000000013,0.0000000017,0.0000000001,-0.0002270168,-0.0000338961
2019-04,-0.0000000135,-0.0000000206,-0.0000000037,0.0011985795,0.0008420567,-0.0000000130,-0.0000000177,-0.0000000039,0.0011809357,0.0008187272,-0.0000000123,-0.0000000124,-0.0000000031,0.0007750974,0.0006219308,-0.0000000161,-0.0000000223,-0.0000000031,0.0012913528,0.0008694031,-0.0000000158,-0.0000000012,-0.0000000009,0.0034411881,0.0025115855,0.0000000000,0.0000000000,-0.0000000000,0.0008893234,0.0007505523,-0.0000000094,-0.0000000151,-0.0000000029,0.0011253898,0.0007715588
2019-05,0.0000000003,0.0000000003,-0.0000000000,0.0020030363,0.0013340574,0.0000000003,0.0000000004,-0.0000000000,0.0019870349,0.0012920063,-0.0000000039,-0.0000000056,-0.0000000003,0.0019073989,0.0011592743,-0.0000000033,-0.0000000032,-0.0000000001,0.0017342404,0.0011700353,0.0000000108,0.0000000004,0.0000000003,0.0023638464,0.0018046635,-0.0000000000,0.0000000000,0.0000000000,0.0019062146,0.0011529689,0.0000000012,0.0000000019,0.0000000001,0.0018745339,0.0012777019
2019-06,-0.0000000098,-0.0000000220,-0.0000000009,0.0005920424,0.0002785292,-0.0000000091,-0.0000000185,-0.0000000008,0.0006221276,0.0003061603,-0.0000000026,-0.0000000070,-0.0000000003,0.0007121033,0.0004225737,-0.0000000107,-0.0000000211,-0.0000000006,0.0006705946,0.0002853556,-0.0000000167,-0.0000000011,-0.0000000017,0.0000364512,-0.0002995259,0.0000000000,0.0000000000,0.0000000000,0.0006627371,0.0003924879,-0.0000000045,-0.0000000127,-0.0000000006,0.0005459568,0.0002432529
2019-07,-0.0000000048,-0.0000000076,-0.0000000000,0.0008416585,0.0009478161,-0.0000000043,-0.0000000065,-0.0000000000,0.0008446523,0.0009394799,-0.0000000030,-0.0000000044,0.0000000000,0.0003336570,0.0004165361,-0.0000000042,-0.0000000079,0.0000000000,0.0008288759,0.0009483783,-0.0000000029,-0.0000000003,0.0000000004,0.0023080783,0.0021313378,0.0000000000,0.0000000000,-0.0000000000,0.0004759052,0.0006992675,-0.0000000023,-0.0000000052,0.0000000001,0.0007365644,0.0008992135
2019-08,-0.0000000121,-0.0000000213,-0.0000000066,0.0018683649,0.0006554637,-0.0000000110,-0.0000000187,-0.0000000066,0.0018988562,0.0006708282,-0.0000000045,-0.0000000087,-0.0000000027,0.0016137290,0.0006191487,-0.0000000080,-0.0000000166,-0.0000000044,0.0017452413,0.0007546508,-0.0000000132,-0.0000000006,-0.0000000084,0.0013154288,-0.0001239016,0.0000000000,0.0000000000,-0.0000000000,0.0017054420,0.0006107454,-0.0000000045,-0.0000000114,-0.0000000032,0.0019494394,0.0007757605
2019-09,-0.0000000114,-0.0000000205,-0.0000000042,-0.0015498002,-0.0011993017,-0.0000000101,-0.0000000165,-0.0000000039,-0.0015566433,-0.0011977845,-0.0000000033,-0.0000000059,-0.0000000009,-0.0013528899,-0.0010317729,-0.0000000104,-0.0000000214,-0.0000000036,-0.0013543288,-0.0012255150,-0.0000000009,-0.0000000001,-0.0000000008,-0.0013702903,-0.0012183039,0.0000000000,0.0000000000,-0.0000000000,-0.0013653589,-0.0010760004,-0.0000000053,-0.0000000137,-0.0000000030,-0.0012956848,-0.0010164275
2019-10,-0.0000000088,-0.0000000142,-0.0000000005,0.0001587835,0.0009216095,-0.0000000080,-0.0000000120,-0.0000000005,0.0001271429,0.0008932168,-0.0000000069,-0.0000000112,-0.0000000003,0.0004547187,0.0010433741,-0.0000000130,-0.0000000248,-0.0000000008,0.0004299158,0.0010068587,-0.0000000006,-0.0000000002,-0.0000000003,0.0013970610,0.0022345587,0.0000000000,0.0000000000,-0.0000000000,0.0003981141,0.0009455871,-0.0000000037,-0.0000000089,-0.0000000003,0.0004463326,0.0010949841
2019-11,-0.0000000247,-0.0000000404,-0.0000000016,0.0002898727,0.0009891124,-0.0000000233,-0.0000000345,-0.0000000016,0.0003131507,0.0010169437,-0.0000000150,-0.0000000247,-0.0000000009,0.0009042901,0.0015358505,-0.0000000295,-0.0000000554,-0.0000000024,0.0005638496,0.0011913175,-0.0000000110,-0.0000000008,-0.0000000013,-0.0002515991,0.0001350977,0.0000000000,0.0000000000,-0.0000000000,0.0007390568,0.0012762210,-0.0000000105,-0.0000000207,-0.0000000010,0.0002779892,0.0009832197
2019-12,0.0000000218,0.0000000289,0.0000000094,-0.0004975803,-0.0004642701,0.0000000205,0.0000000264,0.0000000047,-0.0005042371,-0.0004727215,0.0000000132,0.0000000234,0.0000000018,-0.0006439561,-0.0007447568,0.0000000168,0.0000000249,0.0000000002,-0.0002499155,-0.0003735097,0.0000000277,0.0000000017,0.0000000006,-0.0006443839,-0.0007398510,-0.0000000000,-0.0000000000,0.0000000000,-0.0006025054,-0.0005780521,0.0000000112,0.0000000192,0.0000000052,-0.0006422509,-0.0005851284
2020-01,-0.0000000133,-0.0000000209,-0.0000000016,-0.0001603937,0.0000786052,-0.0000000127,-0.0000000198,-0.0000000016,-0.0000701020,0.0001531652,-0.0000000088,-0.0000000150,-0.0000000011,0.0003683161,0.0004710393,-0.0000000164,-0.0000000319,-0.0000000029,0.0007705810,0.0009160228,0.0000000007,-0.0000000004,-0.0000000007,-0.0002820113,0.0000213410,0.0000000000,0.0000000000,-0.0000000000,0.0003332257,0.0003882832,-0.0000000045,-0.0000000098,-0.0000000008,-0.0004254369,-0.0001102134
2020-02,0.0000000019,0.0000000001,0.0000000003,0.0014482518,0.0015625168,0.0000000018,0.0000000052,0.0000000003,0.0014610632,0.0015634537,-0.0000000014,-0.0000000018,-0.0000000000,0.0015956042,0.0014780820,0.0000000073,0.0000000002,0.0000000006,0.0016391937,0.0015699076,-0.0000000027,-0.0000000007,-0.0000000013,0.0022186283,0.0022835268,-0.0000000000,-0.0000000000,0.0000000000,0.0016034775,0.0015315881,-0.0000000011,-0.0000000002,0.0000000000,0.0013769007,0.0014593993
2020-03,-0.0000000329,-0.0000000007,-0.0000000032,0.0025111738,0.0033944042,-0.0000000327,-0.0000000571,-0.0000000031,0.0025048495,0.0033841477,-0.0000000231,-0.0000000458,-0.0000000021,0.0029235999,0.0034701350,-0.0000000475,-0.0000000013,-0.0000000055,0.0028223430,0.0033866859,-0.0000000216,-0.0000000049,-0.0000000076,0.0016203534,0.0027896597,0.0000000000,0.0000000000,-0.0000000000,0.0031188718,0.0033820694,-0.0000000125,-0.0000000005,-0.0000000021,0.0023495854,0.0031844743
2020-04,-0.0000000000,-0.0000000000,0.0000000009,-0.0013974263,-0.0014848274,-0.0000000020,-0.0000000000,0.0000000005,-0.0010855685,-0.0012634831,-0.0000000001,-0.0000000002,-0.0000000002,-0.0010641786,-0.0015243890,0.0000000003,0.0000000009,0.0000000068,-0.0008124600,-0.0011500580,-0.0000000010,-0.0000000065,-0.0000000110,-0.0030501798,-0.0020597881,0.0000000000,0.0000000000,-0.0000000000,-0.0010884387,-0.0014740195,0.0000000005,0.0000000002,0.0000000017,-0.0019749974,-0.0017464955
2020-05,-0.0000000003,-0.0000000009,-0.0000000079,0.0001289627,-0.0002641991,-0.0000000002,-0.0000000005,-0.0000000068,0.0004640355,0.0000022348,-0.0000000003,-0.0000000008,-0.0000000063,0.0007709141,0.0002927274,0.0000000001,0.0000000002,0.0000000001,0.0010784036,0.0005428492,-0.0000000016,-0.0000000244,-0.0000000007,0.0011596045,0.0007004370,0.0000000000,0.0000000000,-0.0000000000,0.0006613359,0.0002626104,-0.0000000003,-0.0000000014,-0.0000000073,0.0001049471,-0.0002784094
2020-06,0.0000000004,0.0000000007,0.0000000017,0.0014035614,0.0010533446,0.0000000004,0.0000000005,0.0000000017,0.0014304322,0.0011134638,0.0000000004,0.0000000010,0.0000000026,0.0008565844,0.0007329966,-0.0000000001,-0.0000000001,-0.0000000036,0.0013700386,0.0012921776,0.0000000006,0.0000000013,0.0000000037,0.0011856922,0.0007601207,-0.0000000000,-0.0000000000,0.0000000000,0.0008315829,0.0008222196,0.0000000003,0.0000000009,0.0000000016,0.0014245129,0.0010506536
2020-07,0.0000000013,0.0000000031,-0.0000000007,0.0007007919,0.0009895794,0.0000000013,0.0000000024,-0.0000000016,0.0007934093,0.0010542443,0.0000000007,0.0000000024,-0.0000000002,0.0006651371,0.0007347394,0.0000000015,0.0000000036,-0.0000000002,0.0009709104,0.0011521678,0.0000000006,0.0000000134,0.0000000030,0.0009115192,0.0019358420,0.0000000000,0.0000000000,-0.0000000000,0.0007110547,0.0008179089,0.0000000009,0.0000000028,-0.0000000003,0.0007816026,0.0011298800
2020-08,0.0000000001,0.0000000004,0.0000000023,0.0012637277,0.0014181564,0.0000000001,0.0000000002,0.0000000016,0.0011558020,0.0012879092,-0.0000000003,-0.0000000010,-0.0000000032,0.0016036523,0.0015863489,0.0000000001,0.0000000003,0.0000000030,0.0011556427,0.0013614568,0.0000000775,0.0000000327,0.0000000548,0.0010578169,0.0013334379,0.0000000000,-0.0000000000,-0.0000000000,0.0015300202,0.0015491506,0.0000000001,0.0000000006,0.0000000026,0.0014640899,0.0014472640
2020-09,0.0000000014,0.0000000042,0.0000000162,0.0015394655,0.0011708145,0.0000000013,0.0000000027,0.0000000138,0.0015190511,0.0011450375,0.0000000004,0.0000000013,0.0000000052,0.0013882592,0.0010236154,0.0000000028,0.0000000101,0.0000000370,0.0015297766,0.0010921423,0.0000000014,0.0000000382,0.0000000553,0.0016179868,0.0015125980,-0.0000000000,-0.0000000000,0.0000000000,0.0014461470,0.0010539937,0.0000000007,0.0000000033,0.0000000118,0.0015417276,0.0011486179
2020-10,-0.0000000003,-0.0000000012,-0.0000000059,-0.0004683592,-0.0008481074,-0.0000000003,-0.0000000009,-0.0000000054,-0.0003504816,-0.0007222151,-0.0000000001,-0.0000000004,-0.0000000022,-0.0001507373,-0.0005752237,-0.0000000013,-0.0000000057,-0.0000000199,-0.0000518615,-0.0005217398,-0.0000000252,-0.0000000188,-0.0000000442,-0.0008004400,-0.0009741155,-0.0000000000,-0.0000000000,0.0000000000,-0.0002371345,-0.0005938134,-0.0000000002,-0.0000000009,-0.0000000044,-0.0007265053,-0.0010472756
2020-11,-0.0000000007,-0.0000000020,-0.0000000068,0.0006672000,0.0001192148,-0.0000000008,-0.0000000017,-0.0000000066,0.0006498506,0.0001052998,-0.0000000003,-0.0000000008,-0.0000000033,0.0009195408,0.0005825290,-0.0000000014,-0.0000000053,-0.0000000189,0.0004255190,0.0000525443,0.0000000003,0.0000000067,0.0000000002,0.0002814739,-0.0004460251,-0.0000000000,-0.0000000000,0.0000000000,0.0008073975,0.0005737915,-0.0000000006,-0.0000000020,-0.0000000090,0.0008531421,0.0002232031
2020-12,0.0000000020,0.0000000039,0.0000000150,0.0002667165,0.0004246559,0.0000000020,0.0000000033,0.0000000138,0.0002604332,0.0004424237,0.0000000011,0.0000000029,0.0000000081,0.0003416851,0.0005280221,0.0000000051,0.0000000094,0.0000000355,0.0000157948,0.0002492771,0.0000000024,0.0000000491,0.0000001139,-0.0003550241,-0.0002886154,-0.0000000000,-0.0000000000,0.0000000000,0.0002722896,0.0005252912,0.0000000018,0.0000000039,0.0000000109,0.0002897714,0.0004979643
2021-01,0.0000000002,0.0000000004,0.0000000014,-0.0016456069,-0.0015870627,0.0000000003,0.0000000004,0.0000000016,-0.0015786367,-0.0015189002,0.0000000172,0.0000000005,0.0000000017,-0.0008653174,-0.0009014671,0.0000000008,0.0000000015,0.0000000066,-0.0013171791,-0.0012295848,0.0000001234,0.0000000258,0.0000000763,-0.0025177701,-0.0023856651,-0.0000000000,-0.0000000000,0.0000000000,-0.0010286070,-0.0010059244,0.0000000001,0.0000000002,0.0000000005,-0.0016881467,-0.0015533391
2021-02,-0.0000000002,-0.0000000004,-0.0000000037,-0.0003534264,0.0000917692,-0.0000000002,-0.0000000004,-0.0000000032,-0.0003372927,0.0000676418,-0.0000000069,-0.0000000002,-0.0000000016,-0.0003262844,-0.0000263628,-0.0000000009,-0.0000000017,-0.0000000191,-0.0003056335,-0.0001104890,0.0000000100,0.0000000009,0.0000000016,0.0001817768,0.0005744190,-0.0000000000,-0.0000000000,0.0000000000,-0.0004151385,-0.0000138435,-0.0000000002,-0.0000000005,-0.0000000034,-0.0003790576,0.0000699202
2021-03,-0.0000000006,-0.0000000011,-0.0000000045,0.0002761348,0.0005149946,-0.0000000005,-0.0000000009,-0.0000000042,0.0002733996,0.0005112941,-0.0000000230,-0.0000000007,-0.0000000019,-0.0001214079,0.0002261155,-0.0000000015,-0.0000000018,-0.0000000094,0.0003053226,0.0006047450,-0.0000000619,-0.0000000059,-0.0000000231,0.0002868670,0.0006825031,0.0000000000,0.0000000000,-0.0000000000,-0.0000795230,0.0002541258,-0.0000000006,-0.0000000009,-0.0000000037,0.0003758698,0.0005799162
2021-04,0.0000000002,0.0000000003,0.0000000006,0.0002969622,0.0002365870,0.0000000001,0.0000000002,0.0000000005,0.0003674922,0.0002900824,0.0000000000,0.0000000000,-0.0000000001,0.0004472193,0.0002808616,0.0000000003,0.0000000004,0.0000000012,0.0005997342,0.0003610002,0.0000000002,0.0000000011,0.0000000049,0.0001371603,0.0002780251,-0.0000000000,-0.0000000000,-0.0000000000,0.0004095503,0.0002772530,0.0000000002,0.0000000003,0.0000000007,0.0002636762,0.0002307486
2021-05,0.0000000009,0.0000000018,0.0000000086,0.0007511949,0.0006348286,0.0000000010,0.0000000019,0.0000000082,0.0007047547,0.0005971319,0.0000000007,0.0000000020,0.0000000049,0.0005042410,0.0004228616,0.0000000020,0.0000000025,0.0000000100,0.0005551234,0.0005072067,0.0000000015,0.0000000103,0.0000000483,0.0002638329,0.0000122733,0.0000000000,-0.0000000000,0.0000000000,0.0005107441,0.0004131895,0.0000000008,0.0000000016,0.0000000080,0.0007819998,0.0006751826
2021-06,0.0000000001,0.0000000002,0.0000000010,-0.0020293039,-0.0016526123,0.0000000093,0.0000000002,0.0000000010,-0.0019352659,-0.0015415909,0.0000000065,0.0000000002,0.0000000005,-0.0013937558,-0.0010348058,0.0000000006,0.0000000008,0.0000000032,-0.0017028795,-0.0013100310,0.0000000031,0.0000000002,0.0000000012,-0.0018153875,-0.0012475981,-0.0000000000,-0.0000000000,0.0000000000,-0.0014817098,-0.0010646305,0.0000000001,0.0000000002,0.0000000010,-0.0020300375,-0.0016579639
2021-07,0.0000000003,0.0000000006,0.0000000000,0.0009725829,0.0008895097,0.0000000003,0.0000000005,0.0000000012,0.0010843287,0.0009988751,0.0000000085,0.0000000003,0.0000000002,0.0010959297,0.0009648409,0.0000000006,0.0000000009,0.0000000004,0.0011197328,0.0009482008,0.0000000110,0.0000000007,-0.0000000000,0.0012641032,0.0014258099,-0.0000000000,-0.0000000000,0.0000000000,0.0010775934,0.0009706543,0.0000000003,0.0000000006,0.0000000000,0.0008173105,0.0007850910
2021-08,0.0000000226,0.0000000005,0.0000000015,-0.0003854958,-0.0002745101,0.0000000207,0.0000000004,0.0000000015,-0.0002864591,-0.0001786692,0.0000000079,0.0000000003,0.0000000009,0.0001936406,0.0001943853,0.0000000306,0.0000000005,0.0000000024,0.0002162580,0.0001838115,0.0000000201,0.0000000011,0.0000000075,-0.0007723991,-0.0005391298,-0.0000000000,-0.0000000000,0.0000000000,0.0001088064,0.0001941927,0.0000000216,0.0000000004,0.0000000017,-0.0004299466,-0.0003222351
2021-09,0.0000000044,0.0000000080,0.0000000002,-0.0009341867,-0.0010700932,0.0000000043,0.0000000074,0.0000000002,-0.0010394733,-0.0011728869,0.0000000023,0.0000000071,0.0000000002,-0.0012581308,-0.0014035852,0.0000000068,0.0000000105,0.0000000004,-0.0015386797,-0.0016751592,0.0000000094,0.0000000422,0.0000000019,-0.0010977457,-0.0011512000,-0.0000000000,-0.0000000000,0.0000000000,-0.0012405354,-0.0014035796,0.0000000044,0.0000000075,0.0000000002,-0.0008880045,-0.0010706723
2021-10,-0.0000000053,-0.0000000092,-0.0000000002,-0.0007476516,-0.0011675739,-0.0000000047,-0.0000000075,-0.0000000002,-0.0006773779,-0.0011140858,-0.0000000019,-0.0000000049,-0.0000000001,-0.0003999939,-0.0008834335,-0.0000000076,-0.0000000102,-0.0000000003,-0.0003033493,-0.0007599957,0.0000000006,0.0000000009,0.0000000001,-0.0018687709,-0.0016954816,0.0000000000,0.0000000000,-0.0000000000,-0.0005385569,-0.0008834289,-0.0000000054,-0.0000000084,-0.0000000002,-0.0006651725,-0.0010891097
2021-11,0.0000000016,0.0000000011,-0.0000000000,-0.0003655297,-0.0005803030,0.0000000008,-0.0000000000,-0.0000000000,-0.0002741723,-0.0004923441,-0.0000000002,-0.0000000013,-0.0000000001,-0.0000795440,-0.0002770210,-0.0000000047,-0.0000000074,-0.0000000004,0.0005447996,0.0003645369,-0.0000000018,-0.0000000081,-0.0000000003,-0.0003364259,-0.0005846675,-0.0000000000,-0.0000000000,-0.0000000000,-0.0001904172,-0.0003100609,0.0000000011,0.0000000001,-0.0000000001,-0.0001880217,-0.0004532686
2021-12,-0.0000000004,0.0000000000,0.0000000000,0.0007500407,0.0007722980,-0.0000000004,0.0000000006,0.0000000001,0.0007108935,0.0007474233,-0.0000000012,-0.0000000030,-0.0000000001,0.0001678116,0.0003445761,0.0000000022,0.0000000058,0.0000000004,0.0003182853,0.0004535263,-0.0000000042,0.0000000019,0.0000000002,-0.0001452855,-0.0002613341,0.0000000000,0.0000000000,0.0000000000,0.0002735269,0.0003651851,-0.0000000007,-0.0000000000,0.0000000000,0.0007171196,0.0007321567
2022-01,-0.0000000076,-0.0000000002,-0.0000000004,-0.0023622982,-0.0017436785,-0.0000000069,-0.0000000119,-0.0000000003,-0.0025675218,-0.0018834781,-0.0000000014,-0.0000000039,-0.0000000001,-0.0028004838,-0.0020039389,-0.0000000100,-0.0000000173,-0.0000000006,-0.0030075569,-0.0022314091,-0.0000000068,-0.0000000051,-0.0000000003,-0.0037221453,-0.0030740813,-0.0000000000,0.0000000000,-0.0000000000,-0.0027414377,-0.0020039386,-0.0000000073,-0.0000000127,-0.0000000004,-0.0024225942,-0.0018181087
2022-02,0.0000000056,0.0000000001,0.0000000003,-0.0005331670,-0.0002653464,0.0000000057,0.0000000001,0.0000000004,-0.0004677354,-0.0001915885,0.0000000040,0.0000000128,0.0000000003,-0.0012730720,-0.0008395095,0.0000000065,0.0000000001,0.0000000004,-0.0010295483,-0.0005835420,0.0000000276,0.0000000429,0.0000000024,-0.0008677623,-0.0008015986,-0.0000000000,-0.0000000000,0.0000000000,-0.0011580094,-0.0008130232,0.0000000077,0.0000000001,0.0000000004,-0.0006285645,-0.0004717669
2022-03,0.0000000012,0.0000000034,0.0000000002,-0.0012425534,-0.0014932870,0.0000000021,0.0000000045,0.0000000003,-0.0012914991,-0.0015329914,0.0000000023,0.0000000076,0.0000000003,-0.0021013703,-0.0024635446,0.0000000024,0.0000000041,0.0000000004,-0.0017451307,-0.0020523987,0.0000000057,0.0000000150,0.0000000019,-0.0003528345,-0.0003830991,-0.0000000000,-0.0000000000,-0.0000000000,-0.0019639052,-0.0023616076,0.0000000024,0.0000000048,0.0000000003,-0.0012176223,-0.0015248534
2022-04,0.0000000047,0.0000000117,0.0000000002,-0.0007383291,-0.0005766578,0.0000000040,0.0000000090,0.0000000001,-0.0007757306,-0.0005540741,0.0000000011,0.0000000044,0.0000000001,-0.0013192167,-0.0007508121,0.0000000047,0.0000000085,0.0000000002,-0.0008788917,-0.0003690800,0.0000000173,0.0000000418,0.0000000015,0.0002820119,0.0009156341,-0.0000000000,-0.0000000000,0.0000000000,-0.0011026436,-0.0006960981,0.0000000048,0.0000000097,0.0000000002,-0.0006910808,-0.0006175912
2022-05,0.0000000005,0.0000000017,0.0000000000,-0.0043743588,-0.0041039805,0.0000000003,0.0000000010,0.0000000000,-0.0041967960,-0.0039072009,-0.0000000000,0.0000000001,0.0000000000,-0.0031171598,-0.0028588279,0.0000000004,0.0000000010,0.0000000000,-0.0036674487,-0.0034726237,-0.0000000025,-0.0000000046,-0.0000000001,-0.0049291146,-0.0041220827,0.0000000000,0.0000000000,-0.0000000000,-0.0033587178,-0.0030404372,0.0000000002,0.0000000007,0.0000000000,-0.0044336428,-0.0040969234
2022-06,0.0000000012,0.0000000044,0.0000000001,0.0022958714,0.0014667725,0.0000000010,0.0000000034,0.0000000001,0.0023589068,0.0015347438,0.0000000004,0.0000000023,0.0000000001,0.0010222489,0.0007520753,0.0000000023,0.0000000054,0.0000000002,0.0006065112,0.0002902839,0.0000000030,0.0000000103,0.0000000006,0.0021884589,0.0011595044,-0.0000000000,-0.0000000000,0.0000000000,0.0014656647,0.0008819157,0.0000000010,0.0000000033,0.0000000001,0.0026949299,0.0017569727
2022-07,-0.0000000008,-0.0000000030,-0.0000000000,-0.0021062477,-0.0022138199,-0.0000000006,-0.0000000019,-0.0000000000,-0.0019799989,-0.0021243697,-0.0000000001,-0.0000000009,-0.0000000000,-0.0005452397,-0.0011076602,-0.0000000001,-0.0000000002,0.0000000001,-0.0005765268,-0.0010312326,-0.0000000012,-0.0000000056,-0.0000000002,-0.0007517350,-0.0011046273,0.0000000000,0.0000000000,-0.0000000000,-0.0010742495,-0.0013776772,-0.0000000007,-0.0000000022,-0.0000000000,-0.0025566410,-0.0023976659
2022-08,0.0000000004,0.0000000014,0.0000000000,-0.0010095648,-0.0006378734,0.0000000003,0.0000000009,0.0000000000,-0.0011078706,-0.0007252156,-0.0000000000,0.0000000000,-0.0000000000,-0.0016407883,-0.0012325891,0.0000000000,0.0000000003,0.0000000000,-0.0015989397,-0.0012318932,-0.0000000005,-0.0000000006,0.0000000000,-0.0010000498,-0.0002923009,-0.0000000000,-0.0000000000,-0.0000000000,-0.0014560572,-0.0010862291,0.0000000002,0.0000000007,0.0000000000,-0.0006660048,-0.0002783275
2022-09,-0.0000000001,-0.0000000003,-0.0000000000,0.0022366499,0.0019588235,-0.0000000000,0.0000000000,0.0000000000,0.0019517867,0.0017629007,-0.0000000000,0.0000000001,0.0000000000,0.0011349930,0.0009134874,-0.0000000003,-0.0000000005,-0.0000000000,0.0006079877,0.0004445003,-0.0000000017,-0.0000000040,-0.0000000002,0.0020755382,0.0021225559,0.0000000000,0.0000000000,-0.0000000000,0.0014240633,0.0011182092,-0.0000000003,-0.0000000006,-0.0000000000,0.0026033868,0.0022343013
2022-10,-0.0000000002,-0.0000000003,-0.0000000000,0.0000294644,0.0007918484,-0.0000000001,-0.0000000002,-0.0000000000,-0.0000977566,0.0006647168,-0.0000000001,-0.0000000003,-0.0000000000,-0.0002454160,0.0005116283,-0.0000000004,-0.0000000005,-0.0000000000,-0.0003992160,0.0002388481,-0.0000000052,-0.0000000154,-0.0000000006,0.0000469516,0.0007798984,0.0000000000,0.0000000000,-0.0000000000,-0.0002770135,0.0005457524,-0.0000000002,-0.0000000004,-0.0000000000,0.0000217390,0.0008350611
2022-11,-0.0000000011,-0.0000000054,-0.0000000003,0.0008932628,0.0006223262,-0.0000000010,-0.0000000047,-0.0000000003,0.0009854943,0.0006954097,-0.0000000003,-0.0000000029,-0.0000000001,0.0018854878,0.0015697839,-0.0000000014,-0.0000000050,-0.0000000002,0.0028256082,0.0024532306,-0.0000000010,-0.0000000047,-0.0000000007,-0.0011857606,-0.0019428118,0.0000000000,0.0000000000,0.0000000000,0.0015251919,0.0014057079,-0.0000000011,-0.0000000044,-0.0000000003,0.0008732121,0.0006261881
2022-12,-0.0000000002,-0.0000000010,-0.0000000002,-0.0005014894,-0.0004516606,-0.0000000002,-0.0000000011,-0.0000000001,-0.0005783763,-0.0004621209,-0.0000000002,-0.0000000013,-0.0000000001,-0.0009055417,-0.0003906905,-0.0000000006,-0.0000000027,-0.0000000003,-0.0010883039,-0.0007075908,-0.0000000009,-0.0000000036,-0.0000000009,-0.0025647901,-0.0023596553,0.0000000000,0.0000000000,-0.0000000000,-0.0008608788,-0.0005091199,0.0000000000,-0.0000000001,-0.0000000001,-0.0007302816,-0.0006267664
2023-01,-0.0000000000,-0.0000000001,-0.0000000000,0.0012678570,0.0014149120,0.0000000000,0.0000000001,0.0000000000,0.0014190108,0.0015503307,0.0000000000,0.0000000002,-0.0000000000,0.0014377730,0.0012914139,-0.0000000013,-0.0000000060,-0.0000000001,0.0023569289,0.0022587170,-0.0000000001,0.0000000004,0.0000000000,0.0027712285,0.0030983930,0.0000000000,0.0000000000,0.0000000000,0.0015244115,0.0016028425,-0.0000000001,-0.0000000003,-0.0000000000,0.0015692958,0.0017110082
2023-02,-0.0000000006,-0.0000000023,-0.0000000000,0.0012168612,0.0014983696,-0.0000000005,-0.0000000020,-0.0000000000,0.0011746232,0.0015003922,-0.0000000001,-0.0000000009,-0.0000000000,0.0012868287,0.0015385011,0.0000000001,0.0000000010,0.0000000000,0.0013626748,0.0016375222,-0.0000000053,-0.0000000158,-0.0000000006,0.0014874506,0.0015140506,0.0000000000,0.0000000000,0.0000000000,0.0012606299,0.0015689520,-0.0000000006,-0.0000000020,-0.0000000000,0.0009973012,0.0013278503
2023-03,-0.0000000003,-0.0000000009,-0.0000000000,-0.0010729556,-0.0015219144,-0.0000000002,-0.0000000007,-0.0000000000,-0.0010880326,-0.0015120454,0.0000000000,0.0000000004,0.0000000000,-0.0030053223,-0.0030771321,-0.0000000002,-0.0000000007,-0.0000000000,-0.0017659945,-0.0017791653,0.0000000070,0.0000000185,0.0000000010,-0.0024449422,-0.0031802446,-0.0000000000,-0.0000000000,-0.0000000000,-0.0021129257,-0.0022645859,-0.0000000000,0.0000000001,0.0000000000,-0.0003724546,-0.0009384800
2023-04,0.0000000023,0.0000000063,0.0000000001,-0.0003982887,-0.0006328198,0.0000000023,0.0000000065,0.0000000001,-0.0004347979,-0.0006738880,0.0000000004,0.0000000031,0.0000000000,-0.0005226134,-0.0006960161,0.0000000032,0.0000000155,0.0000000006,-0.0008338618,-0.0010277355,0.0000000071,0.0000000198,0.0000000010,-0.0001234161,0.0000365107,-0.0000000000,-0.0000000000,-0.0000000000,-0.0005820825,-0.0008528272,0.0000000012,0.0000000037,0.0000000001,-0.0007297259,-0.0008915968
2023-05,-0.0000000025,-0.0000000063,-0.0000000002,0.0014580926,0.0014115549,-0.0000000024,-0.0000000065,-0.0000000002,0.0013722081,0.0013510629,-0.0000000005,-0.0000000036,-0.0000000001,0.0005706536,0.0005255103,-0.0000000039,-0.0000000092,-0.0000000005,0.0006163446,0.0006584554,-0.0000000023,-0.0000000067,-0.0000000002,0.0013059450,0.0013456433,-0.0000000000,0.0000000000,-0.0000000000,0.0008502194,0.0008399725,-0.0000000016,-0.0000000044,-0.0000000001,0.0014585462,0.0013103667
2023-06,0.0000000036,0.0000000099,0.0000000004,-0.0005327291,-0.0000671006,0.0000000038,0.0000000101,0.0000000004,-0.0004060984,0.0000484175,0.0000000012,0.0000000094,0.0000000002,0.0004385465,0.0006781189,0.0000000022,0.0000000001,0.0000000005,0.0007407473,0.0009980108,0.0000000050,0.0000000002,0.0000000008,0.0002845270,0.0007249577,-0.0000000000,-0.0000000000,0.0000000000,0.0002762312,0.0005881047,0.0000000010,0.0000000039,0.0000000002,-0.0001980599,0.0001530402
2023-07,0.0000000000,0.0000000001,-0.0000000005,-0.0001937148,-0.0002714754,-0.0000000000,0.0000000001,-0.0000000005,-0.0002162924,-0.0003040991,0.0000000000,0.0000000004,-0.0000000003,-0.0003778704,-0.0005707403,0.0000000002,0.0000000002,-0.0000000001,-0.0003681236,-0.0006129989,0.0000000029,0.0000000081,0.0000000000,-0.0007034928,-0.0009231171,-0.0000000000,-0.0000000000,0.0000000000,-0.0003848810,-0.0005470559,-0.0000000001,-0.0000000002,-0.0000000009,-0.0002359301,-0.0003707538
2023-08,-0.0000000003,-0.0000000005,-0.0000000000,-0.0007810032,-0.0008833463,-0.0000000003,-0.0000000004,-0.0000000000,-0.0007688011,-0.0008641097,0.0000000001,0.0000000008,0.0000000000,-0.0009288160,-0.0008134489,0.0000000011,0.0000000025,0.0000000001,-0.0006170895,-0.0004947510,-0.0000000007,-0.0000000015,-0.0000000001,-0.0020531353,-0.0018940506,-0.0000000000,-0.0000000000,0.0000000000,-0.0008174270,-0.0007585742,-0.0000000001,-0.0000000002,-0.0000000000,-0.0008211060,-0.0008818124
2023-09,-0.0000000018,-0.0000000026,-0.0000000001,-0.0009608370,-0.0009545172,-0.0000000018,-0.0000000025,-0.0000000001,-0.0009715274,-0.0009824206,-0.0000000003,-0.0000000011,-0.0000000000,-0.0008005769,-0.0009655183,-0.0000000004,-0.0000000006,-0.0000000000,-0.0005121077,-0.0007637620,-0.0000000052,-0.0000000095,-0.0000000006,-0.0008358350,-0.0005285780,-0.0000000000,-0.0000000000,-0.0000000000,-0.0008522424,-0.0010040497,-0.0000000008,-0.0000000011,-0.0000000000,-0.0010124624,-0.0009866029
2023-10,-0.0000000012,-0.0000000023,-0.0000000000,0.0003372749,0.0005648060,-0.0000000011,-0.0000000022,-0.0000000000,0.0003926873,0.0006310387,-0.0000000002,-0.0000000012,-0.0000000000,0.0000384638,0.0004299754,-0.0000000009,-0.0000000019,-0.0000000001,0.0004750047,0.0009569758,-0.0000000089,-0.0000000172,-0.0000000009,0.0003332603,0.0004928482,0.0000000000,0.0000000000,-0.0000000000,0.0002979548,0.0006831658,-0.0000000009,-0.0000000018,-0.0000000000,0.0000706225,0.0003440335
2023-11,-0.0000000082,-0.0000000134,-0.0000000013,0.0015016001,0.0014059002,-0.0000000075,-0.0000000127,-0.0000000012,0.0015019158,0.0013992569,-0.0000000007,-0.0000000033,-0.0000000002,0.0020353674,0.0018106512,-0.0000000031,-0.0000000064,-0.0000000007,0.0009958182,0.0009102470,-0.0000000122,-0.0000000224,-0.0000000029,0.0021504689,0.0016464677,0.0000000000,0.0000000000,-0.0000000000,0.0016407975,0.0015453130,-0.0000000050,-0.0000000102,-0.0000000011,0.0016056668,0.0013590766
2023-12,0.0000000027,0.0000000043,0.0000000005,0.0015415845,0.0015159391,0.0000000025,0.0000000039,0.0000000004,0.0015210390,0.0015059712,0.0000000003,0.0000000012,0.0000000001,0.0016260518,0.0015339694,-0.0000000004,-0.0000000009,-0.0000000001,0.0006477519,0.0006858083,0.0000000073,0.0000000146,0.0000000015,0.0014087110,0.0014353944,0.0000000000,0.0000000000,0.0000000000,0.0012133561,0.0012096856,0.0000000016,0.0000000022,0.0000000003,0.0016440998,0.0015560146
2024-01,0.0000000007,0.0000000011,-0.0000000000,0.0000047348,-0.0005752744,0.0000000006,0.0000000009,-0.0000000000,0.0000009026,-0.0005727631,0.0000000000,0.0000000002,-0.0000000000,0.0007712022,0.0002455593,0.0000000014,0.0000000032,0.0000000001,0.0007083997,0.0002183962,-0.0000000035,-0.0000000078,-0.0000000010,0.0005683403,-0.0002629126,-0.0000000000,0.0000000000,-0.0000000000,0.0006817460,0.0001873339,0.0000000009,0.0000000012,0.0000000000,0.0001513940,-0.0004500107
2024-02,0.0000000063,0.0000000079,0.0000000002,0.0001699046,0.0001117008,0.0000000063,0.0000000077,0.0000000002,0.0001911162,0.0001384484,0.0000000007,0.0000000042,0.0000000001,0.0001668797,0.0000603687,0.0000000033,0.0000000074,0.0000000002,0.0004077568,0.0003473683,0.0000000168,0.0000000361,0.0000000016,-0.0004458586,-0.0004476711,-0.0000000000,-0.0000000000,0.0000000000,0.0002677816,0.0001682688,0.0000000053,0.0000000075,0.0000000002,0.0001791148,0.0000625064
2024-03,0.0000000004,0.0000000009,0.0000000000,-0.0005050124,-0.0004741085,0.0000000004,0.0000000009,0.0000000000,-0.0004720783,-0.0004672154,0.0000000001,0.0000000010,0.0000000000,-0.0009593730,-0.0008786292,0.0000000010,0.0000000024,0.0000000001,-0.0005348110,-0.0004395853,0.0000000024,0.0000000044,0.0000000004,-0.0005284790,-0.0006654180,0.0000000000,-0.0000000000,-0.0000000000,-0.0007404784,-0.0007138526,0.0000000004,0.0000000009,0.0000000000,-0.0003376461,-0.0003774856
2024-04,-0.0000000024,-0.0000000029,-0.0000000001,-0.0003509899,-0.0002741854,-0.0000000023,-0.0000000028,-0.0000000001,-0.0003492439,-0.0002668470,-0.0000000002,-0.0000000011,-0.0000000000,-0.0009785912,-0.0005917318,-0.0000000017,-0.0000000041,-0.0000000001,-0.0006698049,-0.0003129190,-0.0000000037,-0.0000000095,-0.0000000004,-0.0005601743,-0.0007672608,0.0000000000,-0.0000000000,0.0000000000,-0.0007590388,-0.0004693475,-0.0000000015,-0.0000000023,-0.0000000001,-0.0004998103,-0.0003971640
2024-05,0.0000000024,0.0000000026,0.0000000001,0.0006348706,0.0006616012,0.0000000024,0.0000000026,0.0000000001,0.0006214726,0.0006459462,0.0000000006,0.0000000029,0.0000000001,-0.0002259617,-0.0000029726,0.0000000041,0.0000000089,0.0000000002,0.0001468741,0.0003749393,0.0000000101,0.0000000217,0.0000000010,0.0001122876,0.0001732562,-0.0000000000,-0.0000000000,0.0000000000,0.0000674418,0.0001632224,0.0000000024,0.0000000031,0.0000000001,0.0006307758,0.0005636019
2024-06,0.0000000014,0.0000000019,0.0000000016,-0.0007417552,-0.0003857308,0.0000000013,0.0000000017,0.0000000013,-0.0006703997,-0.0003154573,-0.0000000000,-0.0000000000,0.0000000000,-0.0003244825,-0.0000048985,0.0000000003,0.0000000007,0.0000000003,-0.0001761556,0.0001629209,0.0000000018,0.0000000036,0.0000000024,-0.0008118734,-0.0004008817,-0.0000000000,0.0000000000,-0.0000000000,-0.0003479695,0.0000222944,0.0000000011,0.0000000014,0.0000000010,-0.0006024344,-0.0002765057
2024-07,0.0000000100,0.0000000125,0.0000000000,0.0006089551,0.0015698462,0.0000000084,0.0000000125,0.0000000001,0.0005345165,0.0015156563,0.0000000023,0.0000000111,-0.0000000000,0.0003561779,0.0011643033,0.0000000089,0.0000000206,0.0000000001,-0.0005911386,0.0002909859,0.0000000084,0.0000000250,0.0000000004,0.0006566314,0.0016192838,0.0000000000,-0.0000000000,0.0000000000,0.0001651572,0.0010575493,0.0000000092,0.0000000115,0.0000000000,0.0004414548,0.0014250420
2024-08,-0.0000000010,-0.0000000019,-0.0000000001,0.0003747754,0.0007986347,-0.0000000008,-0.0000000018,-0.0000000001,0.0003296954,0.0007537001,-0.0000000001,-0.0000000015,-0.0000000000,0.0006832928,0.0009857135,-0.0000000011,-0.0000000022,-0.0000000001,0.0000114661,0.0003427501,-0.0000000019,-0.0000000059,-0.0000000002,-0.0001526823,0.0000649698,0.0000000000,0.0000000000,-0.0000000000,0.0005244133,0.0008927167,-0.0000000009,-0.0000000014,-0.0000000000,0.0004923511,0.0009132125
2024-09,-0.0000000014,-0.0000000021,-0.0000000001,0.0000043679,0.0004898882,-0.0000000013,-0.0000000019,-0.0000000001,-0.0000280883,0.0004524822,-0.0000000002,-0.0000000011,-0.0000000000,-0.0005516386,-0.0002974187,-0.0000000014,-0.0000000026,-0.0000000000,-0.0003054110,-0.0000133801,-0.0000000026,-0.0000000060,-0.0000000003,-0.0005138586,-0.0003286416,0.0000000000,0.0000000000,-0.0000000000,-0.0003936381,-0.0001862473,-0.0000000013,-0.0000000014,-0.0000000000,-0.0001651702,0.0002857516
2024-10,-0.0000000042,-0.0000000092,-0.0000000002,-0.0014371300,-0.0004637528,-0.0000000038,-0.0000000087,-0.0000000002,-0.0014425486,-0.0004694275,-0.0000000005,-0.0000000057,-0.0000000001,-0.0008358168,-0.0000221100,-0.0000000076,-0.0000000141,-0.0000000003,-0.0015461048,-0.0006551602,-0.0000000050,-0.0000000167,-0.0000000004,-0.0009293657,-0.0001835219,0.0000000000,0.0000000000,-0.0000000000,-0.0010775774,-0.0001155357,-0.0000000056,-0.0000000061,-0.0000000002,-0.0011782867,-0.0003831963
2024-11,0.0000000049,0.0000000122,0.0000000003,-0.0013843264,-0.0004646777,0.0000000046,0.0000000118,0.0000000003,-0.0013358432,-0.0004213387,0.0000000006,0.0000000079,0.0000000001,-0.0002447736,0.0001196093,0.0000000105,0.0000000154,0.0000000004,-0.0007935357,-0.0003707596,0.0000000132,0.0000000407,0.0000000017,-0.0003308716,-0.0000214474,-0.0000000000,-0.0000000000,-0.0000000000,-0.0005824038,0.0000420551,0.0000000081,0.0000000104,0.0000000003,-0.0011957049,-0.0004048035
2024-12,0.0000000029,0.0000000084,0.0000000002,0.0003868429,-0.0000738520,0.0000000027,0.0000000075,0.0000000002,0.0003741146,-0.0000605622,0.0000000003,0.0000000026,0.0000000000,0.0000557414,0.0000368921,0.0000000028,0.0000000054,0.0000000002,0.0000663323,-0.0000185732,0.0000000019,0.0000000037,0.0000000001,0.0000626456,-0.0000995680,-0.0000000000,-0.0000000000,0.0000000000,0.0000890149,0.0000248684,0.0000000033,0.0000000067,0.0000000002,0.0001046651,-0.0002863788
2025-01,-0.0000000058,-0.0000000001,-0.0000000002,0.0003697947,0.0003820224,-0.0000000053,-0.0000000125,-0.0000000002,0.0003985851,0.0004087266,-0.0000000007,-0.0000000057,-0.0000000001,0.0009214171,0.0009404539,-0.0000000116,-0.0000000127,-0.0000000003,0.0005387112,0.0006374353,-0.0000000064,-0.0000000151,-0.0000000004,0.0005220028,0.0010733486,0.0000000000,0.0000000000,-0.0000000000,0.0008241095,0.0009164049,-0.0000000057,-0.0000000117,-0.0000000002,0.0003453546,0.0004056641
2025-02,-0.0000000041,-0.0000000001,-0.0000000001,0.0000826225,-0.0005242648,-0.0000000038,-0.0000000001,-0.0000000001,0.0000741143,-0.0005242169,-0.0000000004,-0.0000000039,-0.0000000000,0.0003017541,0.0002520101,-0.0000000076,-0.0000000001,-0.0000000002,0.0004351034,0.0000859367,-0.0000000135,-0.0000000213,-0.0000000006,-0.0007152399,-0.0011292443,0.0000000000,0.0000000000,-0.0000000000,0.0002843584,0.0001924002,-0.0000000053,-0.0000000001,-0.0000000001,0.0007059312,0.0003448146
2025-03,-0.0000000010,-0.0000000001,-0.0000000001,0.0002807688,0.0001052671,-0.0000000010,-0.0000000001,-0.0000000001,0.0002410907,0.0000550811,0.0000000004,0.0000000000,0.0000000000,-0.0005150688,-0.0005006142,-0.0000000001,-0.0000000001,-0.0000000002,-0.0001241072,-0.0003089698,0.0000000045,0.0000000049,0.0000000000,-0.0000377490,0.0000021356,-0.0000000000,-0.0000000000,0.0000000000,-0.0003639697,-0.0004639522,-0.0000000023,-0.0000000001,-0.0000000001,-0.0000266219,-0.0000495355
2025-04,-0.0000000024,-0.0000000001,-0.0000000001,0.0010248136,0.0024460480,-0.0000000021,-0.0000000001,-0.0000000001,0.0010055938,0.0024422432,-0.0000000000,-0.0000000000,-0.0000000000,0.0006787784,0.0017766061,-0.0000000020,-0.0000000000,-0.0000000001,0.0012185038,0.0023931797,0.0000000249,0.0000000435,0.0000000015,0.0000746509,0.0011744424,0.0000000000,-0.0000000000,0.0000000000,0.0007740398,0.0018438228,-0.0000000028,-0.0000000001,-0.0000000001,0.0012963655,0.0025872647
2025-05,-0.0000000064,-0.0000000003,-0.0000000003,-0.0006813738,0.0002594266,-0.0000000064,-0.0000000002,-0.0000000003,-0.0006164633,0.0003399078,-0.0000000015,-0.0000000001,-0.0000000002,-0.0009992949,-0.0001434672,-0.0000000171,-0.0000000003,-0.0000000005,-0.0009385142,0.0000318845,0.0000000075,0.0000000002,0.0000000005,0.0000135012,-0.0000102094,0.0000000000,-0.0000000000,0.0000000000,-0.0009595470,-0.0001006122,-0.0000000103,-0.0000000003,-0.0000000003,-0.0005976647,0.0003295002
2025-06,-0.0000000000,-0.0000000001,-0.0000000001,-0.0001533606,0.0001641202,-0.0000000023,-0.0000000001,-0.0000000001,-0.0001445253,0.0001867991,-0.0000000001,-0.0000000000,-0.0000000000,-0.0006559880,-0.0003419309,-0.0000000002,-0.0000000002,-0.0000000006,-0.0002123865,0.0002654896,-0.0000000002,0.0000000000,0.0000000001,-0.0004954941,-0.0003499190,0.0000000000,0.0000000000,0.0000000000,-0.0006143901,-0.0003046146,-0.0000000000,-0.0000000000,-0.0000000000,-0.0000661480,0.0001627435
2025-07,-0.0000000001,-0.0000000000,-0.0000000000,-0.0008152689,-0.0011567920,-0.0000000000,-0.0000000000,-0.0000000006,-0.0008138540,-0.0011485497,-0.0000000042,-0.0000000000,-0.0000000008,-0.0014235031,-0.0015786502,0.0000000001,0.0000000001,-0.0000000002,-0.0011071357,-0.0011487118,-0.0000000361,-0.0000000007,-0.0000000010,-0.0007876366,-0.0011214571,0.0000000000,0.0000000000,0.0000000000,-0.0013293323,-0.0015516038,-0.0000000001,-0.0000000000,-0.0000000000,-0.0004116281,-0.0008368754
2025-08,0.0000000009,0.0000000004,0.0000000014,0.0005856350,0.0007882616,0.0000000007,0.0000000005,0.0000000015,0.0006094888,0.0007727250,0.0000000003,0.0000000003,0.0000000007,0.0005884254,0.0006883630,0.0000000010,0.0000000005,0.0000000025,0.0006122677,0.0006910945,0.0000000099,0.0000000002,0.0000000018,0.0006751512,0.0004926345,-0.0000000000,-0.0000000000,0.0000000000,0.0006335865,0.0006553038,0.0000000005,0.0000000003,0.0000000009,0.0004130137,0.0006347871
2025-09,0.0000000002,0.0000000001,0.0000000001,-0.0001750283,-0.0001710589,0.0000000001,0.0000000001,0.0000000001,-0.0002356909,-0.0001933710,0.0000000005,0.0000000006,0.0000000000,-0.0010776583,-0.0009006139,-0.0000000000,-0.0000000000,-0.0000000000,-0.0005366773,-0.0002323308,0.0000000085,0.0000000211,0.0000000006,-0.0018587225,-0.0016096840,-0.0000000000,0.0000000000,0.0000000000,-0.0008490110,-0.0007030431,0.0000000001,0.0000000001,0.0000000001,0.0000255041,-0.0000513323
2025-10,-0.0000000008,-0.0000000003,-0.0000000003,-0.0007248493,-0.0007204180,-0.0000000006,-0.0000000003,-0.0000000003,-0.0006343355,-0.0006397926,-0.0000000002,-0.0000000174,-0.0000000002,-0.0005732919,-0.0008270536,-0.0000000005,-0.0000000003,-0.0000000005,0.0000530768,-0.0001433656,-0.0000000206,-0.0000000004,-0.0000000010,-0.0008112640,-0.0010439158,0.0000000000,0.0000000000,-0.0000000000,-0.0004097206,-0.0005541888,-0.0000000004,-0.0000000003,-0.0000000003,-0.0003715862,-0.0004322340
2025-11,-0.0000000010,-0.0000000005,-0.0000000006,0.0008029052,0.0000512607,-0.0000000006,-0.0000000004,-0.0000000005,0.0007216514,-0.0000245665,-0.0000000001,-0.0000000001,-0.0000000001,0.0006019508,0.0001104568,-0.0000000003,-0.0000000002,-0.0000000005,0.0006488751,-0.0000344383,-0.0000000004,-0.0000000008,-0.0000000014,-0.0007513390,-0.0005659884,-0.0000000000,-0.0000000000,-0.0000000000,0.0006024186,0.0000088504,-0.0000000005,-0.0000000006,-0.0000000006,0.0008711657,0.0002002740
2025-12,-0.0000000003,-0.0000000003,-0.0000000003,0.0003217432,0.0012439811,-0.0000000002,-0.0000000002,-0.0000000002,0.0003734988,0.0012918374,-0.0000000001,-0.0000000001,-0.0000000001,0.0002952069,0.0009577034,-0.0000000002,-0.0000000001,-0.0000000002,0.0000860803,0.0008604479,-0.0000000003,-0.0000000005,-0.0000000010,0.0006901908,0.0010877597,0.0000000000,0.0000000000,0.0000000000,0.0003589801,0.0010374690,-0.0000000002,-0.0000000003,-0.0000000002,0.0002446775,0.0011491402
2026-01,0.0000000004,0.0000000002,0.0000000004,-0.0011741349,-0.0002261540,0.0000000002,0.0000000002,0.0000000003,-0.0011987382,-0.0002306182,-0.0000000000,-0.0000000000,-0.0000000001,-0.0024197657,-0.0013080765,-0.0000000002,-0.0000000001,-0.0000000004,-0.0009380666,-0.0000298299,0.0000000005,0.0000000009,0.0000000025,-0.0008701070,0.0000589049,0.0000000000,0.0000000000,0.0000000000,-0.0015825082,-0.0005702999,0.0000000002,0.0000000003,0.0000000004,-0.0008145479,-0.0000589524
2026-02,-0.0000000001,-0.0000000001,-0.0000000001,-0.0000011224,-0.0003336847,-0.0000000001,-0.0000000001,-0.0000000001,-0.0000253684,-0.0003950126,-0.0000000000,-0.0000000027,-0.0000000000,-0.0010663606,-0.0012026553,-0.0000000002,-0.0000000002,-0.0000000003,0.0002666768,-0.0003161446,0.0000000002,0.0000000003,0.0000000006,-0.0008907894,-0.0012213029,0.0000000000,-0.0000000000,0.0000000000,-0.0003653453,-0.0006525162,-0.0000000002,-0.0000000003,-0.0000000003,-0.0001244212,-0.0004478289
2026-03,-0.0000000004,-0.0000000005,-0.0000000006,-0.0031561605,-0.0031473782,-0.0000000003,-0.0000000004,-0.0000000005,-0.0032186341,-0.0032791100,-0.0000000084,-0.0000000115,-0.0000000002,-0.0034930941,-0.0036388100,-0.0000000001,-0.0000000002,-0.0000000003,-0.0041727209,-0.0041303277,0.0000000000,-0.0000000001,-0.0000000003,-0.0023120208,-0.0020313762,-0.0000000000,-0.0000000000,-0.0000000000,-0.0035286318,-0.0037428776,-0.0000000003,-0.0000000005,-0.0000000004,-0.0030113897,-0.0030454365
2026-04,0.0000000006,0.0000000008,0.0000000007,0.0008577883,0.0006609450,0.0000000004,0.0000000005,0.0000000006,0.0009444285,0.0007883435,0.0000000032,0.0000000000,0.0000000001,0.0010059980,0.0008696679,0.0000000002,0.0000000002,0.0000000004,0.0019547884,0.0020348651,0.0000000007,0.0000000012,0.0000000017,0.0029990918,0.0036332649,-0.0000000000,-0.0000000000,-0.0000000000,0.0015394801,0.0016971118,0.0000000005,0.0000000009,0.0000000007,0.0010897350,0.0008774653
2026-05,0.0000000010,0.0000000015,0.0000000013,0.0012153873,0.0025545999,0.0000000008,0.0000000012,0.0000000012,0.0010860424,0.0024713270,0.0000000002,0.0000000003,0.0000000005,-0.0000288172,0.0010110253,0.0000000006,0.0000000008,0.0000000013,0.0006924053,0.0020041581,0.0000000008,0.0000000014,0.0000000023,-0.0009256434,-0.0007309954,0.0000000000,0.0000000000,0.0000000000,0.0007534468,0.0019210159,0.0000000008,0.0000000017,0.0000000013,0.0011833802,0.0024436976
2026-06,-0.0000000000,0.0000000000,0.0000000001,-0.0005621763,-0.0006705422,0.0000000000,0.0000000001,0.0000000001,-0.0003810358,-0.0004960434,0.0000000000,0.0000000000,0.0000000001,0.0017675704,0.0015818019,-0.0000000002,-0.0000000004,-0.0000000008,0.0008850335,0.0009474936,-0.0000000010,-0.0000000014,-0.0000000040,0.0001457896,0.0000248680,-0.0000000000,-0.0000000000,-0.0000000000,0.0005198242,0.0007062178,-0.0000000000,0.0000000000,0.0000000001,-0.0009152025,-0.0009016101
2026-07,0.0000000003,0.0000000007,0.0000000007,-0.0002571064,-0.0013115509,0.0000000003,0.0000000006,0.0000000011,-0.0003208293,-0.0013585231,0.0000000060,0.0000000001,0.0000000001,-0.0002803336,-0.0007816279,0.0000000004,0.0000000008,0.0000000017,-0.0007494500,-0.0013965711,0.0000000007,0.0000000012,0.0000000023,-0.0006427035,-0.0011008276,-0.0000000000,-0.0000000000,0.0000000000,-0.0003309672,-0.0011476814,0.0000000003,0.0000000008,0.0000000028,-0.0003959997,-0.0013711784
2026-08,-0.0000000003,-0.0000000004,-0.0000000004,0.0002895392,-0.0002051492,-0.0000000003,-0.0000000003,-0.0000000003,0.0002898705,-0.0001625553,-0.0000000002,-0.0000000002,-0.0000000002,-0.0003163196,-0.0005553844,-0.0000000000,0.0000000002,-0.0000000002,0.0005488669,0.0000305191,-0.0000000005,-0.0000000006,-0.0000000023,0.0002643456,-0.0001259320,0.0000000000,0.0000000000,-0.0000000000,0.0002359516,-0.0000909885,-0.0000000003,-0.0000000003,-0.0000000003,0.0001852805,-0.0002540574
