month,exposure Mkt-RF,exposure SMB,exposure HML,exposure RMW,exposure CMA,exposure Mom,contribution Mkt-RF,contribution SMB,contribution HML,contribution RMW,contribution CMA,contribution Mom,factor total,residual,active return,identity error
1979-07,0.0031483907,0.0247229538,-0.0401488039,-0.0532612301,-0.0214785773,-0.0096000229,0.0000261316,0.0003189261,-0.0007146487,0.0001651098,-0.0001116886,0.0001027202,-0.0002134495,-0.0004175875,-0.0006310370,0.0000000000
1979-08,0.0036132151,0.0232259502,-0.0368661944,-0.0482621830,-0.0287422024,-0.0132315116,0.0002001721,0.0004343253,0.0005824859,-0.0007963260,0.0004138877,0.0000383714,0.0008729163,-0.0015380633,-0.0006651470,-0.0000000000
1979-09,0.0036866880,0.0261598766,-0.0374742511,-0.0446041478,-0.0348531219,-0.0183061008,-0.0000305995,-0.0000680157,0.0003522580,-0.0004326602,-0.0001812362,-0.0009665621,-0.0013268158,-0.0017192253,-0.0030460411,0.0000000000
1979-10,0.0030111370,0.0289823294,-0.0497683503,-0.0511973507,-0.0428389529,-0.0227187906,-0.0002439021,-0.0010085851,0.0009107608,-0.0005375722,-0.0000556906,-0.0004680071,-0.0014029963,-0.0039848511,-0.0053878474,0.0000000000
1979-11,0.0009471078,0.0331992133,-0.0566773697,-0.0468217902,-0.0519028108,-0.0298458597,0.0000495337,0.0008299803,0.0018193436,0.0000327753,0.0009394409,-0.0024055763,0.0012654975,-0.0023468639,-0.0010813664,0.0000000000
1979-12,0.0015865041,0.0365589872,-0.0580273102,-0.0477822019,-0.0609439582,-0.0349522640,0.0000282398,0.0015610688,0.0012359817,0.0003535883,0.0006338172,-0.0016532421,0.0021594536,0.0008956206,0.0030550742,0.0000000000
1980-01,0.0004185349,0.0378327751,-0.0632457887,-0.0459866040,-0.0610813788,-0.0361195710,0.0000230194,0.0007150394,-0.0011700471,0.0007817723,-0.0011788706,-0.0026945200,-0.0035236066,0.0013965671,-0.0021270395,0.0000000000
1980-02,0.0034481181,0.0400006696,-0.0655353981,-0.0552982518,-0.0663040018,-0.0403972433,-0.0000424119,-0.0006000100,-0.0003866588,-0.0000387088,-0.0019493377,-0.0031954219,-0.0062125491,-0.0078891148,-0.0141016640,0.0000000000
1980-03,0.0096889661,0.0527189735,-0.0830411223,-0.0692476083,-0.0852676611,-0.0556714262,-0.0012489077,-0.0036850562,0.0007971948,-0.0010871875,0.0009123640,0.0053388898,0.0010272971,0.0017566717,0.0027839688,0.0000000000
1980-04,0.0057626537,0.0420998246,-0.0739002901,-0.0500328360,-0.0781222345,-0.0486271423,0.0002282011,0.0004420482,-0.0007611730,0.0010606961,-0.0002578034,0.0002431357,0.0009551047,-0.0092354728,-0.0082803681,0.0000000000
1980-05,0.0031861596,0.0439217816,-0.0835026008,-0.0479370755,-0.0807212063,-0.0471482143,0.0001675920,0.0008740435,-0.0003173099,-0.0001821609,0.0005004715,0.0005563489,0.0015989851,0.0009843940,0.0025833790,0.0000000000
1980-06,0.0031858618,0.0403761633,-0.0822151108,-0.0482404725,-0.0781280433,-0.0444453317,0.0000946201,0.0005894920,0.0006577209,0.0000723607,0.0006406500,-0.0007022362,0.0013526074,-0.0017582896,-0.0004056822,0.0000000000
1980-07,0.0040065018,0.0431810047,-0.0903237180,-0.0520194274,-0.0781866267,-0.0462868513,0.0002608233,0.0016149696,0.0056813619,-0.0021119888,0.0019077537,-0.0001481179,0.0072048017,0.0072586286,0.0144634304,0.0000000000
1980-08,0.0042115329,0.0434868826,-0.0886919235,-0.0529409811,-0.0665122851,-0.0475200998,0.0000737018,0.0018394951,0.0021818213,-0.0010852901,0.0004855397,-0.0014636191,0.0020316488,0.0009106876,0.0029423364,0.0000000000
1980-09,0.0038764837,0.0432792229,-0.0858937630,-0.0522596184,-0.0701132994,-0.0479928913,0.0000848950,0.0002726591,0.0039597025,-0.0009929327,0.0020052404,-0.0026108133,0.0027187509,-0.0015807775,0.0011379734,0.0000000000
1980-10,0.0065363897,0.0491481995,-0.0852917141,-0.0527751728,-0.0684646588,-0.0553277842,0.0000679785,0.0010861752,0.0024990472,-0.0009341206,0.0009790446,-0.0039504038,-0.0002522788,-0.0037250716,-0.0039773505,0.0000000000
1980-11,0.0131957305,0.0575909494,-0.0895042073,-0.0604325181,-0.0572331117,-0.0657416698,0.0012667901,-0.0018832240,0.0072587912,-0.0025744253,0.0031592678,-0.0099861596,-0.0027589598,-0.0067247752,-0.0094837351,0.0000000000
1980-12,0.0200287269,0.0709788905,-0.1003510121,-0.0625216679,-0.0620072025,-0.0784545557,-0.0008932812,-0.0001987409,-0.0028098283,0.0007940252,-0.0007874915,0.0052486098,0.0013532930,0.0048015164,0.0061548094,0.0000000000
1981-01,0.0161744204,0.0681665225,-0.1072637317,-0.0585518370,-0.0451225511,-0.0762055144,-0.0008184257,0.0022494952,-0.0072295755,0.0019790521,-0.0019267329,0.0060202356,0.0002740489,0.0014005137,0.0016745626,0.0000000000
1981-02,0.0165202193,0.0641465418,-0.1003310784,-0.0584719959,-0.0361613628,-0.0744136377,0.0001007733,-0.0004169525,-0.0009732115,-0.0001520272,-0.0007449241,0.0010269082,-0.0011594337,0.0004563586,-0.0007030751,0.0000000000
1981-03,0.0165417533,0.0638946934,-0.0990463410,-0.0555661556,-0.0284115389,-0.0745694474,0.0006054282,0.0018209988,-0.0006041827,0.0012613517,0.0001591046,-0.0006189264,0.0026237742,0.0087941337,0.0114179079,0.0000000000
1981-04,0.0174984872,0.0606884467,-0.0941459327,-0.0566096929,-0.0186660123,-0.0728736240,-0.0003779673,0.0028644947,-0.0021465273,-0.0004585385,-0.0002874566,0.0007870351,0.0003810401,0.0043385600,0.0047196001,0.0000000000
1981-05,0.0165688633,0.0580537919,-0.0804077541,-0.0479516068,-0.0154486785,-0.0657058457,0.0000215395,0.0013700695,0.0003457533,-0.0002253726,0.0002749865,-0.0023325575,-0.0005455812,0.0039659005,0.0034203193,-0.0000000000
1981-06,0.0148147534,0.0575187540,-0.0747456757,-0.0417530789,-0.0068639058,-0.0591627268,-0.0003466652,-0.0005349244,-0.0038419277,0.0005386147,-0.0001846391,0.0033663592,-0.0010031826,-0.0080412037,-0.0090443863,0.0000000000
1981-07,0.0152358577,0.0640468042,-0.0774361537,-0.0424796746,-0.0047064649,-0.0585673225,-0.0002361558,-0.0012489127,0.0004723605,-0.0004587805,0.0001251920,0.0014348994,0.0000886029,-0.0104376950,-0.0103490921,0.0000000000
1981-08,0.0155935388,0.0708112694,-0.0885290191,-0.0505806347,0.0026844854,-0.0590360907,-0.0010946664,-0.0012887651,-0.0041697168,0.0001568000,0.0000370459,0.0006434934,-0.0057158091,0.0061525400,0.0004367309,0.0000000000
1981-09,0.0135377345,0.0708352097,-0.0784187836,-0.0453207236,0.0060191707,-0.0523984207,-0.0009747169,-0.0017425462,-0.0040071998,-0.0000362566,0.0001522850,-0.0011160864,-0.0077245208,0.0099246906,0.0022001698,0.0000000000
1981-10,0.0089998597,0.0597225900,-0.0557332607,-0.0372034035,0.0048838313,-0.0403735375,0.0004427931,0.0013616751,0.0022794904,-0.0011607462,-0.0001362589,-0.0015866800,0.0012002734,-0.0028776333,-0.0016773599,0.0000000000
1981-11,0.0101040339,0.0640581161,-0.0520032309,-0.0369037423,0.0114164347,-0.0374402046,0.0003435372,-0.0010121182,-0.0009932617,-0.0000516652,0.0001141643,0.0000748804,-0.0015244633,-0.0011963570,-0.0027208203,0.0000000000
1981-12,0.0114502198,0.0660102190,-0.0563225565,-0.0411666257,0.0227963108,-0.0379529813,-0.0004156430,0.0007789206,-0.0004449482,-0.0000864499,0.0005585096,-0.0004820029,-0.0000916138,0.0044439794,0.0043523657,0.0000000000
1982-01,0.0099403179,0.0603508507,-0.0554143981,-0.0447380471,0.0228134360,-0.0363112675,-0.0003210723,-0.0006638594,-0.0017677193,0.0006397541,0.0004448620,-0.0006390783,-0.0023071132,0.0047730289,0.0024659157,0.0000000000
1982-02,0.0084700107,0.0560338289,-0.0479484537,-0.0438196612,0.0202382090,-0.0330797965,-0.0004963426,0.0002241353,-0.0029200608,0.0015555980,0.0009248862,-0.0016109861,-0.0023227701,0.0021206190,-0.0002021511,0.0000000000
1982-03,0.0067595846,0.0519291464,-0.0437619222,-0.0404530454,0.0217781793,-0.0289177869,-0.0001230244,0.0000103858,-0.0016454483,0.0005177990,0.0005161428,-0.0008415076,-0.0015656527,-0.0036435737,-0.0052092264,0.0000000000
1982-04,0.0058770930,0.0494510769,-0.0408948868,-0.0381504582,0.0244826802,-0.0281327775,0.0001904178,0.0005983580,0.0012595625,-0.0005722569,-0.0000122413,0.0001294108,0.0015932509,-0.0029584075,-0.0013651566,0.0000000000
1982-05,0.0055890523,0.0496282863,-0.0398158253,-0.0371023285,0.0251112204,-0.0265601446,-0.0002196498,0.0002034760,-0.0007087217,-0.0003561824,-0.0000301335,-0.0006666596,-0.0017778709,-0.0061245360,-0.0079024069,0.0000000000
1982-06,0.0064732402,0.0525957053,-0.0440479427,-0.0394732052,0.0313979207,-0.0271000382,-0.0001993758,-0.0002682381,-0.0006871479,-0.0000355259,0.0007943674,-0.0013224819,-0.0017184022,0.0006360664,-0.0010823358,0.0000000000
1982-07,0.0075457953,0.0500012054,-0.0410492253,-0.0325925515,0.0407204639,-0.0277627500,-0.0002414654,0.0005050122,-0.0000287345,-0.0003259255,0.0005863747,-0.0012215610,-0.0007262996,0.0045430190,0.0038167195,0.0000000000
1982-08,0.0059196248,0.0456168489,-0.0444016295,-0.0342001200,0.0471340414,-0.0245807318,0.0006600382,-0.0020345115,-0.0004839778,0.0006327022,0.0000801279,0.0008750741,-0.0002705469,0.0003243194,0.0000537725,0.0000000000
1982-09,0.0044214746,0.0381472345,-0.0488145386,-0.0421354496,0.0507947648,-0.0208684457,0.0000583635,0.0009727545,-0.0001122734,-0.0009101257,-0.0000101590,-0.0008639537,-0.0008653938,-0.0020329459,-0.0028983397,0.0000000000
1982-10,0.0042696218,0.0371115646,-0.0501956599,-0.0432963032,0.0538192644,-0.0195243852,0.0004799055,0.0007273867,0.0018170829,-0.0000865926,-0.0001614578,-0.0000000000,0.0027763246,0.0060398656,0.0088161903,0.0000000000
1982-11,0.0036839891,0.0306494409,-0.0515324061,-0.0460740482,0.0588234954,-0.0160647525,0.0001724107,0.0013455105,0.0009275833,0.0004699553,0.0001705881,-0.0009494269,0.0021366210,0.0076456612,0.0097822822,0.0000000000
1982-12,0.0022717954,0.0266804690,-0.0501866595,-0.0479686528,0.0555666718,-0.0140021982,0.0000127221,-0.0000373527,0.0000301120,-0.0000000000,0.0005556667,-0.0000000000,0.0005611481,-0.0049196390,-0.0043584909,0.0000000000
1983-01,0.0005815967,0.0243756601,-0.0607120288,-0.0569560579,0.0654681788,-0.0106617742,0.0000208793,0.0008312100,0.0004371266,0.0008657321,-0.0003666218,0.0001748531,0.0019631793,0.0043138572,0.0062770366,0.0000000000
1983-02,-0.0022557427,0.0211100975,-0.0718818403,-0.0644694734,0.0758191117,-0.0085384974,-0.0000584237,0.0006079708,-0.0004744201,0.0002320901,0.0007657730,-0.0003167783,0.0007562118,-0.0013507446,-0.0005945328,0.0000000000
1983-03,-0.0028015368,0.0159769879,-0.0729247682,-0.0644507825,0.0809018324,-0.0049960548,-0.0000787232,0.0002188847,-0.0015022502,0.0001224565,0.0022652513,-0.0000439653,0.0009816538,-0.0026734039,-0.0016917501,0.0000000000
1983-04,0.0044231853,0.0252148604,-0.0712228412,-0.0757873267,0.0859520830,0.0020509343,0.0002941418,0.0001084239,-0.0003062582,0.0000530511,0.0012978765,0.0000336353,0.0014808704,-0.0010946648,0.0003862056,0.0000000000
1983-05,0.0057673992,0.0251550222,-0.0722298861,-0.0776618336,0.0917049933,0.0019909385,0.0000294137,0.0015747044,0.0010112184,0.0014056792,-0.0013113814,-0.0000310586,0.0026785757,-0.0007267515,0.0019518242,0.0000000000
1983-06,0.0049455123,0.0236833384,-0.0732472381,-0.0798474577,0.0935815374,0.0037213920,0.0001518272,0.0002747267,0.0028493176,-0.0020361102,-0.0007299360,0.0000692179,0.0005790432,-0.0025909422,-0.0020118990,0.0000000000
1983-07,0.0050495865,0.0213890083,-0.0695046473,-0.0690244301,0.0978528530,0.0040247230,-0.0002050132,0.0002245846,-0.0038575079,0.0000483171,0.0028181622,-0.0001239615,-0.0010954188,0.0013994728,0.0003040540,0.0000000000
1983-08,0.0045210605,0.0227733794,-0.0682995572,-0.0697069263,0.0963017354,0.0044403588,-0.0000226053,-0.0009838100,-0.0038179452,-0.0003624760,0.0017815821,-0.0002380032,-0.0036432577,-0.0000314900,-0.0036747476,0.0000000000
1983-09,0.0032927207,0.0214956552,-0.0745192787,-0.0796723753,0.1000843535,0.0036461430,0.0000299638,0.0000644870,-0.0007377409,-0.0009640357,0.0005004218,-0.0000003646,-0.0011072687,0.0035789573,0.0024716886,0.0000000000
1983-10,0.0018200091,0.0194403727,-0.0722412387,-0.0754263992,0.0974283181,0.0031608411,-0.0000624263,-0.0007290140,-0.0035831654,0.0006184965,0.0029228495,-0.0001416057,-0.0009748654,-0.0034198485,-0.0043947139,0.0000000000
1983-11,0.0006666433,0.0188247661,-0.0701882794,-0.0773602553,0.0928329971,0.0051852536,0.0000143995,0.0003520231,0.0005123744,0.0005260497,0.0005941312,-0.0000067408,0.0019922371,0.0001056921,0.0020979292,0.0000000000
1983-12,-0.0015240337,0.0152003508,-0.0650848084,-0.0792370327,0.0811907589,0.0070130054,0.0000269754,-0.0000638415,-0.0011389841,-0.0012281740,0.0010798371,0.0000575066,-0.0012666805,-0.0005632928,-0.0018299733,0.0000000000
1984-01,-0.0011987505,0.0155279154,-0.0677887541,-0.0839958156,0.0796351295,0.0097929786,0.0000230160,0.0000000000,-0.0050705988,0.0007391632,0.0022934917,-0.0002516795,-0.0022666074,-0.0051342574,-0.0074008649,0.0000000000
1984-02,-0.0012952591,0.0148656945,-0.0741579880,-0.0897494078,0.0847766832,0.0155044687,0.0000616543,-0.0002348780,-0.0025287874,-0.0009333938,0.0012801279,0.0000697701,-0.0022855068,-0.0020436178,-0.0043291246,0.0000000000
1984-03,-0.0027083906,0.0152420995,-0.0745961675,-0.0924401185,0.0802259472,0.0169916370,-0.0000176045,-0.0000381052,-0.0003953597,0.0008966691,0.0009225984,0.0001903063,0.0015585044,0.0010374715,0.0025959759,0.0000000000
1984-04,-0.0041749657,0.0142916595,-0.0726323718,-0.0907142833,0.0731869137,0.0175388423,0.0000212923,-0.0001343416,-0.0008643252,-0.0029935714,0.0005635392,0.0003753312,-0.0030320754,0.0001883954,-0.0028436800,0.0000000000
1984-05,-0.0069584450,0.0099694629,-0.0772241782,-0.1013593976,0.0686764587,0.0199074997,0.0004161150,0.0000139572,-0.0002007829,-0.0024427615,-0.0003502499,0.0003025940,-0.0022611280,0.0003425021,-0.0019186259,0.0000000000
1984-06,-0.0095087815,0.0070295989,-0.0800028467,-0.1049251826,0.0664586606,0.0174130211,-0.0001721089,0.0000112474,0.0022000783,-0.0032316956,-0.0010434010,-0.0000957716,-0.0023316515,0.0011982750,-0.0011333765,0.0000000000
1984-07,-0.0110276692,0.0020132983,-0.0671606532,-0.0878546888,0.0515816043,0.0141117252,0.0002999526,-0.0000444939,-0.0002081980,-0.0030836996,-0.0011296371,0.0003923060,-0.0037737701,0.0029915062,-0.0007822638,0.0000000000
1984-08,-0.0116467282,0.0046604597,-0.0674260149,-0.0824982250,0.0493080632,0.0129122340,-0.0011961190,-0.0000130493,0.0012136683,0.0005774876,-0.0004585650,-0.0007230851,-0.0005996625,-0.0003296895,-0.0009293520,0.0000000000
1984-09,-0.0118269312,0.0064337280,-0.0679362140,-0.0875605217,0.0462577093,0.0139312934,0.0000946154,-0.0000032169,-0.0035326831,-0.0012083352,0.0011009335,0.0005070991,-0.0030415872,0.0001890198,-0.0028525673,0.0000000000
1984-10,-0.0100372489,0.0102136093,-0.0677115728,-0.0869846202,0.0440077144,0.0162237732,0.0000843129,-0.0001389051,-0.0004198118,-0.0009916247,-0.0004532795,0.0005337621,-0.0013855459,0.0012942942,-0.0000912517,0.0000000000
1984-11,-0.0110281233,0.0091597655,-0.0645811544,-0.0803057447,0.0374333805,0.0155962481,0.0001951978,-0.0000980095,-0.0024928326,-0.0006344154,0.0007299509,0.0002448611,-0.0020552476,0.0019146780,-0.0001405697,0.0000000000
1984-12,-0.0114838025,0.0091082486,-0.0639221605,-0.0798091455,0.0335728474,0.0163496847,-0.0002113020,-0.0000683119,0.0002109431,-0.0010135761,-0.0004263752,0.0002288956,-0.0012797264,0.0005566058,-0.0007231206,0.0000000000
1985-01,-0.0114536615,0.0088116862,-0.0602154341,-0.0786539963,0.0281985986,0.0155732009,-0.0009128568,0.0003066467,0.0030950733,0.0007708092,-0.0009784914,-0.0010543057,0.0012268753,0.0003443114,0.0015711866,0.0000000000
1985-02,-0.0121662311,0.0073554570,-0.0594373442,-0.0762633873,0.0281031955,0.0151278867,-0.0001484280,0.0000706124,0.0001664246,-0.0010829401,0.0003091352,0.0002813787,-0.0004038173,-0.0017007999,-0.0021046173,0.0000000000
1985-03,-0.0137509240,0.0065785797,-0.0616181988,-0.0792944665,0.0263335290,0.0151273218,0.0001155078,-0.0000934158,-0.0024339189,-0.0009753219,0.0007557723,0.0002707791,-0.0023605975,0.0013778032,-0.0009827943,0.0000000000
1985-04,-0.0135854913,0.0072693560,-0.0613355967,-0.0813877821,0.0255348459,0.0160966954,0.0001304207,-0.0000087232,-0.0022142150,-0.0013266208,0.0001787439,0.0004748525,-0.0027655420,0.0010906114,-0.0016749305,0.0000000000
1985-05,-0.0149241809,0.0075021269,-0.0640118544,-0.0860219216,0.0237934791,0.0166208895,-0.0007566560,-0.0001770502,0.0006209150,-0.0011010806,-0.0003354881,0.0006748081,-0.0010745517,0.0054453215,0.0043707698,0.0000000000
1985-06,-0.0147779571,0.0076240111,-0.0607590055,-0.0797784330,0.0214665542,0.0160879623,-0.0001876801,0.0000144856,-0.0002005047,-0.0013482555,-0.0002211055,0.0005453819,-0.0013976783,0.0002263349,-0.0011713433,0.0000000000
1985-07,-0.0130431882,0.0063550722,-0.0506632203,-0.0622710811,0.0186833168,0.0141140870,0.0000939110,0.0001811196,0.0008207442,0.0002304030,-0.0000691283,-0.0005433923,0.0007136571,0.0038090655,0.0045227226,0.0000000000
1985-08,-0.0128550930,0.0066360589,-0.0483176950,-0.0620990292,0.0139857851,0.0151690850,0.0001298364,-0.0000199082,-0.0011306341,0.0001117783,0.0002699257,0.0002700097,-0.0003689922,-0.0000613029,-0.0004302951,0.0000000000
1985-09,-0.0138757118,0.0086292129,-0.0501780949,-0.0608781101,0.0155031442,0.0154913159,0.0006244070,-0.0001587775,-0.0006071549,-0.0006757470,0.0002449497,0.0002463119,-0.0003260109,0.0036463769,0.0033203660,0.0000000000
1985-10,-0.0154879327,0.0079594405,-0.0528566855,-0.0627598282,0.0140147652,0.0158246785,-0.0006195173,-0.0001177997,-0.0004069965,-0.0005397345,-0.0001485565,0.0007690794,-0.0010635252,0.0007535742,-0.0003099510,0.0000000000
1985-11,-0.0185760116,0.0081280420,-0.0577320148,-0.0645639340,0.0155745047,0.0172483097,-0.0012000103,-0.0000040640,0.0016800016,-0.0002259738,-0.0003660009,-0.0001000402,-0.0002160876,0.0040414932,0.0038254056,0.0000000000
1985-12,-0.0182817829,0.0078495261,-0.0542299420,-0.0546739741,0.0159496524,0.0150904660,-0.0007093332,-0.0000329680,0.0007917572,-0.0005248702,-0.0002823088,-0.0000347081,-0.0007924311,0.0031190189,0.0023265878,0.0000000000
1986-01,-0.0175122865,0.0054272088,-0.0463557813,-0.0537806401,0.0059725469,0.0137972398,-0.0001138299,0.0000515585,-0.0002132366,0.0010809909,-0.0001188537,0.0004083983,0.0010950275,0.0010279626,0.0021229901,0.0000000000
1986-02,-0.0150914910,0.0076063797,-0.0414203593,-0.0463107520,0.0020592255,0.0119640795,-0.0010775325,-0.0000547659,0.0002609483,-0.0005325736,-0.0000253285,0.0003098697,-0.0011193826,0.0040879018,0.0029685192,0.0000000000
1986-03,-0.0127481904,0.0089814381,-0.0354490014,-0.0408757413,0.0001579308,0.0116816837,-0.0006259362,-0.0000565831,0.0001382511,-0.0004210201,0.0000012792,0.0002803604,-0.0006836486,0.0033289534,0.0026453048,0.0000000000
1986-04,-0.0141342511,0.0070065840,-0.0359407188,-0.0381743545,-0.0042006839,0.0117303603,0.0001809184,0.0001968850,0.0010099342,-0.0011032388,0.0000042007,-0.0000398832,0.0002488162,0.0008194507,0.0010682669,0.0000000000
1986-05,-0.0143163514,0.0070802291,-0.0349576006,-0.0365155760,-0.0090032687,0.0124621100,-0.0006628471,-0.0000913350,0.0000489406,-0.0007558724,-0.0000990360,0.0002604581,-0.0012996917,0.0003237098,-0.0009759819,0.0000000000
1986-06,-0.0138552457,0.0080723073,-0.0339887251,-0.0355425355,-0.0134856645,0.0108875642,-0.0001468656,-0.0000702291,-0.0004078647,-0.0006575369,-0.0001119310,0.0005389344,-0.0008554929,0.0015579240,0.0007024311,0.0000000000
1986-07,-0.0106511954,0.0108922984,-0.0340072657,-0.0273579439,-0.0051941369,0.0102720263,0.0006848719,-0.0003844981,-0.0015847386,0.0001532045,-0.0000420725,0.0001951685,-0.0009780644,-0.0043673075,-0.0053453718,0.0000000000
1986-08,-0.0092836447,0.0155624273,-0.0365969192,-0.0271615136,-0.0034792464,0.0113689447,-0.0005635172,-0.0006754093,-0.0012955309,0.0004644619,-0.0001155110,-0.0005866375,-0.0027721442,-0.0025495431,-0.0053216873,0.0000000000
1986-09,-0.0107262606,0.0157499223,-0.0432517551,-0.0328541287,-0.0051209678,0.0153326880,0.0009213858,0.0003307484,-0.0013970317,0.0000558520,-0.0001899879,-0.0008724299,-0.0011514634,-0.0003796020,-0.0015310653,0.0000000000
1986-10,-0.0131666709,0.0139587538,-0.0501200496,-0.0372657748,-0.0062366145,0.0168801309,-0.0006109335,-0.0003308225,0.0007117047,0.0000037266,-0.0000629898,0.0007528538,0.0004635393,-0.0011447344,-0.0006811950,0.0000000000
1986-11,-0.0124683683,0.0145338596,-0.0493454827,-0.0384834032,-0.0066248038,0.0150532671,-0.0001446331,-0.0002703298,0.0000098691,-0.0003771374,-0.0000463736,-0.0000376332,-0.0008662379,0.0005916971,-0.0002745408,0.0000000000
1986-12,-0.0121012151,0.0160486320,-0.0513484331,-0.0389497258,-0.0063145109,0.0162260765,0.0003944996,0.0000304924,-0.0001848544,-0.0003388626,-0.0000056831,0.0000746400,-0.0000297681,0.0009439963,0.0009142282,0.0000000000
1987-01,-0.0110504049,0.0173402633,-0.0507256733,-0.0397890604,-0.0075241154,0.0170167764,-0.0013746704,-0.0002791782,0.0016130764,-0.0000676414,0.0000774984,0.0003505456,0.0003196304,-0.0022134040,-0.0018937736,0.0000000000
1987-02,-0.0110493827,0.0171378436,-0.0503377438,-0.0437694935,-0.0089128150,0.0166183087,-0.0004828580,0.0005758315,0.0029497918,0.0003457790,0.0002272768,-0.0003705883,0.0032452328,0.0034155222,0.0066607550,0.0000000000
1987-03,-0.0094953076,0.0156726390,-0.0447539986,-0.0409093491,-0.0084634221,0.0145958746,-0.0001547735,0.0000501524,-0.0007429164,-0.0005318215,-0.0003529247,0.0002422915,-0.0014899922,0.0001790834,-0.0013109087,0.0000000000
1987-04,-0.0107313413,0.0151445411,-0.0473522057,-0.0458299289,-0.0107406326,0.0152553312,0.0002242850,-0.0002392837,0.0001704679,0.0002383156,-0.0001245913,0.0000320362,0.0003012297,0.0003860744,0.0006873041,0.0000000000
1987-05,-0.0100398699,0.0157091302,-0.0470212873,-0.0450333421,-0.0139018112,0.0151055063,-0.0000110439,-0.0000911130,-0.0001034468,-0.0002206634,-0.0001570905,-0.0001208441,-0.0007042015,0.0005725888,-0.0001316128,0.0000000000
1987-06,-0.0093845374,0.0163323731,-0.0458808037,-0.0441995968,-0.0166817261,0.0157741034,-0.0003669354,-0.0003446131,-0.0005184531,-0.0006895137,-0.0001784945,-0.0000347030,-0.0021327128,0.0018516552,-0.0002810575,0.0000000000
1987-07,-0.0107470867,0.0125442908,-0.0460334048,-0.0378536420,-0.0157684220,0.0125710800,-0.0004126881,-0.0001342239,-0.0004327140,0.0002460487,-0.0002491411,0.0003243339,-0.0006583846,0.0047929791,0.0041345945,0.0000000000
1987-08,-0.0089542466,0.0158504920,-0.0427188313,-0.0418281600,-0.0204924370,0.0129337611,-0.0003151895,-0.0001600900,0.0004186445,-0.0008825742,0.0003176328,-0.0001228707,-0.0007444470,-0.0011695478,-0.0019139948,0.0000000000
1987-09,-0.0066829274,0.0167227043,-0.0374718095,-0.0354933948,-0.0260363488,0.0087341779,0.0001724195,0.0000752522,-0.0000974267,0.0003123419,-0.0004738615,0.0000698734,0.0000585987,0.0026211861,0.0026797849,0.0000000000
1987-10,-0.0066233546,0.0159794401,-0.0375583396,-0.0351247858,-0.0255657300,0.0098016145,0.0015359559,-0.0012639737,-0.0015699386,-0.0008043576,-0.0005726724,-0.0007566846,-0.0034316710,-0.0046036501,-0.0080353210,0.0000000000
1987-11,-0.0093172880,0.0053317329,-0.0310638160,-0.0248308620,-0.0277995260,0.0107405304,0.0007230215,0.0001482222,-0.0009754038,0.0004792356,-0.0001667972,-0.0001321085,0.0000761699,0.0020434076,0.0021195774,0.0000000000
1987-12,-0.0094620144,0.0017733976,-0.0257366447,-0.0209374114,-0.0333148927,0.0090710862,-0.0006453094,-0.0000001773,0.0011375597,-0.0006553410,0.0008195464,0.0005324728,0.0011887511,0.0007106559,0.0018994071,0.0000000000
1988-01,-0.0083724535,0.0006880574,-0.0190042975,-0.0171786855,-0.0386323128,0.0078167659,-0.0003524803,-0.0000038531,-0.0009369119,0.0002044264,-0.0008112786,-0.0005753140,-0.0024754115,0.0007042445,-0.0017711669,0.0000000000
1988-02,-0.0084400029,0.0006862381,-0.0173451733,-0.0177954393,-0.0439062882,0.0096080314,-0.0004025881,0.0000226459,0.0002653812,-0.0002687111,-0.0000263438,-0.0001412381,-0.0005508541,0.0023414593,0.0017906052,0.0000000000
1988-03,-0.0078892374,0.0003870548,-0.0148076280,-0.0185306999,-0.0461176182,0.0082855365,0.0001782968,0.0000236490,-0.0001273456,0.0000426206,-0.0008208936,0.0000463990,-0.0006572738,0.0000016589,-0.0006556149,0.0000000000
1988-04,-0.0080523578,0.0000785925,-0.0147433664,-0.0181971358,-0.0507046377,0.0079579143,-0.0000450932,0.0000008567,-0.0002226248,0.0000163774,-0.0009633881,0.0001758699,-0.0010380022,0.0002738074,-0.0007641947,0.0000000000
1988-05,-0.0080153766,-0.0001385069,-0.0145949956,-0.0182053444,-0.0539622881,0.0079897898,0.0000216415,0.0000034904,-0.0003561179,0.0001401812,-0.0001618869,0.0000527326,-0.0002999591,0.0014799869,0.0011800278,0.0000000000
1988-06,-0.0069891452,-0.0000088956,-0.0119684359,-0.0176085630,-0.0564737339,0.0056230176,-0.0003340811,-0.0000001841,0.0001615739,-0.0002676502,0.0019878754,-0.0001698151,0.0013777188,0.0010143867,0.0023921055,0.0000000000
1988-07,-0.0075248993,-0.0042273592,-0.0129368090,-0.0100993424,-0.0469104739,0.0044434276,0.0000940612,0.0000076092,-0.0002820224,0.0000504967,-0.0007224213,0.0000288823,-0.0008233943,-0.0002698409,-0.0010932352,0.0000000000
1988-08,-0.0065556778,-0.0007259128,-0.0117464823,-0.0132272623,-0.0529816570,0.0047120736,0.0002169929,-0.0000000000,-0.0002537240,0.0001150772,-0.0008794955,0.0000169635,-0.0007841859,0.0002129749,-0.0005712111,0.0000000000
1988-09,-0.0061339623,0.0004375218,-0.0104548651,-0.0137598194,-0.0549298831,0.0046987463,-0.0002030342,-0.0000061691,0.0000825934,-0.0002449248,0.0003185933,0.0000136264,-0.0000393149,0.0013073355,0.0012680207,0.0000000000
1988-10,-0.0052867880,0.0009536144,-0.0079284018,-0.0128445087,-0.0535037145,0.0035990751,-0.0000613267,-0.0000285131,-0.0001585680,-0.0001798231,-0.0005243364,0.0000471479,-0.0009054195,0.0021742090,0.0012687895,0.0000000000
1988-11,-0.0050321333,0.0008109733,-0.0062171246,-0.0129185079,-0.0593815431,0.0025411667,0.0001142294,-0.0000128945,-0.0000895266,0.0000452148,-0.0009679192,0.0000050823,-0.0009058137,-0.0008999801,-0.0018057938,0.0000000000
1988-12,-0.0049523704,0.0008267637,-0.0054752419,-0.0132083476,-0.0616082006,0.0020764873,-0.0000732951,0.0000162046,0.0001001969,-0.0000898168,0.0002279503,0.0000066448,0.0001878848,-0.0011623070,-0.0009744222,0.0000000000
1989-01,-0.0045778044,0.0011334461,-0.0057918112,-0.0125438675,-0.0601276507,0.0008774229,-0.0002774149,-0.0000256159,-0.0000341717,0.0001216755,-0.0000661404,-0.0000017548,-0.0002834223,0.0022175648,0.0019341426,0.0000000000
1989-02,-0.0047910186,0.0002531536,-0.0056585457,-0.0143962492,-0.0599973583,0.0006266314,0.0001068397,0.0000068605,-0.0000571513,0.0001223681,-0.0011339501,0.0000063290,-0.0009487041,0.0011357591,0.0001870550,0.0000000000
1989-03,-0.0046224124,0.0004746973,-0.0052759932,-0.0122207531,-0.0605902745,0.0000701104,-0.0000725719,0.0000032754,-0.0000274352,0.0000024442,-0.0004059548,0.0000024539,-0.0004977885,0.0003535191,-0.0001442694,0.0000000000
1989-04,-0.0037414540,0.0009145673,-0.0004143403,-0.0101551965,-0.0661002631,-0.0010038745,-0.0001627532,-0.0000066763,0.0000059665,-0.0000731174,0.0003040612,-0.0000180697,0.0000494110,0.0004562402,0.0005056511,0.0000000000
1989-05,-0.0035760716,0.0009546098,-0.0006107753,-0.0084157408,-0.0641980240,-0.0016563828,-0.0001172951,-0.0000004773,0.0000054970,-0.0000378708,0.0001604951,-0.0000241832,-0.0000138344,-0.0016459276,-0.0016597621,0.0000000000
1989-06,-0.0030556358,0.0006883024,0.0014783105,-0.0104890798,-0.0641256147,-0.0030418891,0.0000406400,-0.0000070207,0.0000329663,-0.0000125869,-0.0009811219,-0.0000133843,-0.0009405075,0.0001459489,-0.0007945586,0.0000000000
1989-07,-0.0034689350,0.0007393670,0.0006680798,-0.0074524543,-0.0666270916,-0.0026132708,-0.0002490695,-0.0000303880,-0.0000187062,-0.0001527753,0.0003664490,-0.0001390260,-0.0002235161,0.0017008323,0.0014773162,0.0000000000
1989-08,-0.0036398395,0.0004389125,0.0023713891,-0.0062872293,-0.0693021611,-0.0006600058,-0.0000520497,0.0000021068,0.0000147026,-0.0000226340,0.0004227432,0.0000031020,0.0003679709,0.0001573512,0.0005253220,0.0000000000
1989-09,-0.0029034818,0.0014851149,0.0026968301,-0.0038502258,-0.0669482473,-0.0019502635,0.0000220665,0.0000069800,-0.0000342497,-0.0000535181,-0.0003882998,-0.0000680642,-0.0005150854,-0.0009346248,-0.0014497102,0.0000000000
1989-10,-0.0021341205,0.0020335237,0.0047177605,-0.0027379897,-0.0669271978,-0.0029731070,0.0000778954,-0.0000671063,-0.0000547260,-0.0000021904,0.0000736199,-0.0000404343,-0.0000129416,-0.0053202975,-0.0053332391,0.0000000000
1989-11,-0.0009767518,0.0036894111,0.0062071356,0.0009639156,-0.0679734024,-0.0043059587,-0.0000101582,-0.0000464866,-0.0000701406,-0.0000071330,-0.0009380330,-0.0001153997,-0.0011873511,-0.0000221501,-0.0012095011,0.0000000000
1989-12,-0.0014644717,0.0036180941,0.0052831945,0.0012983162,-0.0689821579,-0.0035471613,-0.0000172808,-0.0000824925,0.0000079248,-0.0000009088,-0.0009036663,-0.0000982564,-0.0010946800,-0.0031721424,-0.0042668224,0.0000000000
1990-01,-0.0015836069,0.0044859075,0.0050287381,0.0060569557,-0.0710139561,-0.0028071567,0.0001235213,-0.0000542795,0.0000417385,-0.0000678379,-0.0009941954,0.0000842147,-0.0008668382,-0.0025558134,-0.0034226516,0.0000000000
1990-02,-0.0008538445,0.0070983469,0.0024104011,0.0130341081,-0.0701247700,-0.0040308927,-0.0000094777,0.0000816310,0.0000156676,-0.0000052136,0.0004277611,0.0000205576,0.0005309259,0.0000537015,0.0005846274,0.0000000000
1990-03,-0.0010016832,0.0065538052,0.0034911068,0.0136776721,-0.0725633162,-0.0039267956,-0.0000183308,0.0001042055,-0.0001012421,0.0002721857,0.0006820952,-0.0000679336,0.0008709799,0.0003462634,0.0012172433,0.0000000000
1990-04,-0.0011561060,0.0058942473,0.0046135350,0.0117831063,-0.0709768426,-0.0031374375,0.0000388452,-0.0000206299,-0.0001185678,0.0002097393,0.0007097684,-0.0000724748,0.0007466804,-0.0011059082,-0.0003592279,0.0000000000
1990-05,-0.0009878135,0.0055147660,0.0064231983,0.0095233082,-0.0703350776,-0.0029218238,-0.0000833715,-0.0001329059,-0.0002498624,0.0001599916,0.0011464618,-0.0000911609,0.0007491527,0.0019980190,0.0027471717,0.0000000000
1990-06,-0.0010685732,0.0050507293,0.0053658345,0.0099239908,-0.0678162073,-0.0035544837,0.0000116474,0.0000661646,-0.0001073167,-0.0000982475,0.0002644832,-0.0000892175,0.0000475135,-0.0027373047,-0.0026897912,0.0000000000
1990-07,-0.0006386710,0.0068645345,0.0035256032,0.0233744128,-0.0583696849,-0.0025154854,0.0000121347,-0.0002169193,-0.0000021154,-0.0000233744,-0.0018795039,-0.0001519353,-0.0022617135,-0.0022149700,-0.0044766835,0.0000000000
1990-08,-0.0005716757,0.0077264947,0.0052127491,0.0257675865,-0.0673767786,-0.0029133987,0.0000579108,-0.0002928342,0.0000813189,-0.0001236844,-0.0020145657,-0.0000571026,-0.0023489572,-0.0032646653,-0.0056136225,0.0000000000
1990-09,-0.0008584647,0.0099150346,0.0090761600,0.0251018774,-0.0730524662,-0.0031315392,0.0000524522,-0.0003688393,0.0000535493,0.0000075306,-0.0026444993,-0.0001803767,-0.0030801831,-0.0015317761,-0.0046119592,0.0000000000
1990-10,-0.0003753111,0.0116073220,0.0100669537,0.0261401494,-0.0731666437,-0.0034330002,0.0000071684,-0.0005873305,0.0000080536,0.0008286427,0.0001829166,-0.0002303543,0.0002090965,-0.0052964020,-0.0050873054,0.0000000000
1990-11,-0.0010887079,0.0227237200,-0.0030489292,0.0052460235,-0.0671637236,-0.0080474142,-0.0000691330,0.0000045447,0.0000905532,0.0000304269,0.0031634114,0.0004393888,0.0036591921,0.0007574957,0.0044166878,0.0000000000
1990-12,-0.0023613782,0.0223974886,-0.0107113072,0.0015210436,-0.0559927892,-0.0098413512,-0.0000585622,0.0001343849,0.0001681675,0.0000404598,0.0011086572,-0.0000236192,0.0013694880,0.0019873660,0.0033568540,0.0000000000
1991-01,-0.0016813735,0.0232799588,-0.0110780141,0.0024751731,-0.0467797414,-0.0103933874,-0.0000788564,0.0009009344,0.0001639546,0.0000331673,0.0019039355,0.0006703735,0.0035935089,-0.0028401797,0.0007533291,0.0000000000
1991-02,-0.0003974808,0.0249300935,-0.0103418491,0.0055810573,-0.0330151619,-0.0094792879,-0.0000286584,0.0010021898,0.0000641195,-0.0000033486,0.0001122516,0.0004644851,0.0016110389,0.0003311774,0.0019422162,0.0000000000
1991-03,-0.0007509230,0.0245436385,-0.0058458830,0.0106566389,-0.0345714153,-0.0080233710,-0.0000200496,0.0009351126,0.0000759965,-0.0000554145,0.0003422570,-0.0002198404,0.0010580616,-0.0023859902,-0.0013279286,0.0000000000
1991-04,-0.0001323758,0.0264471109,-0.0058321688,0.0159261294,-0.0289422047,-0.0083036187,0.0000003839,0.0000925649,-0.0000868993,0.0001067051,-0.0002344319,0.0001934743,0.0000717970,-0.0016106978,-0.0015389009,-0.0000000000
1991-05,-0.0009325007,0.0264058128,-0.0074361111,0.0163916392,-0.0285362232,-0.0091738943,-0.0000341295,0.0000369681,0.0000386678,0.0003393069,0.0006734549,0.0000091739,0.0010634421,0.0023039364,0.0033673785,0.0000000000
1991-06,-0.0015483287,0.0266628288,-0.0078367066,0.0243054358,-0.0236826554,-0.0083118654,0.0000764874,0.0000799885,-0.0000846364,0.0004253451,-0.0001610421,-0.0000349098,0.0003012327,0.0007958255,0.0010970582,0.0000000000
1991-07,-0.0015788888,0.0268233769,-0.0090401543,0.0253778346,-0.0210164470,-0.0089721715,-0.0000669449,-0.0002682338,0.0001175220,0.0004060454,0.0003026368,-0.0003822145,0.0001088110,-0.0038472677,-0.0037384567,0.0000000000
1991-08,-0.0025015823,0.0265396462,-0.0115815345,0.0245479757,-0.0207933084,-0.0102002780,-0.0000580367,0.0003768630,0.0000914941,0.0002086578,0.0000665386,-0.0001611644,0.0005243524,-0.0050632401,-0.0045388877,0.0000000000
1991-09,-0.0014937637,0.0267125997,-0.0091649680,0.0207510440,-0.0225322794,-0.0096056680,0.0000237508,0.0004220591,0.0001127291,-0.0003672935,0.0000090129,-0.0001671386,0.0000331198,-0.0018726423,-0.0018395224,0.0000000000
1991-10,-0.0013086313,0.0276330147,-0.0081111831,0.0222956485,-0.0228653266,-0.0095883436,-0.0000168813,0.0002348806,0.0000348781,-0.0003678782,0.0000685960,-0.0003049093,-0.0003513142,0.0013809960,0.0010296819,0.0000000000
1991-11,-0.0010504126,0.0274160507,-0.0051692656,0.0212428297,-0.0243742759,-0.0079383633,0.0000441173,-0.0002412612,0.0000914960,0.0002336711,0.0000292491,-0.0000936727,0.0000635997,-0.0006599487,-0.0005963490,0.0000000000
1991-12,-0.0005119811,0.0275710380,-0.0052119528,0.0207827077,-0.0222226230,-0.0080425927,-0.0000556012,-0.0006644620,0.0002204656,0.0007627254,0.0006977904,-0.0006651224,0.0002957958,0.0039540819,0.0042498777,0.0000000000
1992-01,0.0009619384,0.0260209586,-0.0002774518,0.0181641493,-0.0204339740,-0.0064027885,-0.0000056754,0.0023913261,-0.0000129570,-0.0002125205,-0.0006641042,0.0001594294,0.0016554984,0.0010841129,0.0027396113,0.0000000000
1992-02,0.0013563377,0.0253350977,0.0039524799,0.0185990211,-0.0201293149,-0.0040710832,0.0000147841,0.0003293563,0.0002573064,0.0000130193,-0.0004529096,0.0000280905,0.0001896470,0.0000241578,0.0002138048,0.0000000000
1992-03,0.0014088501,0.0245665122,0.0054698246,0.0168562179,-0.0204340133,-0.0030907437,-0.0000374754,-0.0002186420,0.0001908969,-0.0000101137,-0.0003718990,0.0000074178,-0.0004398155,0.0010109144,0.0005710990,0.0000000000
1992-04,0.0017377089,0.0249360346,0.0070924553,0.0180154446,-0.0196591342,-0.0020588689,0.0000189410,-0.0014338220,0.0003092310,0.0002972548,-0.0004718192,0.0000516776,-0.0012285367,-0.0008722084,-0.0021007451,0.0000000000
1992-05,0.0023811756,0.0269667112,0.0099262292,0.0215702323,-0.0194730150,-0.0008945422,0.0000071435,0.0000539334,0.0001101811,-0.0001962891,-0.0000954178,-0.0000006262,-0.0001210750,-0.0008645400,-0.0009856150,0.0000000000
1992-06,0.0028937949,0.0290023072,0.0136736809,0.0243500894,-0.0208538647,0.0011568258,-0.0000674254,-0.0008004637,0.0004430273,-0.0000146101,-0.0001981117,-0.0000065939,-0.0006441775,0.0032648785,0.0026207010,0.0000000000
1992-07,0.0014930679,0.0258068592,0.0115019535,0.0246318550,-0.0192471768,0.0008349155,0.0000564380,-0.0001677446,-0.0000586600,0.0003054350,0.0001866976,0.0000127742,0.0003349402,-0.0015754866,-0.0012405464,0.0000000000
1992-08,0.0017974538,0.0264440758,0.0097834510,0.0237620931,-0.0177810387,-0.0007168110,-0.0000427794,-0.0001031319,-0.0001066396,0.0008696926,0.0002916090,0.0000035124,0.0009122631,-0.0029329293,-0.0020206662,0.0000000000
1992-09,0.0017408357,0.0278337857,0.0102425710,0.0255515092,-0.0188131667,-0.0009132572,0.0000207159,0.0001308188,-0.0000194609,0.0004113793,0.0001279295,-0.0000128769,0.0006585058,0.0000141636,0.0006726694,0.0000000000
1992-10,0.0016598209,0.0269914769,0.0095185032,0.0228504531,-0.0189671646,-0.0009918280,0.0000169302,0.0005641219,-0.0001884664,0.0002719204,0.0001726012,-0.0000256883,0.0008114189,-0.0004577182,0.0003537007,0.0000000000
1992-11,0.0013323091,0.0263612276,0.0096652687,0.0208194394,-0.0177409452,-0.0014884264,0.0000551576,0.0010228156,-0.0001469121,-0.0001124250,0.0002803069,0.0000034234,0.0011023665,0.0003621351,0.0014645016,0.0000000000
1992-12,0.0015870178,0.0251129685,0.0096250796,0.0182166446,-0.0157380227,-0.0007219933,0.0000242814,0.0004143640,0.0002541021,-0.0000947266,-0.0001306256,-0.0000322009,0.0004351944,0.0001103499,0.0005455443,0.0000000000
1993-01,0.0017150411,0.0253164258,0.0104700636,0.0190018682,-0.0161509620,-0.0015851619,0.0000159499,0.0004911387,0.0006177338,-0.0003610355,-0.0004748383,-0.0000767218,0.0002122267,-0.0018641132,-0.0016518865,0.0000000000
1993-02,0.0010226821,0.0247664960,0.0105736362,0.0182262807,-0.0185114151,-0.0016029612,0.0000012272,-0.0008346309,0.0006851716,-0.0000856635,-0.0007682237,-0.0000500124,-0.0010521317,0.0006357660,-0.0004163657,0.0000000000
1993-03,0.0011355809,0.0258942875,0.0118584811,0.0240528584,-0.0167183837,-0.0043040486,0.0000263455,0.0000233049,0.0001494169,-0.0000529163,-0.0001370907,-0.0001601106,-0.0001510504,-0.0004113095,-0.0005623600,0.0000000000
1993-04,0.0013944090,0.0257151508,0.0116457230,0.0233928983,-0.0159006413,-0.0045213042,-0.0000425295,-0.0002082927,0.0002969659,-0.0008631979,-0.0002194289,-0.0000162767,-0.0010527597,-0.0004086434,-0.0014614032,0.0000000000
1993-05,0.0022508314,0.0291167533,0.0133057046,0.0259410316,-0.0160700212,-0.0075032233,0.0000650490,0.0005648650,-0.0004603774,-0.0000363174,0.0001655212,-0.0000150064,0.0002837340,-0.0002125469,0.0000711871,0.0000000000
1993-06,0.0018151731,0.0275825032,0.0138651373,0.0250685538,-0.0164796466,-0.0066523120,0.0000054455,0.0000330990,0.0003660396,-0.0002281238,-0.0001911639,-0.0003026802,-0.0003173838,0.0013778521,0.0010604683,0.0000000000
1993-07,0.0016741238,0.0262319313,0.0131568763,0.0214803262,-0.0161909623,-0.0068092554,-0.0000056920,0.0002518265,0.0003776024,-0.0003952380,-0.0003351529,-0.0002199389,-0.0003265930,0.0026143169,0.0022877239,0.0000000000
1993-08,0.0023743460,0.0273092863,0.0124445734,0.0218003507,-0.0133916641,-0.0068202806,0.0000883257,0.0000245784,0.0000224002,-0.0003226452,-0.0000040175,-0.0001766453,-0.0003680037,0.0015874006,0.0012193969,0.0000000000
1993-09,0.0034139198,0.0271625517,0.0091040021,0.0224067018,-0.0107435275,-0.0067164959,-0.0000040967,0.0008148766,-0.0000218496,0.0000448134,0.0000171896,-0.0002310475,0.0006198858,-0.0022769909,-0.0016571051,0.0000000000
1993-10,0.0040484605,0.0283093798,0.0102071536,0.0216332861,-0.0131096002,-0.0076025361,0.0000570833,0.0005293854,-0.0002837589,0.0001362897,-0.0000734138,0.0002045082,0.0005700940,0.0019125379,0.0024826319,0.0000000000
1993-11,0.0038504537,0.0260721994,0.0088958969,0.0195269451,-0.0106859350,-0.0062961748,-0.0000716184,-0.0003363314,-0.0000693880,0.0004393563,0.0001122023,0.0003022164,0.0003764372,0.0001872613,0.0005636985,0.0000000000
1993-12,0.0034569548,0.0241523521,0.0094987396,0.0179345458,-0.0102340649,-0.0050842194,0.0000570398,0.0003260568,0.0000237468,0.0002062473,0.0000347958,-0.0001199876,0.0005278989,0.0009032193,0.0014311181,0.0000000000
1994-01,0.0036514974,0.0239538718,0.0103452258,0.0182482422,-0.0105221941,-0.0045215636,0.0001047980,-0.0000119769,0.0001137975,-0.0002864974,-0.0001441541,-0.0000045216,-0.0002285545,0.0000911893,-0.0001373652,0.0000000000
1994-02,0.0040668548,0.0241749490,0.0104105086,0.0183535058,-0.0122055715,-0.0043510195,-0.0001037048,0.0006333837,-0.0001582397,0.0003817529,0.0001147324,0.0000165339,0.0008844583,-0.0009133943,-0.0000289360,0.0000000000
1994-03,0.0041110567,0.0228714987,0.0109207754,0.0177586716,-0.0109483064,-0.0025609842,-0.0001969196,-0.0002355764,0.0001823769,0.0001207590,-0.0001543711,0.0000335489,-0.0002501824,0.0005686820,0.0003184996,0.0000000000
1994-04,0.0037628429,0.0218684973,0.0120160210,0.0159605341,-0.0141856342,-0.0023249879,0.0000255873,-0.0002186850,0.0001994659,0.0001659896,-0.0001588791,-0.0000079050,0.0000055738,-0.0024195444,-0.0024139706,0.0000000000
1994-05,0.0032687566,0.0219082287,0.0146434828,0.0175691253,-0.0177056042,-0.0015477673,0.0000189588,-0.0005433241,0.0000878609,0.0001159562,-0.0001062336,0.0000320388,-0.0003947430,0.0030931160,0.0026983730,0.0000000000
1994-06,0.0021720567,0.0198734742,0.0129332003,0.0152921774,-0.0163331302,0.0003394541,-0.0000660305,-0.0000993674,0.0002289176,0.0001666847,-0.0002433636,-0.0000029872,-0.0000161464,0.0010204773,0.0010043309,0.0000000000
1994-07,0.0016265545,0.0186429887,0.0140222588,0.0152527797,-0.0184295794,0.0002407224,0.0000458688,-0.0003393024,0.0000827313,-0.0000960925,-0.0000202725,0.0000002889,-0.0003267784,-0.0001941495,-0.0005209279,0.0000000000
1994-08,0.0021189218,0.0193741343,0.0141141651,0.0146700229,-0.0162490318,-0.0000083574,0.0000851807,0.0002847998,-0.0003669683,0.0001467002,0.0002469853,-0.0000001287,0.0003965689,0.0002038056,0.0006003745,0.0000000000
1994-09,0.0016960804,0.0173223836,0.0122501514,0.0124358896,-0.0150277715,0.0008028727,-0.0000386706,0.0004659721,-0.0002192777,0.0000671538,-0.0001562888,0.0000105176,0.0001294064,0.0008136886,0.0009430950,0.0000000000
1994-10,0.0018166607,0.0174461798,0.0112075339,0.0131142599,-0.0136121321,0.0009189577,0.0000245249,-0.0003873052,-0.0001871658,0.0000301628,0.0001075358,0.0000131411,-0.0003991064,-0.0025594809,-0.0029585872,0.0000000000
1994-11,0.0024887336,0.0190356027,0.0132847187,0.0154298391,-0.0166027026,0.0002087801,-0.0001002960,0.0000285534,-0.0000983069,0.0000709773,0.0000780327,-0.0000003132,-0.0000213527,-0.0020892814,-0.0021106341,0.0000000000
1994-12,0.0023734270,0.0188503273,0.0129780327,0.0177534791,-0.0161624962,0.0009909345,0.0000204115,-0.0000131952,-0.0000129780,0.0000710139,-0.0000549525,0.0000342863,0.0000445860,0.0012975995,0.0013421855,0.0000000000
1995-01,0.0024188913,0.0191812478,0.0109688008,0.0160875804,-0.0136120173,0.0001600807,0.0000435400,-0.0005869462,0.0002829951,0.0000289576,0.0000898393,-0.0000028975,-0.0001445116,0.0001630916,0.0000185801,0.0000000000
1995-02,0.0021127680,0.0189894295,0.0095021988,0.0136088913,-0.0148969321,-0.0005230718,0.0000766935,-0.0000854524,0.0000931215,0.0000789316,0.0000506496,0.0000022492,0.0002161929,0.0004563047,0.0006724976,0.0000000000
1995-03,0.0019082928,0.0186581421,0.0086096513,0.0130667579,-0.0144671094,-0.0004103387,0.0000417916,-0.0000951565,-0.0001859685,-0.0000130668,-0.0000318276,-0.0000017645,-0.0002859922,-0.0001285000,-0.0004144922,0.0000000000
1995-04,0.0011990054,0.0177266084,0.0078571186,0.0131248324,-0.0162399283,0.0010076364,0.0000252990,-0.0000478618,0.0001312139,0.0000577493,-0.0001331674,0.0000180367,0.0000512696,0.0004423365,0.0004936061,0.0000000000
1995-05,0.0010129421,0.0178050000,0.0088754696,0.0137134429,-0.0202385697,-0.0003757659,0.0000293753,-0.0003881490,0.0002023607,0.0000521111,-0.0000040477,0.0000020291,-0.0001063205,-0.0005651938,-0.0006715143,0.0000000000
1995-06,0.0007945197,0.0161994491,0.0065729978,0.0122488450,-0.0197996033,-0.0020265252,0.0000216109,0.0004892234,-0.0001656395,-0.0000306221,0.0004751905,-0.0000612011,0.0007285621,0.0016313824,0.0023599444,0.0000000000
1995-07,0.0013232432,0.0136662200,0.0074017553,0.0123751641,-0.0167932862,-0.0028008501,0.0000490923,0.0002924571,-0.0001162076,0.0000297004,0.0002619753,-0.0000711416,0.0004458759,0.0007614673,0.0012073432,0.0000000000
1995-08,0.0017426234,0.0153571702,0.0076960193,0.0124963211,-0.0176026127,-0.0056086620,0.0000095844,0.0002610719,0.0002062533,-0.0001449573,-0.0002622789,-0.0000078521,0.0000618213,0.0016290487,0.0016908699,0.0000000000
1995-09,0.0019899278,0.0153852706,0.0082817966,0.0130729375,-0.0167233659,-0.0060538616,0.0000668616,-0.0002877046,-0.0000091100,0.0001281148,-0.0000668935,-0.0001737458,-0.0003424775,0.0007289151,0.0003864376,0.0000000000
1995-10,0.0021196806,0.0156183356,0.0067788403,0.0136499107,-0.0138368001,-0.0054197956,-0.0000320072,-0.0006387899,-0.0000325384,0.0002607133,0.0000124531,-0.0002265475,-0.0006567166,-0.0002844443,-0.0009411609,0.0000000000
1995-11,0.0018429639,0.0156319635,0.0070659505,0.0134608013,-0.0153570126,-0.0054703992,0.0000729814,-0.0001656988,0.0000367429,-0.0000726883,-0.0001535701,0.0000393869,-0.0002428461,0.0013301035,0.0010872574,0.0000000000
1995-12,0.0017501618,0.0153016465,0.0073007954,0.0142245867,-0.0163646030,-0.0061583799,0.0000182017,0.0000994607,0.0000175219,-0.0002048340,-0.0004942110,-0.0001539595,-0.0007178203,0.0003431711,-0.0003746491,0.0000000000
1996-01,0.0023984204,0.0162254021,0.0073268420,0.0158708989,-0.0156457097,-0.0060894238,0.0000542043,-0.0004283506,0.0000329708,0.0000444385,-0.0003582868,-0.0000334918,-0.0006885156,0.0017665971,0.0010780815,0.0000000000
1996-02,0.0026731419,0.0167379327,0.0070215123,0.0156873132,-0.0145419707,-0.0056538561,0.0000355528,0.0002962614,-0.0000737259,0.0000266684,0.0002733890,-0.0000322270,0.0005259188,0.0003246480,0.0008505668,0.0000000000
1996-03,0.0028686167,0.0176655677,0.0064620200,0.0160350189,-0.0161852736,-0.0055438673,0.0000212278,0.0002773494,0.0000271405,0.0002357148,0.0001537601,0.0001025615,0.0008177541,-0.0014376956,-0.0006199415,0.0000000000
1996-04,0.0023653499,0.0177813159,0.0066512792,0.0168690909,-0.0190467050,-0.0046071065,0.0000484897,0.0008357218,-0.0002633907,-0.0000337382,0.0003847434,0.0000442282,0.0010160543,-0.0007126212,0.0003034331,0.0000000000
1996-05,0.0018367654,0.0169288563,0.0070532522,0.0170987060,-0.0201105163,-0.0028455612,0.0000433477,0.0005484949,-0.0000641846,0.0000102592,0.0000683758,-0.0000455290,0.0005607640,0.0002280565,0.0007888205,0.0000000000
1996-06,0.0017513299,0.0164926153,0.0070048796,0.0159658407,-0.0206771963,-0.0027853842,-0.0000197900,-0.0006052790,0.0001632137,0.0005572078,-0.0002481264,-0.0000278538,-0.0001806277,-0.0016226106,-0.0018032383,0.0000000000
1996-07,-0.0002096555,0.0105481990,0.0021632533,0.0130729035,-0.0215248823,-0.0031845756,0.0000124955,-0.0004008316,0.0001122728,0.0003817288,-0.0005725619,0.0000047769,-0.0004621195,0.0000022247,-0.0004598947,0.0000000000
1996-08,0.0002827770,0.0138491016,0.0065506724,0.0136346895,-0.0244195323,-0.0040333384,0.0000078329,0.0003559219,-0.0000524054,-0.0000531753,0.0006056044,0.0000004033,0.0008641819,0.0009154172,0.0017795991,0.0000000000
1996-09,-0.0000453669,0.0139750921,0.0078080143,0.0159521355,-0.0271051318,-0.0042734335,-0.0000022729,-0.0001970488,-0.0002147204,0.0002089730,0.0005746288,-0.0001136733,0.0002558864,0.0009091255,0.0011650119,0.0000000000
1996-10,-0.0005368197,0.0134903193,0.0071643556,0.0154320452,-0.0258890531,-0.0026133332,-0.0000046703,-0.0005099341,0.0003489041,0.0002129622,-0.0007637271,-0.0000990453,-0.0008155105,0.0001484933,-0.0006670171,0.0000000000
1996-11,-0.0002578377,0.0139465131,0.0078370208,0.0170735234,-0.0272616440,-0.0028864217,-0.0000161149,-0.0005299675,0.0001081509,0.0003568366,0.0001935577,0.0000675423,0.0001800051,-0.0007936116,-0.0006136065,0.0000000000
1996-12,-0.0005137514,0.0135416795,0.0068023672,0.0161843744,-0.0256140918,-0.0015953288,0.0000087338,0.0004333337,0.0000863901,0.0000388425,-0.0003790886,-0.0000092529,0.0001789586,-0.0013373525,-0.0011583939,0.0000000000
1997-01,0.0001693095,0.0146215710,0.0070110800,0.0177378978,-0.0258093852,-0.0017302666,0.0000084147,-0.0002661126,-0.0001002584,0.0002181761,0.0000154856,-0.0000332211,-0.0001575157,0.0006858745,0.0005283588,0.0000000000
1997-02,0.0010124473,0.0156132430,0.0074594165,0.0190598126,-0.0251019526,-0.0027846965,-0.0000048597,-0.0003981377,0.0004192192,0.0001353247,-0.0008710378,0.0000579217,-0.0006615696,0.0020924400,0.0014308704,-0.0000000000
1997-03,0.0009587340,0.0153436167,0.0070969756,0.0173198633,-0.0242918044,-0.0035005451,-0.0000481284,-0.0000613745,0.0002391681,0.0000692795,-0.0003765230,-0.0000315049,-0.0002090833,-0.0008310073,-0.0010400905,0.0000000000
1997-04,0.0019319334,0.0153047326,0.0082942686,0.0168619928,-0.0240999674,-0.0033314634,0.0000780501,-0.0008754307,0.0000024883,0.0005615044,0.0002434097,-0.0001612428,-0.0001512211,0.0010521069,0.0009008858,0.0000000000
1997-05,0.0016015769,0.0138838635,0.0079580521,0.0132114879,-0.0237919721,-0.0032352757,0.0001077861,0.0006511532,-0.0003286676,-0.0001347572,0.0006590376,0.0001682343,0.0011227866,-0.0014808457,-0.0003580591,0.0000000000
1997-06,0.0009634927,0.0124238507,0.0116909398,0.0112338261,-0.0270234431,-0.0008455572,0.0000395032,0.0001428743,0.0001718568,0.0000595393,-0.0001216055,-0.0000219845,0.0002701836,0.0017855898,0.0020557734,0.0000000000
1997-07,0.0014950632,0.0111735685,0.0119766566,0.0086770956,-0.0244308641,-0.0005727427,0.0001092891,-0.0003072731,0.0000155697,0.0000156188,0.0006254301,-0.0000211342,0.0004375003,-0.0002430372,0.0001944631,0.0000000000
1997-08,0.0018348409,0.0116752711,0.0134335934,0.0107197798,-0.0258049106,-0.0003021897,-0.0000750450,0.0008756453,0.0001517996,-0.0001093418,0.0000438683,0.0000079778,0.0008949043,-0.0024682584,-0.0015733541,0.0000000000
1997-09,0.0017165440,0.0112607926,0.0144028029,0.0121720900,-0.0277740030,-0.0000151038,0.0000916635,0.0002792677,0.0000345667,-0.0001923190,0.0002582982,-0.0000002235,0.0004712535,0.0011020420,0.0015732955,0.0000000000
1997-10,0.0018262319,0.0110395750,0.0138421565,0.0113310203,-0.0271350005,-0.0004839130,-0.0000695794,-0.0000618216,0.0003225222,0.0000849827,-0.0005454135,0.0000026131,-0.0002666965,0.0002953485,0.0000286520,0.0000000000
1997-11,0.0017660004,0.0108388764,0.0126278718,0.0107349030,-0.0260073100,-0.0006799039,0.0000528034,-0.0005430277,0.0001540600,0.0003306350,-0.0004499265,-0.0000028556,-0.0004583113,0.0016168524,0.0011585410,0.0000000000
1997-12,0.0017133681,0.0104996160,0.0117073874,0.0089147151,-0.0239628884,-0.0008700752,0.0000233018,-0.0002194420,0.0004378563,0.0000570542,-0.0004672763,-0.0000341940,-0.0002027000,-0.0007764500,-0.0009791500,0.0000000000
1998-01,0.0019704283,0.0104664997,0.0122807627,0.0101427481,-0.0241716466,-0.0013540154,0.0000027586,-0.0001339712,-0.0002063168,0.0000922990,0.0001498642,-0.0000010832,-0.0000964494,0.0036808574,0.0035844080,0.0000000000
1998-02,0.0018303664,0.0096644435,0.0124217867,0.0096832636,-0.0232253021,-0.0015984815,0.0001288578,0.0000048322,-0.0001155226,-0.0000358281,0.0005992128,0.0000190219,0.0006005741,-0.0007814335,-0.0001808594,0.0000000000
1998-03,0.0010446641,0.0080631766,0.0113427787,0.0077802278,-0.0227879325,-0.0011541281,0.0000497260,-0.0000588612,0.0001565303,-0.0000427913,0.0000524122,-0.0000246983,0.0001323178,0.0021736367,0.0023059545,0.0000000000
1998-04,0.0014100594,0.0086103909,0.0103091522,0.0067997287,-0.0191381124,-0.0000457432,0.0000104344,0.0000008610,0.0001061843,-0.0001142354,0.0000688972,-0.0000003111,0.0000718305,-0.0006072691,-0.0005354387,0.0000000000
1998-05,0.0020805081,0.0103883718,0.0096714774,0.0080093588,-0.0160312791,0.0012245902,-0.0000634555,-0.0003116512,0.0003297974,0.0000824964,-0.0003959726,0.0000241244,-0.0003346610,0.0006551278,0.0003204667,0.0000000000
1998-06,0.0017360384,0.0100718478,0.0086861802,0.0071440039,-0.0145534139,0.0019351679,0.0000557268,-0.0003635937,-0.0001763295,-0.0000185744,0.0004409684,0.0001557810,0.0000939787,-0.0008771676,-0.0007831889,0.0000000000
1998-07,0.0009028152,0.0069502668,0.0066759109,0.0030596350,-0.0120797964,0.0013098478,-0.0000218481,-0.0003614139,-0.0001208340,0.0000501780,-0.0000930144,0.0000496432,-0.0004972892,-0.0011911065,-0.0016883957,0.0000000000
1998-08,0.0017487796,0.0095154674,0.0100645637,0.0066429610,-0.0157102453,0.0019497738,-0.0002806791,-0.0004710156,0.0003613178,0.0002265250,-0.0009064812,0.0000364608,-0.0010338723,-0.0029914364,-0.0040253087,0.0000000000
1998-09,0.0017966809,0.0106166415,0.0115121967,0.0056285163,-0.0170570396,0.0021866177,0.0001112145,-0.0000923648,-0.0004040781,-0.0001024390,0.0004827142,-0.0000150877,-0.0000200408,-0.0035313297,-0.0035513705,0.0000000000
1998-10,0.0013273897,0.0110656645,0.0106069995,0.0033407814,-0.0170616700,0.0046306889,0.0000926518,-0.0003706998,-0.0002513859,0.0000307352,-0.0000272987,-0.0002472788,-0.0007732761,0.0023689495,0.0015956734,0.0000000000
1998-11,0.0024000905,0.0108810993,0.0098240036,0.0061747666,-0.0141106498,-0.0013499213,0.0001456855,0.0000783439,-0.0003114209,-0.0000629826,0.0001312290,-0.0000153891,-0.0000345342,-0.0005968040,-0.0006313381,0.0000000000
1998-12,0.0025380077,0.0116903064,0.0109404494,0.0090456192,-0.0154370750,-0.0006282384,0.0001560875,-0.0001776927,-0.0004649691,-0.0000660330,0.0005017049,-0.0000557876,-0.0001066899,0.0017037904,0.0015971005,0.0000000000
1999-01,0.0022350236,0.0111647355,0.0103615396,0.0069353295,-0.0137876948,0.0013645961,0.0000775553,-0.0000937838,-0.0004579801,-0.0001976569,0.0008851700,0.0000388910,0.0002521956,0.0022631174,0.0025153130,0.0000000000
1999-02,0.0020020898,0.0096866981,0.0084742843,0.0075354960,-0.0112091030,0.0005793062,-0.0000816853,-0.0004959589,0.0001601640,-0.0000896724,-0.0004528478,-0.0000004634,-0.0009604638,0.0023412172,0.0013807534,-0.0000000000
1999-03,0.0014927975,0.0088305904,0.0059474485,0.0057822018,-0.0089908542,0.0002004113,0.0000519494,-0.0003894290,-0.0001522547,-0.0002376485,0.0000935049,-0.0000024250,-0.0006363030,-0.0025760505,-0.0032123535,0.0000000000
1999-04,0.0015245632,0.0099492830,0.0076251290,0.0068102609,-0.0102893287,0.0038057419,0.0000661660,0.0004487127,0.0001814781,-0.0001702565,-0.0000843725,-0.0003394722,0.0001022556,-0.0009068235,-0.0008045680,0.0000000000
1999-05,0.0030916772,0.0129450210,0.0107092157,0.0102302137,-0.0112617897,0.0053183138,-0.0000760553,0.0004867328,0.0002677304,0.0001002561,-0.0003536202,-0.0002808070,0.0001442369,-0.0005711537,-0.0004269168,-0.0000000000
1999-06,0.0031469507,0.0132572553,0.0121952800,0.0092895866,-0.0128950515,0.0060321610,0.0001501095,0.0003075683,-0.0003926880,0.0000817484,0.0003726670,0.0002810987,0.0008005039,0.0031272672,0.0039277711,0.0000000000
1999-07,-0.0008038377,0.0137099075,-0.0081297843,0.0177599582,-0.0036885684,0.0054615813,0.0000280539,0.0003496026,0.0000146336,0.0000550559,-0.0001213539,0.0000928469,0.0004188390,-0.0003686336,0.0000502054,0.0000000000
1999-08,0.0029993623,0.0137915089,0.0086221929,0.0111071566,-0.0103525376,0.0064082265,-0.0000410913,-0.0002303182,-0.0001655461,-0.0000177715,-0.0000683267,0.0001877610,-0.0003352927,-0.0026004101,-0.0029357028,0.0000000000
1999-09,0.0036519826,0.0142561094,0.0131242474,0.0123489291,-0.0135799416,0.0074189294,-0.0001011599,0.0003549771,-0.0003806032,-0.0001185497,0.0001344414,0.0004748115,0.0003639172,0.0002488310,0.0006127482,0.0000000000
1999-10,0.0029560337,0.0134848001,0.0115554776,0.0129590966,-0.0140625749,0.0064917902,0.0001800225,-0.0009614662,-0.0003327978,-0.0002190087,0.0001251569,0.0003512058,-0.0008568875,0.0037756669,0.0029187794,0.0000000000
1999-11,0.0028732477,0.0124671594,0.0081654424,0.0113626046,-0.0109205205,0.0043933156,0.0000979777,0.0007068879,-0.0004613475,-0.0004749569,0.0002020296,0.0002416324,0.0003122233,-0.0009540701,-0.0006418468,0.0000000000
1999-12,0.0025658202,0.0118349163,0.0090586394,0.0113276383,-0.0121380028,0.0051485561,0.0001965418,0.0006012137,-0.0006947976,-0.0009141404,0.0007112870,0.0006770351,0.0005771396,0.0014500817,0.0020272213,0.0000000000
2000-01,0.0023967425,0.0103309416,0.0068714470,0.0088336842,-0.0085742252,0.0042699766,-0.0001136056,0.0004308003,-0.0000755859,-0.0005370880,-0.0003841253,0.0000785676,-0.0006010370,-0.0006604298,-0.0012614667,0.0000000000
2000-02,0.0023302982,0.0101692279,0.0059694130,0.0095796216,-0.0086123260,0.0036309427,0.0000570923,0.0018853749,-0.0005808239,-0.0018134224,0.0000912907,0.0006553851,0.0002948967,0.0009874295,0.0012823262,0.0000000000
2000-03,0.0018602514,0.0088667044,0.0040077967,0.0075400095,-0.0068675994,0.0028736572,0.0000969191,-0.0013769992,0.0003398612,0.0008761491,0.0000824112,-0.0001971329,-0.0001787915,-0.0000324414,-0.0002112329,0.0000000000
2000-04,0.0022023030,0.0090676132,0.0034554697,0.0077344789,-0.0072856368,0.0003298882,-0.0001398462,-0.0004343387,0.0002228778,0.0006233990,-0.0004079957,-0.0000283374,-0.0001642412,-0.0012453110,-0.0014095521,0.0000000000
2000-05,0.0025050984,0.0093068085,0.0034737761,0.0080657451,-0.0069714569,-0.0002387070,-0.0001099738,-0.0003592428,0.0001590989,0.0003274693,-0.0001010861,0.0000213165,-0.0000624180,-0.0012977241,-0.0013601421,0.0000000000
2000-06,0.0025082311,0.0107195222,0.0018828385,0.0095981930,-0.0074637652,-0.0005601833,0.0001173852,0.0010665925,-0.0001511919,-0.0007956902,0.0002373477,-0.0000932145,0.0003812288,-0.0000708116,0.0003104172,0.0000000000
2000-07,0.0062257945,-0.0065330227,-0.0099305680,0.0272744616,0.0143082344,0.0002451814,-0.0001543997,0.0000607571,-0.0008043760,0.0015546443,0.0004278162,-0.0000004413,0.0010840006,0.0019965826,0.0030805832,0.0000000000
2000-08,0.0042261194,0.0023673198,-0.0010213957,0.0127467605,-0.0011760123,-0.0042657961,0.0002970962,-0.0000222528,0.0000142995,-0.0003900509,-0.0000144650,-0.0002393112,-0.0003546841,-0.0036602214,-0.0040149055,0.0000000000
2000-09,0.0016206611,0.0090894348,-0.0009957346,0.0079167177,-0.0072362230,-0.0028388714,-0.0000881640,0.0000263594,-0.0000718920,0.0002145430,-0.0004016104,-0.0000536547,-0.0003744186,-0.0004898868,-0.0008643054,0.0000000000
2000-10,0.0005796253,0.0092140436,-0.0027819369,0.0065230678,-0.0072182417,-0.0029596278,-0.0000161136,-0.0002377223,-0.0001569012,0.0006223007,-0.0002670749,0.0001334792,0.0000779678,-0.0008968489,-0.0008188811,0.0000000000
2000-11,0.0008643121,0.0096653686,-0.0033711515,0.0063763313,-0.0056773219,-0.0026777836,-0.0000924814,-0.0000328623,-0.0004129661,0.0008314736,-0.0004734886,0.0000583757,-0.0001219491,0.0000296635,-0.0000922855,0.0000000000
2000-12,0.0007719464,0.0109407870,-0.0038012531,0.0078968795,-0.0065402822,-0.0020683286,0.0000091090,0.0003588578,-0.0002866145,0.0001516201,-0.0003172037,-0.0001369234,-0.0002211547,0.0000486013,-0.0001725533,0.0000000000
2001-01,0.0002774375,0.0113578098,-0.0049780532,0.0085803520,-0.0071932024,-0.0023226323,0.0000090167,0.0005917419,0.0002518895,-0.0004461783,0.0003754852,0.0005890196,0.0013709745,-0.0002599537,0.0011110208,0.0000000000
2001-02,0.0008552116,0.0106093282,-0.0045163474,0.0082889019,-0.0048735557,-0.0018642154,-0.0000857777,0.0003044877,-0.0005518977,0.0007551190,-0.0004386200,-0.0002363825,-0.0002530712,-0.0000618874,-0.0003149587,0.0000000000
2001-03,0.0013028273,0.0126747143,-0.0046878389,0.0095426107,-0.0055680615,-0.0021764402,-0.0000944550,0.0002965883,-0.0003042407,0.0003196775,-0.0002071319,-0.0001867386,-0.0001763004,-0.0011804526,-0.0013567530,0.0000000000
2001-04,0.0012092535,0.0135700293,-0.0051865422,0.0110694649,-0.0066515229,-0.0019524858,0.0000960147,-0.0001234873,0.0002422115,-0.0003520090,0.0002155093,0.0001554179,0.0002336572,-0.0017866384,-0.0015529812,0.0000000000
2001-05,0.0010146202,0.0134355976,-0.0048547524,0.0117443251,-0.0076338824,-0.0010248651,0.0000068994,0.0004783073,-0.0001645761,0.0000352330,-0.0001511509,-0.0000249042,0.0001798085,0.0003640556,0.0005438641,0.0000000000
2001-06,0.0009704647,0.0136445675,-0.0049426808,0.0122685683,-0.0080190518,-0.0009065211,-0.0000188270,0.0009087282,0.0000593122,0.0001913897,0.0001363239,-0.0000055298,0.0012713971,0.0013867124,0.0026581095,0.0000000000
2001-07,0.0019568601,0.0136179704,-0.0012381775,0.0135519443,-0.0105317003,-0.0019871534,-0.0000416811,-0.0003894740,-0.0000612898,0.0009879367,-0.0003054193,-0.0001086973,0.0000813753,0.0022700712,0.0023514465,0.0000000000
2001-08,0.0008066911,0.0120085240,-0.0050440611,0.0119459933,-0.0070319324,-0.0004782305,-0.0000516282,0.0003050165,-0.0001442601,0.0004551423,-0.0004591852,-0.0000262549,0.0000788304,0.0007630358,0.0008418663,0.0000000000
2001-09,-0.0002791990,0.0112774012,-0.0079264253,0.0122487324,-0.0067987031,-0.0003323356,0.0000257980,-0.0006473228,-0.0001204817,0.0006161112,-0.0002277566,-0.0000378863,-0.0003915381,0.0017183495,0.0013268115,0.0000000000
2001-10,0.0004697418,0.0120447387,-0.0069286259,0.0125671807,-0.0069770694,-0.0003896755,0.0000116496,0.0006431890,0.0005064826,-0.0003745020,0.0003042002,0.0000327327,0.0011237522,-0.0054496952,-0.0043259430,0.0000000000
2001-11,0.0004860447,0.0107738606,-0.0052876353,0.0108749928,-0.0076806346,0.0003491253,0.0000365992,-0.0000387859,-0.0001147417,-0.0003795373,0.0001290347,-0.0000300946,-0.0003975256,-0.0000714521,-0.0004689777,0.0000000000
2001-12,0.0000456072,0.0084494699,-0.0031088859,0.0077670170,-0.0071631282,0.0003101071,0.0000007343,0.0004317679,-0.0000258038,0.0000201942,0.0000200568,0.0000001551,0.0004471045,-0.0006060672,-0.0001589627,0.0000000000
2002-01,-0.0000411983,0.0081609538,-0.0026351964,0.0072294438,-0.0074592406,0.0005231608,0.0000005933,0.0001044602,-0.0000901237,0.0003419527,-0.0002110965,0.0000191477,0.0001649336,0.0004388229,0.0006037566,0.0000000000
2002-02,-0.0001439601,0.0079687475,-0.0034752349,0.0072744887,-0.0067498439,0.0007602979,0.0000032823,-0.0000302812,-0.0000813205,0.0005841414,-0.0003442420,0.0000523085,0.0001838884,0.0005743431,0.0007582316,0.0000000000
2002-03,0.0003876115,0.0088928971,-0.0028146646,0.0078712052,-0.0076214565,0.0008289885,0.0000164347,0.0003690552,-0.0000303984,-0.0001440431,-0.0000503016,-0.0000137612,0.0001469857,-0.0017077060,-0.0015607203,0.0000000000
2002-04,0.0005036809,0.0087679043,-0.0040455707,0.0079440252,-0.0062178379,0.0007464780,-0.0000262418,0.0005813121,-0.0001622274,0.0003646308,-0.0003326543,0.0000574042,0.0004822235,0.0010069456,0.0014891691,0.0000000000
2002-05,0.0005379810,0.0075575046,-0.0036252122,0.0067937453,-0.0055624039,0.0013458482,-0.0000073165,-0.0002320154,-0.0000551032,0.0001569355,-0.0001407288,0.0000419905,-0.0002362380,0.0007886133,0.0005523753,0.0000000000
2002-06,0.0001971991,0.0061197901,-0.0041144820,0.0059191566,-0.0047617286,0.0017604713,-0.0000142575,0.0002301041,-0.0000152236,0.0002320309,-0.0001266620,0.0001095013,0.0004154933,0.0011381157,0.0015536090,0.0000000000
2002-07,0.0003546621,0.0061280293,-0.0051278372,0.0066842646,-0.0046007052,0.0021109239,-0.0000290468,-0.0003885171,0.0001835766,0.0002553389,0.0000515279,0.0000770487,0.0001499282,-0.0014924981,-0.0013425698,0.0000000000
2002-08,0.0003573181,0.0054099745,-0.0041388098,0.0041929384,-0.0032121998,0.0015490698,0.0000017866,-0.0000692477,-0.0001225088,0.0000574433,0.0000446496,0.0000285029,-0.0000593741,-0.0000471266,-0.0001065007,0.0000000000
2002-09,0.0002371170,0.0052020543,-0.0039090138,0.0043571245,-0.0046840870,0.0017835128,-0.0000245179,0.0001586627,-0.0000496445,0.0001429137,0.0001077340,0.0001605161,0.0004956641,0.0032509128,0.0037465769,0.0000000000
2002-10,-0.0001110366,0.0040825918,-0.0043419441,0.0030508818,-0.0033679623,0.0018143059,-0.0000087053,-0.0001751432,0.0001623887,-0.0000964079,-0.0000249229,-0.0000992425,-0.0002420331,0.0010551243,0.0008130912,0.0000000000
2002-11,-0.0000471356,0.0036350971,-0.0022291701,0.0035295477,-0.0064689653,0.0020512353,-0.0000028093,0.0001068719,0.0000274188,-0.0003261302,-0.0003344455,-0.0003374282,-0.0008665226,0.0007976159,-0.0000689066,0.0000000000
2002-12,-0.0001978504,0.0036127067,-0.0033245367,0.0031683308,-0.0046708525,0.0014097267,0.0000113962,0.0000198699,-0.0000718100,0.0002002385,0.0000836083,0.0001368845,0.0003801873,-0.0025436226,-0.0021634353,0.0000000000
2003-01,-0.0000394837,0.0032265482,-0.0032679921,0.0028621273,-0.0044253209,0.0015066634,0.0000010147,0.0000229085,0.0000274511,-0.0000266178,-0.0000309772,0.0000230520,0.0000168313,-0.0007624700,-0.0007456387,0.0000000000
2003-02,0.0001459080,0.0031090574,-0.0023730164,0.0020277537,-0.0041049653,0.0015499123,-0.0000027431,-0.0000267379,0.0000336968,0.0000162220,0.0000279138,0.0000187539,0.0000671056,-0.0022688411,-0.0022017355,0.0000000000
2003-03,0.0001822701,0.0027712772,-0.0013061527,0.0013306331,-0.0047360896,0.0016465516,0.0000019867,0.0000210617,0.0000269067,0.0000223546,0.0000378887,0.0000233810,0.0001335796,0.0004075470,0.0005411266,0.0000000000
2003-04,0.0002157831,0.0035822707,-0.0016861410,0.0013308509,-0.0046751272,0.0015215585,0.0000176511,0.0000408379,-0.0000202337,-0.0000622838,-0.0000448812,-0.0001418093,-0.0002107190,0.0023435274,0.0021328083,0.0000000000
2003-05,0.0002995579,0.0043155244,-0.0029664730,0.0008888761,-0.0030900433,0.0015511848,0.0000181233,0.0002062821,-0.0000186888,-0.0000617769,-0.0000954823,-0.0001662870,-0.0001178297,-0.0031893058,-0.0033071355,0.0000000000
2003-06,0.0001355463,0.0043562660,-0.0029368694,0.0003148495,-0.0031977032,0.0012709219,0.0000019248,0.0000718784,-0.0000058737,0.0000013853,0.0000124710,-0.0000157594,0.0000660264,0.0008061723,0.0008721986,0.0000000000
2003-07,0.0003659388,0.0051013559,-0.0024074565,0.0007452080,-0.0037658403,0.0011952203,0.0000085264,0.0002249698,0.0000370748,-0.0000290631,-0.0000576174,-0.0000033466,0.0001805439,0.0031627247,0.0033432686,0.0000000000
2003-08,0.0002137121,0.0049377706,-0.0018301418,0.0006141155,-0.0037571936,0.0008690353,0.0000049795,0.0001170252,-0.0000300143,-0.0000140632,-0.0000807797,-0.0000050404,-0.0000078930,-0.0009213352,-0.0009292282,0.0000000000
2003-09,0.0003184520,0.0047646322,-0.0017268447,0.0004360779,-0.0038282381,0.0011758172,-0.0000039488,0.0000271584,-0.0000024176,0.0000039247,-0.0000156958,-0.0000008231,0.0000081979,-0.0012780714,-0.0012698735,0.0000000000
2003-10,0.0002470473,0.0045835856,-0.0010384283,0.0003722418,-0.0033153668,0.0005982145,0.0000150205,0.0001205483,-0.0000229493,-0.0000051369,-0.0000547036,0.0000239286,0.0000767076,0.0014636476,0.0015403552,0.0000000000
2003-11,0.0003223682,0.0046779751,0.0001819762,0.0011847201,-0.0036173872,-0.0002349681,0.0000043520,0.0001080612,0.0000031300,0.0000024879,-0.0000607721,-0.0000032191,0.0000540399,0.0003880618,0.0004421017,0.0000000000
2003-12,0.0002745865,0.0041444957,0.0002757883,0.0000060013,-0.0038409064,0.0004465637,0.0000117798,-0.0001040268,0.0000041644,0.0000000342,-0.0000326477,-0.0000246950,-0.0001453912,-0.0022412573,-0.0023866484,0.0000000000
2004-01,0.0004226493,0.0039671804,0.0004894930,-0.0012535533,-0.0041966295,0.0011824861,0.0000090870,0.0000975926,0.0000118457,0.0000451279,-0.0001397478,0.0000302716,0.0000541771,-0.0008705340,-0.0008163569,0.0000000000
2004-02,0.0004811990,0.0038836108,0.0029725528,-0.0019906404,-0.0038432176,0.0006542032,0.0000067368,-0.0000357292,0.0000282393,-0.0000424006,0.0000449656,-0.0000077196,-0.0000059078,-0.0004784598,-0.0004843675,0.0000000000
2004-03,0.0005654649,0.0033511284,0.0029848731,-0.0030616285,-0.0038293892,0.0015688598,-0.0000074641,0.0000707088,0.0000068652,-0.0000505169,0.0000375280,0.0000031377,0.0000602587,0.0008061854,0.0008664441,0.0000000000
2004-04,0.0005792454,0.0033812588,0.0017780603,-0.0042202039,-0.0040532670,0.0028923511,-0.0000105423,-0.0000696539,-0.0000574313,-0.0001460191,0.0001147075,-0.0001553193,-0.0003242584,0.0002900831,-0.0000341753,0.0000000000
2004-05,0.0006391539,0.0033683689,0.0009861742,-0.0053922575,-0.0037788950,0.0041629718,0.0000075420,-0.0000134735,-0.0000017751,0.0000630894,-0.0000003779,0.0000620283,0.0001170332,0.0007664777,0.0008835109,0.0000000000
2004-06,0.0004557435,0.0027224192,0.0013600817,-0.0062565283,-0.0032533236,0.0046395001,0.0000084768,0.0000686050,0.0000164570,-0.0000700731,0.0000100853,0.0000955737,0.0001291247,-0.0014080505,-0.0012789258,0.0000000000
2004-07,0.0002087239,0.0022754590,0.0004210498,-0.0071659923,-0.0031495507,0.0050370388,-0.0000084324,-0.0000662159,0.0000135578,-0.0003769312,0.0000516526,-0.0001128297,-0.0004991987,-0.0015339697,-0.0020331684,0.0000000000
2004-08,-0.0001561598,0.0029613880,-0.0006061203,-0.0080391576,-0.0040471170,0.0047325880,-0.0000001249,-0.0000346482,-0.0000064855,-0.0000996856,0.0000546361,-0.0000738284,-0.0001601365,0.0009963560,0.0008362195,-0.0000000000
2004-09,-0.0002800731,0.0032135375,-0.0003566386,-0.0077740026,-0.0049746422,0.0042101906,-0.0000044812,0.0001028332,0.0000001783,0.0001166100,0.0000850664,0.0002315605,0.0005317673,-0.0023296315,-0.0017978642,0.0000000000
2004-10,-0.0009106438,0.0017918032,-0.0018211463,-0.0096753982,-0.0032722937,0.0045272861,-0.0000129311,0.0000028669,0.0000047350,0.0000522472,-0.0000124347,-0.0000674566,-0.0000329734,-0.0018673570,-0.0019003304,0.0000000000
2004-11,-0.0011681044,0.0018022781,-0.0032420148,-0.0100386684,-0.0057588823,0.0042388045,-0.0000529151,0.0000742539,-0.0000508996,0.0000522011,0.0000109419,0.0001318268,0.0001654089,-0.0018915900,-0.0017261812,0.0000000000
2004-12,-0.0015502979,0.0021196761,-0.0057888961,-0.0105745388,-0.0042360787,0.0041110762,-0.0000528652,-0.0000010598,0.0000127356,0.0001173774,-0.0000169443,-0.0001171657,-0.0000579220,0.0025893909,0.0025314688,0.0000000000
2005-01,-0.0017099846,0.0025908900,-0.0065683565,-0.0095461283,-0.0024816252,0.0031043850,0.0000470246,-0.0000295361,-0.0001379355,-0.0002692008,0.0000342464,0.0000968568,-0.0002585446,-0.0025232742,-0.0027818188,0.0000000000
2005-02,-0.0019103116,0.0032035719,-0.0066817034,-0.0108707681,-0.0041447429,0.0030172944,-0.0000359139,-0.0000102514,-0.0000962165,-0.0001478424,0.0000070461,0.0001034932,-0.0001796850,-0.0039444251,-0.0041241101,0.0000000000
2005-03,-0.0025510392,0.0033294745,-0.0080314082,-0.0131137836,-0.0032712993,0.0024429435,0.0000492351,-0.0000469456,-0.0001670533,-0.0000603234,-0.0000438354,0.0000105047,-0.0002584180,-0.0000246505,-0.0002830685,0.0000000000
2005-04,-0.0026635885,0.0047590258,-0.0076215105,-0.0134053938,-0.0053519296,0.0013837573,0.0000692533,-0.0001898851,-0.0000068594,-0.0001380756,0.0000422802,-0.0000096863,-0.0002329728,0.0014584372,0.0012254644,0.0000000000
2005-05,-0.0034900454,0.0042262212,-0.0091009261,-0.0145786384,-0.0052978874,0.0001625467,-0.0001273867,0.0001166437,0.0000555156,0.0001516178,-0.0000137745,0.0000006014,0.0001832175,-0.0001378409,0.0000453766,0.0000000000
2005-06,-0.0036260326,0.0048745034,-0.0109334192,-0.0158111078,-0.0100525505,-0.0010976813,-0.0000210310,0.0001569590,-0.0003126958,-0.0001423000,0.0000452365,-0.0000228318,-0.0002966630,-0.0025013968,-0.0027980598,0.0000000000
2005-07,-0.0036087884,0.0055091815,-0.0121449969,-0.0188630184,-0.0168287284,-0.0014448747,-0.0001414645,0.0001526043,0.0000947310,0.0002244699,0.0001329470,-0.0000007224,0.0004625652,-0.0008946246,-0.0004320594,0.0000000000
2005-08,-0.0046861052,0.0056373483,-0.0116505112,-0.0235022568,-0.0217160319,-0.0025344157,0.0000562333,-0.0000529911,-0.0001561169,0.0004606442,-0.0000825209,-0.0000519555,0.0001732931,-0.0031874874,-0.0030141943,0.0000000000
2005-09,-0.0044283449,0.0059458270,-0.0113864191,-0.0221842954,-0.0203363088,-0.0035143559,-0.0000212561,-0.0000184321,-0.0000888141,-0.0000576792,0.0001240515,-0.0001215967,-0.0001837266,-0.0026533743,-0.0028371009,0.0000000000
2005-10,-0.0046452161,0.0062678605,-0.0122739011,-0.0221677660,-0.0193192177,-0.0039701260,0.0000947624,-0.0000940179,-0.0000527778,0.0001551744,0.0002434221,0.0000504206,0.0003969838,0.0008098142,0.0012067980,0.0000000000
2005-11,-0.0055027099,0.0075677857,-0.0046089635,-0.0210339690,-0.0168651771,-0.0098265997,-0.0001986478,0.0000681101,0.0000548467,0.0001661684,0.0001838304,-0.0000284971,0.0002458106,0.0025147150,0.0027605256,0.0000000000
2005-12,-0.0053801866,0.0102364727,-0.0041689502,-0.0209531463,-0.0158783797,-0.0143200590,0.0000129124,-0.0000255912,-0.0000062534,-0.0000377157,-0.0000317568,-0.0001145605,-0.0002029651,0.0008175664,0.0006146013,0.0000000000
2006-01,-0.0056664307,0.0121620310,-0.0021404054,-0.0244053414,-0.0166324612,-0.0176053852,-0.0001716929,0.0007090464,-0.0000211900,0.0001610753,0.0000582136,-0.0004454162,0.0002900362,-0.0005101751,-0.0002201390,-0.0000000000
2006-02,-0.0054189214,0.0139691916,-0.0023162089,-0.0274220637,-0.0163764266,-0.0233109605,0.0000162568,-0.0000642583,0.0000071802,0.0001480791,-0.0003242532,0.0004242595,0.0002072641,0.0021035978,0.0023108620,0.0000000000
2006-03,-0.0049563707,0.0126114205,-0.0029083177,-0.0253779600,-0.0163945328,-0.0212266685,-0.0000728586,0.0004212214,-0.0000177407,-0.0000076134,0.0000721359,-0.0002695787,0.0001255659,0.0009506947,0.0010762607,0.0000000000
2006-04,-0.0045460443,0.0134146895,-0.0044463663,-0.0261900684,-0.0149999359,-0.0210753597,-0.0000331861,-0.0001059760,-0.0001004879,-0.0004557072,0.0000194999,-0.0001285597,-0.0008044170,0.0012364307,0.0004320137,0.0000000000
2006-05,-0.0043313488,0.0151199814,-0.0031639986,-0.0282204635,-0.0153008517,-0.0227610102,0.0001541960,-0.0004384795,-0.0000753032,-0.0002455180,-0.0002341030,0.0008353291,-0.0000038786,-0.0004149991,-0.0004188777,0.0000000000
2006-06,-0.0031361943,0.0173709114,-0.0020801110,-0.0307756111,-0.0172070549,-0.0261395176,0.0000106631,-0.0000416902,-0.0000176809,-0.0004062381,0.0000223692,-0.0004051625,-0.0008377395,-0.0007643622,-0.0016021017,0.0000000000
2006-07,-0.0027974406,0.0203638781,-0.0029613327,-0.0317908873,-0.0165516689,-0.0268387625,0.0000215403,-0.0007330996,-0.0000775869,-0.0005150124,-0.0001390340,0.0005501946,-0.0008929980,-0.0037390686,-0.0046320666,0.0000000000
2006-08,-0.0022901816,0.0227203088,-0.0038475681,-0.0320755739,-0.0140540734,-0.0300284955,-0.0000464907,0.0001022414,0.0000750276,0.0005805679,-0.0002951355,0.0010119603,0.0014281709,-0.0002868073,0.0011413636,0.0000000000
2006-09,-0.0032874342,0.0215208840,-0.0041480090,-0.0313905737,-0.0145427614,-0.0274778537,-0.0000604888,-0.0002991403,-0.0000029036,-0.0002448465,-0.0000668967,0.0002692830,-0.0004049929,0.0013797681,0.0009747752,0.0000000000
2006-10,-0.0036818722,0.0201369173,-0.0048673350,-0.0272346561,-0.0115212835,-0.0254064179,-0.0001185563,0.0003966973,0.0000160622,0.0000326816,-0.0000368681,0.0000609754,0.0003509921,-0.0018029912,-0.0014519991,0.0000000000
2006-11,-0.0042500515,0.0195119386,-0.0057478004,-0.0291771843,-0.0115809185,-0.0244202476,-0.0000722509,0.0001209740,-0.0000017243,-0.0000583544,0.0000938054,0.0002466445,0.0003290944,-0.0013121704,-0.0009830760,0.0000000000
2006-12,-0.0035928924,0.0186385481,-0.0058912831,-0.0307162263,-0.0099366110,-0.0258765901,-0.0000305396,-0.0001509722,-0.0001620103,0.0001996555,-0.0001868083,-0.0002044251,-0.0005351000,0.0008482002,0.0003131002,0.0000000000
2007-01,-0.0030511306,0.0179719270,-0.0040098383,-0.0324703482,-0.0151450970,-0.0266142392,-0.0000421056,0.0000035944,0.0000272669,-0.0000616937,-0.0000545223,-0.0000665356,-0.0001939959,0.0009312549,0.0007372590,0.0000000000
2007-02,-0.0036671567,0.0197580563,-0.0042880693,-0.0279809118,-0.0097338370,-0.0266562705,0.0000718763,0.0002627821,0.0000038593,0.0001455007,0.0000622966,0.0003491971,0.0008955121,0.0000332275,0.0009287396,0.0000000000
2007-03,-0.0032717495,0.0201564597,-0.0054534448,-0.0272026883,-0.0110020499,-0.0278888659,-0.0000232294,0.0000282190,0.0000485357,-0.0001496148,0.0000737137,-0.0007223216,-0.0007446974,-0.0020533604,-0.0027980578,0.0000000000
2007-04,-0.0027137032,0.0208511164,-0.0060683583,-0.0266577843,-0.0092665307,-0.0301399151,-0.0000947082,-0.0004337032,0.0000873844,-0.0003145619,-0.0000935920,0.0000632938,-0.0007858871,0.0009756248,0.0001897377,0.0000000000
2007-05,-0.0035799005,0.0218866380,-0.0084970364,-0.0268782669,-0.0084123750,-0.0296670898,-0.0001159888,0.0000722259,0.0000492828,-0.0003951105,0.0001043134,0.0001008681,-0.0001844090,0.0003731525,0.0001887435,0.0000000000
2007-06,-0.0036569474,0.0212449884,-0.0101927035,-0.0257876307,-0.0048455805,-0.0291140093,0.0000716762,0.0001487149,0.0001060041,-0.0001263594,-0.0000029073,-0.0001368358,0.0000602926,-0.0014198245,-0.0013595318,0.0000000000
2007-07,-0.0037382087,0.0208871394,-0.0127417230,-0.0262373188,-0.0056554499,-0.0273056121,0.0001390614,-0.0006412352,0.0004727179,-0.0000708408,0.0000656032,-0.0008027850,-0.0008374784,0.0009763053,0.0001388268,0.0000000000
2007-08,-0.0025517718,0.0204226190,-0.0154658173,-0.0304763036,-0.0032708145,-0.0261176447,-0.0000239867,-0.0000694369,0.0002923039,0.0003840014,0.0000186436,0.0000052235,0.0006067490,-0.0021225474,-0.0015157985,-0.0000000000
2007-09,-0.0008136002,0.0154293568,-0.0184054146,-0.0329224008,0.0057374684,-0.0183579805,-0.0000261979,-0.0003780192,0.0003920353,0.0001613198,-0.0001692553,-0.0008150943,-0.0008352117,-0.0006482656,-0.0014834773,0.0000000000
2007-10,0.0001820005,0.0166004040,-0.0205584249,-0.0358269637,0.0108523262,-0.0205774141,0.0000032578,-0.0000083002,0.0005797476,0.0001146463,0.0000065114,-0.0010247552,-0.0003288924,-0.0006962656,-0.0010251579,0.0000000000
2007-11,0.0003010390,0.0181557317,-0.0255032565,-0.0387372543,0.0145487118,-0.0206802186,-0.0000144499,-0.0005283318,0.0002779855,-0.0006817757,-0.0000523754,-0.0002254144,-0.0012243616,-0.0002637736,-0.0014881351,0.0000000000
2007-12,0.0002389722,0.0161604548,-0.0291019902,-0.0430119612,0.0099294653,-0.0209236024,-0.0000020791,0.0000307049,0.0001396896,-0.0003828065,-0.0001062453,-0.0013746807,-0.0016954171,0.0011025206,-0.0005928964,0.0000000000
2008-01,0.0006970679,0.0162379126,-0.0322696848,-0.0467563990,0.0124543979,-0.0218153545,-0.0000440547,-0.0000958037,-0.0012972413,-0.0009818844,0.0002578060,0.0016972346,-0.0004639435,-0.0000638203,-0.0005277637,0.0000000000
2008-02,0.0012609839,0.0140842689,-0.0332601788,-0.0525459790,0.0074637282,-0.0212984598,-0.0000389644,-0.0000873225,0.0002361473,-0.0005622420,-0.0000731445,-0.0013055956,-0.0018311217,0.0022730350,0.0004419133,-0.0000000000
2008-03,0.0017400989,0.0148848838,-0.0399265549,-0.0567533107,0.0120054520,-0.0224115570,-0.0000163569,0.0000952633,-0.0001357503,-0.0004937538,0.0000564256,-0.0009524912,-0.0014466633,0.0012847111,-0.0001619522,0.0000000000
2008-04,0.0011941851,0.0124091289,-0.0406582478,-0.0597697213,0.0155476907,-0.0189492321,0.0000550519,-0.0001489095,0.0004025167,-0.0010997629,-0.0003995757,0.0000587426,-0.0011319369,-0.0014601360,-0.0025920729,0.0000000000
2008-05,0.0013118023,0.0126576218,-0.0406930267,-0.0649261139,0.0209213676,-0.0173642495,0.0000245307,0.0003809944,0.0006388805,-0.0006103055,0.0000292899,-0.0005869116,-0.0001235216,0.0002375095,0.0001139880,0.0000000000
2008-06,0.0006354339,0.0127720642,-0.0399937842,-0.0664245301,0.0207993027,-0.0151205192,-0.0000535671,0.0001481559,0.0009958452,-0.0033012991,-0.0001435152,-0.0019248421,-0.0042792223,0.0013931181,-0.0028861042,0.0000000000
2008-07,0.0009344276,0.0138822969,-0.0443470734,-0.0755175817,0.0235019093,-0.0135273814,-0.0000070082,0.0005178097,-0.0023104825,0.0010572461,0.0002326689,0.0006790745,0.0001693085,0.0078020918,0.0079714004,0.0000000000
2008-08,-0.0006818540,0.0133933067,-0.0324484914,-0.0600461012,0.0177645667,-0.0127575383,-0.0000104324,0.0004379611,-0.0004899722,-0.0010928390,0.0001190226,0.0005740892,-0.0004621707,-0.0011010866,-0.0015632573,0.0000000000
2008-09,-0.0005919788,0.0123576732,-0.0338783074,-0.0602474315,0.0188407690,-0.0124260314,0.0000553500,0.0000457234,-0.0019141244,-0.0013435177,0.0003240612,-0.0000969230,-0.0029294305,0.0000414178,-0.0028880127,0.0000000000
2008-10,0.0008667505,0.0087775141,-0.0337550033,-0.0532223195,0.0190876445,-0.0139631438,-0.0001490811,-0.0002668364,0.0006480961,-0.0014529693,0.0002786796,-0.0010947105,-0.0020368216,-0.0054288088,-0.0074656305,0.0000000000
2008-11,-0.0005568529,0.0153200668,-0.0225738293,-0.0533555928,0.0094151233,-0.0103077753,0.0000431004,-0.0006082067,0.0014018348,-0.0024810351,0.0002297290,-0.0007483445,-0.0021629220,0.0016598291,-0.0005030928,0.0000000000
2008-12,-0.0011229664,0.0149617100,-0.0216976530,-0.0613070961,0.0125899922,-0.0098986222,-0.0000198765,0.0004937364,-0.0000043395,-0.0000674378,-0.0001964039,0.0005028500,0.0007085287,0.0072629576,0.0079714863,0.0000000000
2009-01,-0.0014611298,0.0142718276,-0.0189904394,-0.0541578778,0.0181135862,-0.0095620800,0.0001182054,-0.0003025627,0.0020908474,-0.0001733052,-0.0002246085,0.0002065409,0.0017151173,-0.0049048824,-0.0031897651,0.0000000000
2009-02,-0.0016664787,0.0136220329,-0.0185143752,-0.0548552781,0.0248232794,-0.0109217830,0.0001689809,-0.0001593778,0.0012200973,-0.0005759804,-0.0001489397,-0.0004740054,0.0000307750,0.0018916315,0.0019224065,0.0000000000
2009-03,-0.0013022976,0.0127109225,-0.0178249457,-0.0538200797,0.0261969421,-0.0095217407,-0.0001173370,0.0000775366,-0.0006185256,0.0013831760,-0.0005344176,0.0011235654,0.0013139978,0.0023406506,0.0036546485,0.0000000000
2009-04,-0.0019654624,0.0110992169,-0.0161996440,-0.0544727983,0.0252471723,-0.0079171742,-0.0001998875,0.0007858246,-0.0008699209,-0.0007190409,0.0000833157,0.0027203411,0.0018006319,-0.0015909582,0.0002096738,0.0000000000
2009-05,-0.0021676799,0.0095231382,-0.0144070478,-0.0521973782,0.0266462236,-0.0072191013,-0.0001127194,-0.0002161752,-0.0000619503,0.0004906554,-0.0005329245,0.0009052753,0.0004721613,-0.0000639427,0.0004082186,0.0000000000
2009-06,-0.0018706368,0.0102817370,-0.0141597211,-0.0556936448,0.0318064779,-0.0066612654,-0.0000078567,0.0002344236,0.0003936402,0.0007741417,-0.0001145033,-0.0003597083,0.0009201372,-0.0000450307,0.0008751065,0.0000000000
2009-07,-0.0017647323,0.0097192389,-0.0119810487,-0.0505505520,0.0276584093,-0.0053013961,-0.0001365903,0.0002235425,-0.0005858733,0.0001314314,0.0008518790,0.0002974083,0.0007817977,0.0023070571,0.0030888548,0.0000000000
2009-08,-0.0021893394,0.0085347753,-0.0117458565,-0.0473263166,0.0235537324,-0.0057589165,-0.0000729050,-0.0000085348,-0.0008926851,0.0013488000,0.0007725624,0.0005246373,0.0016718749,-0.0005613700,0.0011105048,0.0000000000
2009-09,-0.0021681148,0.0081960150,-0.0114191991,-0.0447371194,0.0231943559,-0.0056753122,-0.0000884591,0.0002229316,-0.0001313208,-0.0005144769,0.0000788608,0.0002741176,-0.0001583468,0.0007341916,0.0005758448,0.0000000000
2009-10,-0.0023007487,0.0082493892,-0.0113123037,-0.0443337208,0.0225910023,-0.0056847774,0.0000586691,-0.0004000954,0.0004717231,-0.0018708830,-0.0003343468,-0.0001466673,-0.0022216003,0.0014937292,-0.0007278711,0.0000000000
2009-11,-0.0024622729,0.0089603552,-0.0116830150,-0.0465092621,0.0225990279,-0.0058109947,-0.0001373948,-0.0002473058,0.0000385539,-0.0004185834,0.0000000000,-0.0000226629,-0.0007873929,0.0037042335,0.0029168406,0.0000000000
2009-12,-0.0023670489,0.0085404838,-0.0114014057,-0.0447302238,0.0222715670,-0.0056949797,-0.0000648571,0.0005243857,0.0000125415,-0.0003175846,-0.0000133629,-0.0001691409,-0.0000280183,0.0006126715,0.0005846532,0.0000000000
2010-01,-0.0023317677,0.0081912407,-0.0110628090,-0.0429365017,0.0212136283,-0.0055325443,0.0000781142,0.0000327650,-0.0000365073,0.0004637142,0.0001060681,0.0002937781,0.0009379324,-0.0011559686,-0.0002180362,0.0000000000
2010-02,-0.0023214720,0.0081775721,-0.0107660408,-0.0418524861,0.0206439543,-0.0054065839,-0.0000786979,0.0001218458,-0.0003423601,0.0001213722,0.0002931442,-0.0002000436,-0.0000847394,0.0009060882,0.0008213488,0.0000000000
2010-03,-0.0023464219,0.0078912028,-0.0105723958,-0.0406865312,0.0201204734,-0.0054876240,-0.0001478246,0.0001444090,-0.0002315355,0.0002481878,0.0003500962,-0.0001964569,0.0001668761,0.0006462955,0.0008131716,0.0000000000
2010-04,-0.0024364694,0.0075819330,-0.0100992071,-0.0387218630,0.0189449162,-0.0053852549,-0.0000487294,0.0003760639,-0.0002989365,-0.0002362034,0.0003296415,-0.0001717896,-0.0000499535,-0.0023684738,-0.0024184273,0.0000000000
2010-05,-0.0025823212,0.0076242493,-0.0102195989,-0.0381974779,0.0186210600,-0.0056739811,0.0002040034,0.0000060994,0.0002534461,-0.0004965672,-0.0000428284,0.0000102132,-0.0000656337,0.0006537610,0.0005881273,0.0000000000
2010-06,-0.0026723218,0.0074214501,-0.0101174928,-0.0368837323,0.0173284354,-0.0058367881,0.0001488483,-0.0001795991,0.0004785574,0.0000368837,-0.0002737893,0.0001575933,0.0003684944,0.0003734739,0.0007419682,0.0000000000
2010-07,-0.0025911877,0.0075352155,-0.0096545946,-0.0359305103,0.0170485156,-0.0054457421,-0.0001793102,0.0000030141,0.0000473075,-0.0000574888,0.0003477897,-0.0000963896,0.0000649227,0.0009009979,0.0009659206,0.0000000000
2010-08,-0.0029959407,0.0073651827,-0.0095360206,-0.0355152428,0.0161716415,-0.0058126421,0.0001429064,-0.0002253746,0.0001649732,-0.0002130915,-0.0002587463,0.0000034876,-0.0003858452,0.0008676353,0.0004817901,0.0000000000
2010-09,-0.0033120142,0.0085726905,-0.0103522769,-0.0358568661,0.0149392290,-0.0063010530,-0.0003162974,0.0003129032,0.0003126388,0.0000681280,0.0000567691,-0.0000850642,0.0003490775,-0.0007288881,-0.0003798106,0.0000000000
2010-10,-0.0034503717,0.0081653771,-0.0100156240,-0.0345993045,0.0135850863,-0.0063306400,-0.0001335294,0.0000596073,0.0002463844,-0.0004428711,-0.0000516233,-0.0000949596,-0.0004169918,0.0009946774,0.0005776856,0.0000000000
2010-11,-0.0035357194,0.0081630112,-0.0099714775,-0.0343895049,0.0142266629,-0.0064915044,-0.0000208607,0.0002889706,0.0000897433,-0.0001100464,0.0002546573,-0.0001759198,0.0003265442,-0.0033496605,-0.0030231163,0.0000000000
2010-12,-0.0039398834,0.0083747094,-0.0091266731,-0.0334200341,0.0139342519,-0.0067044251,-0.0002687000,0.0000812347,-0.0003249096,0.0011429652,0.0004417158,0.0002011328,0.0012734388,0.0004814959,0.0017549347,0.0000000000
2011-01,-0.0041085530,0.0085104393,-0.0089479087,-0.0330537778,0.0145958615,-0.0069362421,-0.0000813493,-0.0001965911,-0.0000545822,0.0002115442,0.0001182265,0.0000208087,0.0000180566,-0.0027895158,-0.0027714592,0.0000000000
2011-02,-0.0045028568,0.0088902105,-0.0091321420,-0.0313700529,0.0184768967,-0.0081972732,-0.0001566994,0.0001466885,-0.0001077593,0.0005740720,0.0001552059,-0.0001549285,0.0004565792,-0.0017193682,-0.0012627890,0.0000000000
2011-03,-0.0046466490,0.0090969295,-0.0093168081,-0.0312443913,0.0202886311,-0.0086267527,-0.0000213746,0.0002328814,0.0001714293,-0.0005405280,-0.0000142020,-0.0002950349,-0.0004668289,0.0009470669,0.0004802380,0.0000000000
2011-04,-0.0048600682,0.0091737114,-0.0095056187,-0.0300855197,0.0231327829,-0.0094159830,-0.0001409420,-0.0000486207,0.0002319371,-0.0003369578,-0.0001989419,-0.0000056496,-0.0004991749,0.0008074485,0.0003082737,0.0000000000
2011-05,-0.0049927533,0.0090302553,-0.0093280509,-0.0301703562,0.0225976427,-0.0095578712,0.0000634080,-0.0000650178,0.0001725689,-0.0005792708,-0.0003231463,0.0000554357,-0.0006760224,0.0011527368,0.0004767144,0.0000000000
2011-06,-0.0049652003,0.0087271556,-0.0082823042,-0.0273542589,0.0214688581,-0.0094015377,0.0000863945,0.0000052363,0.0000165646,-0.0006209417,-0.0003048578,-0.0001711080,-0.0009887121,0.0023207370,0.0013320249,0.0000000000
2011-07,-0.0051466918,0.0090843056,-0.0071868704,-0.0267687542,0.0198356451,-0.0090988342,0.0001209473,-0.0001008358,0.0000646818,-0.0007200795,-0.0003431567,-0.0000154680,-0.0009939109,-0.0022469649,-0.0032408758,0.0000000000
2011-08,-0.0053245461,0.0100893239,-0.0061312180,-0.0267690283,0.0180066431,-0.0088739440,0.0003173429,-0.0003117601,0.0001489886,-0.0009128239,-0.0000486179,0.0000230723,-0.0007837981,0.0018097496,0.0010259515,0.0000000000
2011-09,-0.0048988851,0.0100392474,-0.0056648962,-0.0243866715,0.0148999006,-0.0080325941,0.0003708456,-0.0003503697,0.0000866729,-0.0004852948,0.0000223499,0.0001895692,-0.0001662269,-0.0008145336,-0.0009807605,0.0000000000
2011-10,-0.0048847800,0.0101252296,-0.0048011244,-0.0251492191,0.0084374513,-0.0061973457,-0.0005539341,0.0003290700,-0.0000028807,0.0005658574,-0.0000607496,0.0000898615,0.0003672245,-0.0017631738,-0.0013959493,0.0000000000
2011-11,-0.0053689909,0.0081055329,-0.0048700577,-0.0241250792,0.0071492421,-0.0042602161,0.0000144963,-0.0000243166,0.0000253243,-0.0004680265,0.0001029491,-0.0001640183,-0.0005135918,-0.0003096429,-0.0008232347,0.0000000000
2011-12,-0.0039291951,0.0077354240,-0.0065595197,-0.0168701211,0.0085543259,-0.0040688839,-0.0000294690,-0.0000224327,-0.0001010166,-0.0001788233,0.0002112918,-0.0000744606,-0.0001949103,-0.0003116747,-0.0005065850,0.0000000000
2012-01,-0.0033978821,0.0081859938,-0.0070994245,-0.0131164311,0.0095432727,-0.0040213864,-0.0001715930,0.0001653571,0.0000660246,0.0002701985,-0.0001412404,0.0003221130,0.0005108598,0.0042688955,0.0047797553,0.0000000000
2012-02,-0.0035102485,0.0083431121,-0.0076084767,-0.0130904680,0.0093032556,-0.0041703309,-0.0001544509,-0.0001393300,-0.0000319556,0.0000471257,-0.0000065123,0.0000108429,-0.0002742802,-0.0021627310,-0.0024370112,0.0000000000
2012-03,-0.0043228002,0.0100706386,-0.0072341049,-0.0131894536,0.0084356702,-0.0043050344,-0.0001344391,-0.0000483391,-0.0000860858,0.0000804557,0.0000582061,-0.0000568265,-0.0001870287,0.0010021944,0.0008151657,0.0000000000
2012-04,-0.0037633201,0.0092854847,-0.0080549930,-0.0121839529,0.0094357084,-0.0041236541,0.0000316119,-0.0000464274,0.0000620234,-0.0001583914,0.0000613321,-0.0001558741,-0.0002057255,0.0006949682,0.0004892427,0.0000000000
2012-05,-0.0032177501,0.0082612832,-0.0095767552,-0.0134324270,0.0102103255,-0.0025916844,0.0001985352,-0.0000066090,0.0000909792,-0.0002726783,0.0002399426,-0.0001671636,0.0000830061,0.0012127496,0.0012957556,0.0000000000
2012-06,-0.0030258158,0.0075118907,-0.0118079807,-0.0139007898,0.0127370375,-0.0022289670,-0.0001180068,0.0000676070,-0.0000649439,0.0001473484,0.0000560430,0.0000247415,0.0001127892,0.0004842150,0.0005970041,0.0000000000
2012-07,-0.0032525043,0.0082374746,-0.0118764232,-0.0128014808,0.0163157782,-0.0033775346,-0.0000256948,-0.0002314730,0.0000071259,-0.0001318553,0.0000016316,-0.0001013260,-0.0004815917,-0.0003734873,-0.0008550790,0.0000000000
2012-08,-0.0033461858,0.0087146438,-0.0133903382,-0.0143634127,0.0154462819,-0.0039467539,-0.0000849931,0.0000374730,-0.0001673792,0.0002154512,-0.0001312934,0.0000923540,-0.0000383875,0.0024411280,0.0024027405,0.0000000000
2012-09,-0.0034221747,0.0085911924,-0.0129488165,-0.0141380040,0.0151678055,-0.0034148206,-0.0000934254,0.0000489698,-0.0002110657,0.0001837941,0.0002381345,0.0000389290,0.0002053363,0.0012117886,0.0014171249,0.0000000000
2012-10,-0.0033816335,0.0083304485,-0.0131618306,-0.0146610019,0.0140326936,-0.0027221024,0.0000595167,-0.0000691427,-0.0004632964,0.0002052540,0.0003536239,-0.0000019055,0.0000840500,-0.0008052314,-0.0007211814,0.0000000000
2012-11,-0.0028108646,0.0074283713,-0.0152514271,-0.0141204314,0.0159201112,-0.0039049831,-0.0000219247,0.0000297135,0.0001326874,-0.0000536576,0.0001289529,-0.0000206964,0.0001950750,0.0011831440,0.0013782190,0.0000000000
2012-12,-0.0027486755,0.0073599121,-0.0150593036,-0.0136768651,0.0159318262,-0.0043741668,-0.0000324344,0.0001405743,-0.0005300875,0.0002352421,0.0001274546,0.0001281631,0.0000689122,0.0008887867,0.0009576990,0.0000000000
2013-01,-0.0029560630,0.0080881007,-0.0145144895,-0.0134515849,0.0152431329,-0.0045131567,-0.0001646527,0.0000339700,-0.0001465963,0.0002703769,0.0002316956,0.0000798829,0.0003046763,-0.0001805624,0.0001241139,0.0000000000
2013-02,-0.0032513552,0.0081972246,-0.0144980560,-0.0141487402,0.0154175214,-0.0043648524,-0.0000419425,-0.0000196733,-0.0000260965,0.0000834776,0.0000925051,-0.0000541242,0.0000341462,-0.0005377424,-0.0005035962,0.0000000000
2013-03,-0.0033076897,0.0077165404,-0.0152706787,-0.0147584941,0.0157500044,-0.0044325826,-0.0001332999,0.0000679056,0.0000320684,-0.0000398479,0.0002220751,-0.0000846623,0.0000642389,0.0002898708,0.0003541097,0.0000000000
2013-04,-0.0031110179,0.0068383307,-0.0155556224,-0.0150607760,0.0156804343,-0.0044118278,-0.0000485319,-0.0001538624,-0.0000715559,-0.0000587370,0.0000658578,-0.0000083825,-0.0002752119,-0.0000948049,-0.0003700168,0.0000000000
2013-05,-0.0029850630,0.0054587979,-0.0155520403,-0.0162425480,0.0127308272,-0.0035847820,-0.0000838803,0.0001108136,-0.0004214603,0.0003248510,-0.0001196698,0.0000720541,-0.0001172917,0.0013981572,0.0012808655,0.0000000000
2013-06,-0.0036565929,0.0055514298,-0.0187804657,-0.0184853063,0.0153294490,-0.0055585508,0.0000438791,0.0000854920,0.0000075122,0.0000517589,-0.0000091977,-0.0000322396,0.0001472049,-0.0002696910,-0.0001224861,0.0000000000
2013-07,-0.0031966792,0.0050029761,-0.0157461048,-0.0135405019,0.0162225371,-0.0055539364,-0.0001806124,0.0000880524,-0.0000897528,0.0001814427,0.0000940907,-0.0000971939,-0.0000039732,-0.0007728506,-0.0007768238,0.0000000000
2013-08,-0.0029346967,0.0046810498,-0.0191370232,-0.0145579782,0.0159190012,-0.0066983458,0.0000795303,-0.0000014043,0.0005224407,-0.0001033616,-0.0003454423,-0.0000033492,0.0001484136,0.0004354795,0.0005838931,0.0000000000
2013-09,-0.0027137067,0.0043152289,-0.0200651046,-0.0150714521,0.0156954084,-0.0066801830,-0.0001023067,0.0001143536,0.0002367682,0.0000813858,-0.0002071794,-0.0002030776,-0.0000800561,0.0003274915,0.0002474354,0.0000000000
2013-10,-0.0028859155,0.0042847356,-0.0196704198,-0.0158761927,0.0163556624,-0.0061389517,-0.0001203427,-0.0000642710,-0.0002399791,-0.0004365953,0.0001455654,-0.0000042973,-0.0007199200,0.0002546066,-0.0004653134,0.0000000000
2013-11,-0.0026219287,0.0040983317,-0.0191162339,-0.0149287295,0.0160453688,-0.0060397702,-0.0000818042,0.0000590160,-0.0000363208,-0.0000388147,0.0000096272,-0.0000217432,-0.0001100397,0.0011748453,0.0010648056,0.0000000000
2013-12,-0.0023796774,0.0045099772,-0.0186196406,-0.0136355320,0.0169556990,-0.0055978421,-0.0000666310,-0.0000198439,-0.0000000000,0.0000790861,0.0000135646,-0.0000011196,0.0000050562,-0.0001451573,-0.0001401011,0.0000000000
2014-01,-0.0022803849,0.0043467204,-0.0197505799,-0.0140523540,0.0184541593,-0.0058466983,0.0000752527,0.0000260803,0.0003930365,0.0005494470,-0.0002841941,-0.0000958859,0.0006637367,-0.0008241117,-0.0001603750,0.0000000000
2014-02,-0.0021560039,0.0031234074,-0.0211881926,-0.0160531877,0.0203681242,-0.0058354679,-0.0001009010,0.0000040604,0.0000741587,0.0000401330,-0.0001099879,-0.0001260461,-0.0002185829,-0.0000065800,-0.0002251629,0.0000000000
2014-03,-0.0021657283,0.0035272066,-0.0198387973,-0.0151574551,0.0177704637,-0.0056838274,-0.0000088795,-0.0000398574,-0.0009721011,-0.0003061806,0.0003411929,0.0001858612,-0.0007999645,0.0002365860,-0.0005633785,0.0000000000
2014-04,-0.0023112740,0.0031858824,-0.0192858573,-0.0164283657,0.0175789466,-0.0046670182,0.0000043914,-0.0001296654,-0.0002352875,-0.0005585644,0.0001634842,0.0001815470,-0.0005740947,-0.0016414670,-0.0022155616,0.0000000000
2014-05,-0.0029943887,0.0041015193,-0.0211838501,-0.0206855550,0.0221614519,-0.0037832735,-0.0000610855,-0.0000762883,0.0000211839,0.0000186170,-0.0002127499,-0.0000332928,-0.0003436157,0.0003210003,-0.0000226154,0.0000000000
2014-06,-0.0033134780,0.0047569633,-0.0216163624,-0.0226658812,0.0255673178,-0.0028337493,-0.0000864818,0.0001455631,0.0001534762,0.0004147856,-0.0004883358,-0.0000184194,0.0001205880,-0.0010925468,-0.0009719589,0.0000000000
2014-07,-0.0028113799,0.0050251396,-0.0227151440,-0.0222284498,0.0289754277,-0.0027229792,0.0000570710,-0.0002105534,0.0000181721,-0.0002089474,0.0001477747,0.0000054460,-0.0001910370,0.0011993186,0.0010082816,0.0000000000
2014-08,-0.0026556261,0.0044808154,-0.0208162940,-0.0206403621,0.0273483831,-0.0028444073,-0.0001125985,0.0000129944,0.0001207345,0.0001320983,-0.0001887038,-0.0000238930,-0.0000593682,0.0015488042,0.0014894359,0.0000000000
2014-09,-0.0026048778,0.0041864773,-0.0192905619,-0.0217458508,0.0254949180,-0.0012344124,0.0000510556,-0.0001532251,0.0002835713,-0.0002609502,-0.0001504200,-0.0000079002,-0.0002378687,0.0015310091,0.0012931404,0.0000000000
2014-10,-0.0026422944,0.0036566261,-0.0196859615,-0.0216973057,0.0245195798,-0.0019243706,-0.0000663216,0.0001327355,0.0003287556,0.0000846195,0.0000514911,0.0000051958,0.0005364759,-0.0003017993,0.0002346766,0.0000000000
2014-11,-0.0020701284,0.0028547695,-0.0185792180,-0.0204052931,0.0229313905,-0.0017187247,-0.0000529953,-0.0000656597,0.0005815295,-0.0003203631,0.0000321039,-0.0000118592,0.0001627562,0.0044561487,0.0046189049,0.0000000000
2014-12,-0.0015778160,0.0015073936,-0.0188614513,-0.0176939632,0.0210666649,-0.0013662125,0.0000007889,0.0000426592,-0.0003979766,0.0002140970,0.0001896000,-0.0000143452,0.0000348232,-0.0011018681,-0.0010670449,0.0000000000
2015-01,-0.0012684913,0.0007987312,-0.0181879660,-0.0164531322,0.0203840248,-0.0003105878,0.0000391964,-0.0000075879,0.0006329412,-0.0002599595,-0.0003342980,-0.0000115539,0.0000587383,-0.0016407222,-0.0015819839,0.0000000000
2015-02,-0.0007865423,0.0012599091,-0.0155028414,-0.0121270196,0.0186825676,0.0032471130,-0.0000482937,0.0000049136,0.0002712997,0.0001333972,-0.0003269449,-0.0000931921,-0.0000588202,0.0028727530,0.0028139328,0.0000000000
2015-03,-0.0011054620,0.0010386224,-0.0153168215,-0.0133279204,0.0167174760,0.0028546796,0.0000120495,0.0000319896,0.0000582039,-0.0000093295,-0.0001036484,0.0000776473,0.0000669124,-0.0001881285,-0.0001212161,0.0000000000
2015-04,-0.0010471457,0.0020488519,-0.0145267634,-0.0111600703,0.0174890231,0.0036584091,-0.0000062829,-0.0000614656,-0.0002629344,-0.0000055800,-0.0001084319,-0.0002656005,-0.0007102953,-0.0005484721,-0.0012587675,0.0000000000
2015-05,-0.0012788066,0.0025715912,-0.0128699383,-0.0100482202,0.0156551371,0.0051387031,-0.0000176475,0.0000213442,0.0001415693,0.0001758439,-0.0001299376,0.0002959893,0.0004871615,0.0013412251,0.0018283866,0.0000000000
2015-06,-0.0015382578,0.0026795270,-0.0110753800,-0.0087459979,0.0119738939,0.0050209512,0.0000236892,0.0000782422,0.0000886030,-0.0000306110,-0.0001843980,0.0001511306,0.0001266561,0.0008891740,0.0010158301,0.0000000000
2015-07,-0.0016275037,0.0026835220,-0.0113703934,-0.0079288430,0.0129614357,0.0050588728,-0.0000255518,-0.0001229053,0.0004730084,-0.0000245794,-0.0003175552,0.0005079108,0.0004903275,-0.0018012910,-0.0013109635,0.0000000000
2015-08,-0.0018044593,0.0029785199,-0.0105763974,-0.0067828254,0.0126675791,0.0054307999,0.0001086285,0.0000086377,-0.0002908509,-0.0000447666,0.0001621450,-0.0001167622,-0.0001729686,-0.0003241496,-0.0004971182,0.0000000000
2015-09,-0.0015213188,0.0035728527,-0.0111975250,-0.0074468904,0.0149375407,0.0066699035,0.0000465524,-0.0001000399,-0.0000615864,-0.0001340440,-0.0000866377,0.0003508369,0.0000150813,-0.0022678345,-0.0022527532,0.0000000000
2015-10,-0.0012449106,0.0036852834,-0.0109481008,-0.0065964862,0.0158625123,0.0063981814,-0.0000964806,-0.0000759168,0.0000503613,-0.0000626666,0.0000983476,-0.0002105002,-0.0002968554,0.0004352124,0.0001383571,0.0000000000
2015-11,-0.0010575482,0.0049180541,-0.0102290034,-0.0042373061,0.0168886642,0.0070005858,-0.0000060280,0.0001618040,0.0000439847,0.0001122886,-0.0001857753,0.0001610135,0.0002872875,0.0003489662,0.0006362536,0.0000000000
2015-12,-0.0010912192,0.0052908537,-0.0109750085,-0.0046290868,0.0183496291,0.0070913655,0.0000234612,-0.0001560802,0.0002820577,-0.0000157389,0.0000238545,0.0002361425,0.0003936968,0.0013773913,0.0017710881,0.0000000000
2016-01,-0.0006674424,0.0047042722,-0.0121010760,-0.0038980046,0.0205986154,0.0067002836,0.0000383112,-0.0001618270,-0.0002517024,-0.0001083645,0.0006282578,0.0000991642,0.0002438393,-0.0021603537,-0.0019165144,0.0000000000
2016-02,-0.0001596090,0.0061280498,-0.0141314795,-0.0025641805,0.0218687917,0.0062960917,0.0000001117,0.0000533140,0.0000862020,-0.0000846180,0.0004308152,-0.0002745096,0.0002113154,0.0022303780,0.0024416934,0.0000000000
2016-03,0.0000956441,0.0048324578,-0.0160808291,-0.0045909965,0.0216628095,0.0038412036,0.0000066473,0.0000488078,-0.0001977942,-0.0000312188,0.0000129977,-0.0001935967,-0.0003541569,-0.0001932127,-0.0005473695,0.0000000000
2016-04,0.0002842961,0.0049155122,-0.0163334202,-0.0051278283,0.0224481112,0.0038887553,0.0000025871,0.0000604608,-0.0005259361,0.0001461431,0.0003905971,-0.0002329364,-0.0001590844,-0.0000880217,-0.0002471061,0.0000000000
2016-05,0.0004808263,0.0053074810,-0.0171338822,-0.0057338393,0.0234972577,0.0044199252,0.0000085587,-0.0000329064,0.0002775689,0.0000630722,-0.0005968303,0.0000614370,-0.0002190999,-0.0015188604,-0.0017379603,0.0000000000
2016-06,0.0005627454,0.0054950104,-0.0166739346,-0.0052248474,0.0235538182,0.0040993714,-0.0000001688,0.0000230790,0.0002484416,-0.0000757603,0.0004475225,0.0001697140,0.0008128281,-0.0010528908,-0.0002400627,0.0000000000
2016-07,0.0012740938,0.0050248519,-0.0181437903,-0.0064692476,0.0263223452,0.0039034931,0.0000501993,0.0001251188,0.0002304261,-0.0000866879,-0.0003106037,-0.0001319381,-0.0001234854,0.0028056355,0.0026821501,0.0000000000
2016-08,0.0010240539,0.0051970935,-0.0161998695,-0.0042676205,0.0222514585,0.0034594856,0.0000050179,0.0000873112,-0.0005135359,0.0000785242,-0.0000867807,-0.0001196982,-0.0005491615,0.0011668383,0.0006176768,-0.0000000000
2016-09,0.0008695214,0.0058134350,-0.0144728752,-0.0014318122,0.0173464846,0.0029052224,0.0000023477,0.0001052232,0.0001765691,0.0000317862,0.0000034693,0.0000066820,0.0003260775,-0.0010938853,-0.0007678078,0.0000000000
2016-10,0.0006814367,0.0067246834,-0.0136377742,0.0023647953,0.0124576401,0.0024917403,-0.0000136969,-0.0002716772,-0.0005591487,0.0000227020,0.0000348814,0.0000154488,-0.0007714906,-0.0008013004,-0.0015727911,0.0000000000
2016-11,0.0006706273,0.0071162968,-0.0129410411,0.0029724710,0.0116688988,0.0026380945,0.0000325254,0.0004960059,-0.0010766946,-0.0000050532,0.0004317493,-0.0001250457,-0.0002465129,0.0015396284,0.0012931155,0.0000000000
2016-12,0.0004783054,0.0103485817,-0.0114091105,0.0081888190,0.0065793886,0.0025424099,0.0000086573,0.0000455338,-0.0003993189,0.0001031791,-0.0000210540,-0.0000066103,-0.0002696130,-0.0003383550,-0.0006079679,0.0000000000
2017-01,0.0004018403,0.0114272554,-0.0101289569,0.0093299675,0.0045625564,0.0029942029,0.0000077957,-0.0001645525,0.0002775334,-0.0000466498,-0.0000488194,-0.0000275467,-0.0000022392,0.0024411600,0.0024389208,0.0000000000
2017-02,0.0003587016,0.0112441669,-0.0090740042,0.0099001036,0.0029786693,0.0030661221,0.0000127339,-0.0002574914,0.0001379249,0.0000415804,-0.0000539139,-0.0000469117,-0.0001660778,-0.0004294272,-0.0005955050,0.0000000000
2017-03,0.0002825127,0.0104754685,-0.0084697922,0.0102480932,0.0017074193,0.0027924971,0.0000004803,0.0000785660,0.0002820441,0.0000655878,-0.0000163912,-0.0000268080,0.0003834790,0.0002012370,0.0005847159,0.0000000000
2017-04,0.0003933696,0.0112212014,-0.0079575006,0.0114287865,0.0007621442,0.0030949843,0.0000042484,0.0000471290,0.0001655160,0.0002034324,-0.0000122705,0.0000157844,0.0004238397,0.0009424791,0.0013663189,0.0000000000
2017-05,0.0006440743,0.0104732043,-0.0079430542,0.0124906868,0.0004874419,0.0027154639,0.0000068916,-0.0003131488,0.0003034247,0.0001236578,-0.0000081403,0.0000404604,0.0001531454,-0.0007843189,-0.0006311735,0.0000000000
2017-06,0.0005949276,0.0103927732,-0.0070558986,0.0130047609,-0.0009706874,0.0026619964,0.0000046404,0.0002639764,-0.0001065441,-0.0002952081,-0.0000000971,-0.0000029282,-0.0001361605,-0.0005146184,-0.0006507790,0.0000000000
2017-07,0.0007146091,0.0114088617,-0.0068440081,0.0144431551,-0.0010906741,0.0032297509,0.0000134347,-0.0001871053,0.0000157412,-0.0001083237,0.0000016360,0.0000529679,-0.0002116492,0.0013834991,0.0011718499,0.0000000000
2017-08,0.0008481216,0.0120513116,-0.0062471209,0.0152707250,-0.0011661998,0.0037173711,0.0000015266,-0.0002205390,0.0001330637,0.0000305414,0.0000277556,0.0001249037,0.0000972520,-0.0002978216,-0.0002005696,0.0000000000
2017-09,0.0009348710,0.0112544965,-0.0063636164,0.0162501547,-0.0006552589,0.0034249594,0.0000232783,0.0005357140,-0.0002004539,-0.0002502524,-0.0000107462,-0.0000458945,0.0000516453,-0.0013927061,-0.0013410607,0.0000000000
2017-10,0.0012540299,0.0122677610,-0.0056286463,0.0186923329,-0.0022745390,0.0043415380,0.0000282157,-0.0002343142,-0.0000073172,0.0001719695,0.0000714205,0.0001840812,0.0002140554,-0.0006843653,-0.0004703099,-0.0000000000
2017-11,0.0012441748,0.0123245165,-0.0052516502,0.0189211413,-0.0027422899,0.0046014700,0.0000388183,-0.0000456007,0.0000047265,0.0006035844,0.0000027423,-0.0000418734,0.0005623973,-0.0003030734,0.0002593240,0.0000000000
2017-12,0.0012248641,0.0122743288,-0.0049500947,0.0194606348,-0.0035674413,0.0048425901,0.0000129836,-0.0001288805,-0.0000024750,0.0001420626,-0.0000638572,-0.0000760287,-0.0001161952,0.0009295825,0.0008133874,0.0000000000
2018-01,0.0010233067,0.0129595860,-0.0042350432,0.0206190412,-0.0059423898,0.0048918769,0.0000571005,-0.0004160027,0.0000559026,-0.0001546428,0.0000623951,0.0001986102,-0.0001966371,0.0002521663,0.0000555291,0.0000000000
2018-02,0.0008301013,0.0122083054,-0.0038263586,0.0194037851,-0.0071737730,0.0045352206,-0.0000302157,0.0000415082,0.0000420899,0.0001028401,0.0001693010,0.0001632679,0.0004887915,0.0007780556,0.0012668471,0.0000000000
2018-03,0.0012221155,0.0106624057,-0.0036649591,0.0191004081,-0.0058785002,0.0048099493,-0.0000287197,0.0003849128,0.0000076964,-0.0000802217,-0.0000047028,-0.0000582004,0.0002207646,-0.0013906422,-0.0011698775,0.0000000000
2018-04,0.0015015981,0.0111598929,-0.0032121232,0.0213131010,-0.0073776642,0.0052646827,0.0000043546,0.0000993230,-0.0000170243,-0.0005136457,-0.0000914830,0.0000236911,-0.0004947843,-0.0018871451,-0.0023819293,0.0000000000
2018-05,0.0018246854,0.0129782252,-0.0033481467,0.0243755149,-0.0089754181,0.0063971036,0.0000479892,0.0006112744,0.0001051318,-0.0004826352,0.0001337337,0.0002501268,0.0006656207,-0.0017769389,-0.0011113182,0.0000000000
2018-06,0.0020325706,0.0122489688,-0.0028065603,0.0248598161,-0.0102134461,0.0061536210,0.0000099596,0.0000943171,0.0000653929,0.0002063365,-0.0000204269,-0.0001409179,0.0002146612,0.0000990963,0.0003137575,0.0000000000
2018-07,0.0021761332,0.0120080943,-0.0028423831,0.0264237246,-0.0103847622,0.0060778972,0.0000696363,-0.0002293546,-0.0000133592,0.0004069254,-0.0000332312,-0.0000869139,0.0001137026,0.0008157557,0.0009294584,0.0000000000
2018-08,0.0019776941,0.0110255391,-0.0022267379,0.0260806822,-0.0111942025,0.0055032008,0.0000684282,0.0000738711,0.0000875108,-0.0000886743,0.0002843327,0.0002933206,0.0007187892,-0.0002366028,0.0004821863,0.0000000000
2018-09,0.0020766776,0.0086612289,-0.0021482654,0.0260643502,-0.0107264931,0.0042474884,0.0000012460,-0.0002156646,0.0000360909,0.0001668118,-0.0001469530,-0.0000042475,-0.0001627163,-0.0010277557,-0.0011904720,0.0000000000
2018-10,0.0022435199,0.0089483220,-0.0024035498,0.0275179979,-0.0116353397,0.0040372921,-0.0001714049,-0.0003901468,-0.0000824418,0.0002586692,-0.0004142181,-0.0000807458,-0.0008802883,0.0011945043,0.0003142161,0.0000000000
2018-11,0.0016304805,0.0071703360,-0.0017828226,0.0263349819,-0.0105836756,0.0031013541,0.0000278812,-0.0000580797,-0.0000060616,-0.0001632769,-0.0000412763,-0.0000440392,-0.0002848526,0.0030293925,0.0027445400,0.0000000000
2018-12,0.0015788738,0.0063942450,-0.0011305128,0.0268687582,-0.0111376749,0.0020980364,-0.0001507824,-0.0001809571,0.0000212536,-0.0000107475,-0.0000245029,0.0000367156,-0.0003090207,0.0018551544,0.0015461337,0.0000000000
2019-01,0.0007924081,0.0068359476,0.0004072765,0.0267398684,-0.0132691691,0.0016623985,0.0000662453,0.0001968753,-0.0000016291,-0.0001791571,0.0002136336,-0.0001436312,0.0001523368,-0.0018120722,-0.0016597354,0.0000000000
2019-02,0.0006793714,0.0064014773,0.0008946659,0.0268360711,-0.0133982295,0.0017371592,0.0000232345,0.0001107456,-0.0000237981,0.0000402541,0.0002009734,0.0000132024,0.0003646119,-0.0018644248,-0.0014998129,0.0000000000
2019-03,0.0004832875,0.0063961833,0.0016219287,0.0265289537,-0.0130220808,0.0017147185,0.0000053162,-0.0002264249,-0.0000674722,0.0002493722,0.0001185009,0.0000389241,0.0001182162,-0.0003084128,-0.0001901966,0.0000000000
2019-04,0.0003504441,0.0065134865,0.0015641420,0.0270061013,-0.0140676190,0.0011482810,0.0000139126,-0.0000722997,0.0000333162,0.0004239958,0.0003080809,-0.0000334150,0.0006735908,0.0005249887,0.0011985795,0.0000000000
2019-05,0.0003319683,0.0062066603,0.0014239021,0.0267923179,-0.0142418443,0.0008764814,-0.0000229722,-0.0000937206,-0.0000336041,-0.0001366408,-0.0002492323,0.0000662620,-0.0004699080,0.0024729442,0.0020030363,0.0000000000
2019-06,0.0003670599,0.0059615414,0.0011320482,0.0261734636,-0.0124322471,0.0013750397,0.0000256575,0.0000113269,-0.0000081507,0.0001282500,0.0000634045,-0.0000310759,0.0001894122,0.0004026302,0.0005920424,0.0000000000
2019-07,-0.0000309054,0.0069872264,0.0013698344,0.0274878507,-0.0116476231,0.0031808031,-0.0000003770,-0.0001271675,0.0000068492,-0.0000357342,-0.0000430962,0.0000931975,-0.0001063283,0.0009479868,0.0008416585,0.0000000000
2019-08,-0.0000644079,0.0064370126,0.0010793008,0.0266135149,-0.0109677046,0.0033273590,0.0000016424,-0.0002092029,-0.0000514826,0.0001410516,0.0000679998,0.0002485537,0.0001985620,0.0016698029,0.0018683649,0.0000000000
2019-09,-0.0004402747,0.0056635102,0.0003011351,0.0235601090,-0.0092320009,0.0036077099,-0.0000062519,0.0000164242,0.0000203567,0.0004287940,-0.0003120416,-0.0002431596,-0.0000958783,-0.0014539219,-0.0015498002,0.0000000000
2019-10,-0.0004661670,0.0055571792,-0.0000715795,0.0242186299,-0.0077373731,0.0051170701,-0.0000096497,0.0000138929,0.0000013743,0.0001041401,0.0000796949,0.0000066522,0.0001961049,-0.0000373214,0.0001587835,0.0000000000
2019-11,-0.0004886555,0.0058043893,-0.0002691688,0.0234144397,-0.0071000599,0.0055016813,-0.0000189110,0.0000226371,0.0000053834,-0.0003839968,0.0000809407,-0.0001435939,-0.0004375405,0.0007274132,0.0002898727,0.0000000000
2019-12,-0.0003242215,0.0054078469,-0.0006187357,0.0223304162,-0.0044193747,0.0065626824,-0.0000089485,0.0000535377,-0.0000107041,0.0000111652,-0.0000525906,-0.0001470041,-0.0001545444,-0.0003430359,-0.0004975803,0.0000000000
2020-01,-0.0002746222,0.0056792892,-0.0006005231,0.0230691011,-0.0046262897,0.0069070982,0.0000002472,-0.0002481849,0.0000373525,-0.0002745223,0.0001013157,0.0004158073,0.0000320155,-0.0001924092,-0.0001603937,0.0000000000
2020-02,-0.0003404734,0.0053399633,-0.0004229327,0.0202808090,-0.0036206891,0.0062568058,0.0000277486,0.0000042720,0.0000161560,-0.0002900156,0.0000916034,-0.0000156420,-0.0001658776,0.0016141294,0.0014482518,0.0000000000
2020-03,-0.0005871473,0.0054278059,-0.0008627127,0.0177974604,-0.0032543160,0.0058096509,0.0000783842,-0.0004439945,0.0001193132,-0.0002865391,-0.0000387264,0.0004763914,-0.0000951713,0.0026063451,0.0025111738,0.0000000000
2020-04,-0.0005507359,0.0050580944,-0.0010969727,0.0127813426,-0.0044427615,0.0049234247,-0.0000747899,0.0001299930,0.0000146994,0.0003527651,0.0000453162,-0.0002762041,0.0001917796,-0.0015892059,-0.0013974263,0.0000000000
2020-05,-0.0009935314,0.0050188890,0.0014859448,0.0135329485,-0.0072610971,0.0073849036,-0.0000555384,0.0000963627,-0.0000742972,0.0001299163,0.0002294507,0.0000110774,0.0003369714,-0.0002080087,0.0001289627,0.0000000000
2020-06,-0.0008898202,0.0047106652,0.0015885067,0.0134539869,-0.0068880706,0.0067698291,-0.0000217116,0.0000918580,-0.0000344706,0.0000188356,-0.0000378844,-0.0000588975,-0.0000422706,0.0014458319,0.0014035614,0.0000000000
2020-07,-0.0007140458,0.0041729986,0.0017027891,0.0129149803,-0.0069888553,0.0056398008,-0.0000416289,-0.0001331187,-0.0000245202,0.0000490769,-0.0000677919,0.0004342647,0.0002162820,0.0004845099,0.0007007919,0.0000000000
2020-08,-0.0006787668,0.0036457626,0.0016673185,0.0114921801,-0.0068217742,0.0052236369,-0.0000517220,-0.0000324473,-0.0000503530,0.0004907161,0.0001030088,0.0000224616,0.0004816642,0.0007820635,0.0012637277,0.0000000000
2020-09,-0.0006454367,0.0035380519,0.0014844581,0.0101828560,-0.0060885848,0.0047661158,0.0000234939,-0.0000003538,-0.0000403773,-0.0001405234,0.0001175097,0.0001515625,0.0001113116,0.0014281540,0.0015394655,0.0000000000
2020-10,-0.0006102716,0.0034005200,0.0011423421,0.0089694221,-0.0051734913,0.0041276351,0.0000126936,0.0001588043,0.0000485495,-0.0000690646,0.0000294889,-0.0001279567,0.0000525151,-0.0005208743,-0.0004683592,0.0000000000
2020-11,-0.0006225572,0.0031126523,0.0011842694,0.0093265508,-0.0055951453,0.0039383278,-0.0000774461,0.0002216208,0.0000247512,-0.0002098474,-0.0000716179,-0.0004962293,-0.0006087686,0.0012759686,0.0006672000,-0.0000000000
2020-12,-0.0007254610,0.0030203070,0.0021903618,0.0092906219,-0.0066142933,0.0043200006,-0.0000335888,0.0001489011,-0.0000367981,-0.0001830253,0.0000039686,-0.0000976320,-0.0001981745,0.0004648910,0.0002667165,0.0000000000
2021-01,-0.0007233645,0.0031980703,0.0023623581,0.0089303616,-0.0064687161,0.0045093499,0.0000005064,0.0002177886,0.0000760679,-0.0003259582,-0.0003214952,0.0001957058,-0.0001573847,-0.0014882222,-0.0016456069,0.0000000000
2021-02,-0.0007601074,0.0032445134,0.0021430090,0.0090335156,-0.0067944255,0.0043806130,-0.0000213590,0.0001460031,0.0001542967,0.0000298106,0.0001352091,-0.0003500110,0.0000939494,-0.0004473758,-0.0003534264,0.0000000000
2021-03,-0.0009367708,0.0039321721,0.0026471889,0.0099158568,-0.0079990789,0.0051766927,-0.0000296020,-0.0000330302,0.0001945684,0.0006296569,-0.0002815676,-0.0003157783,0.0001642473,0.0001118876,0.0002761348,0.0000000000
2021-04,-0.0009148835,0.0038101792,0.0024526099,0.0100599151,-0.0076629626,0.0052211275,-0.0000454697,-0.0001204017,-0.0000250166,0.0002444559,0.0002084326,0.0000636978,0.0003256983,-0.0000287361,0.0002969622,0.0000000000
2021-05,-0.0008825083,0.0036407307,0.0019003364,0.0096809795,-0.0072141916,0.0046202096,-0.0000025593,0.0000462373,0.0001337837,0.0002265349,-0.0002171472,0.0000258732,0.0002127226,0.0005384723,0.0007511949,0.0000000000
2021-06,-0.0009598777,0.0037292472,0.0016597168,0.0098325269,-0.0074652696,0.0045184561,-0.0000262047,-0.0000111877,-0.0001304537,-0.0002104161,0.0000694270,0.0000935320,-0.0002153032,-0.0018140007,-0.0020293039,0.0000000000
2021-07,-0.0008913923,0.0033700839,0.0015111714,0.0089648588,-0.0075839680,0.0043752902,-0.0000119447,-0.0001533388,-0.0000272011,0.0004930672,0.0000439870,-0.0000953813,0.0002491884,0.0007233945,0.0009725829,0.0000000000
2021-08,-0.0007967240,0.0031851207,0.0008232465,0.0086256379,-0.0066783235,0.0036727183,-0.0000235034,-0.0000210218,-0.0000018935,-0.0000224267,0.0001148672,0.0000965925,0.0001426144,-0.0005281101,-0.0003854958,0.0000000000
2021-09,-0.0007862437,0.0032310985,0.0006378029,0.0083133300,-0.0064780116,0.0034512114,0.0000345947,0.0000361883,0.0000326555,-0.0001596159,-0.0001295602,0.0000493523,-0.0001363853,-0.0007978014,-0.0009341867,0.0000000000
2021-10,-0.0008641898,0.0035717287,0.0007900792,0.0092491808,-0.0077480934,0.0038561052,-0.0000572958,-0.0000964367,-0.0000041874,0.0001581610,0.0001193206,0.0001276371,0.0002471988,-0.0009948505,-0.0007476516,0.0000000000
2021-11,-0.0008228814,0.0037134867,0.0006670978,0.0094046713,-0.0083570505,0.0038524390,0.0000130015,-0.0000631293,-0.0000024683,0.0006761959,-0.0001420699,0.0000369834,0.0005185134,-0.0008840431,-0.0003655297,0.0000000000
2021-12,-0.0007145182,0.0035939729,0.0004704660,0.0086694640,-0.0072616259,0.0036659967,-0.0000231504,-0.0000280330,0.0000152901,0.0004230698,-0.0003115237,-0.0000879839,-0.0000123311,0.0007623718,0.0007500407,0.0000000000
2022-01,-0.0005786088,0.0032959263,0.0003109807,0.0072493681,-0.0065255474,0.0033471620,0.0000355844,-0.0001321666,0.0000399921,0.0000558201,-0.0005044248,-0.0000813360,-0.0005865308,-0.0017757674,-0.0023622982,0.0000000000
2022-02,-0.0004959857,0.0037621705,-0.0000845767,0.0084749846,-0.0072566664,0.0037158352,0.0000113085,0.0001075981,-0.0000025880,-0.0001720422,-0.0002198770,0.0000601965,-0.0002154041,-0.0003177628,-0.0005331670,0.0000000000
2022-03,-0.0006348138,0.0047605843,-0.0003617491,0.0106518513,-0.0103002726,0.0040868992,-0.0000195523,-0.0001004483,0.0000068732,-0.0001597778,-0.0003306388,0.0001193375,-0.0004842064,-0.0007583470,-0.0012425534,0.0000000000
2022-04,-0.0008756800,0.0061135568,-0.0012396600,0.0121283989,-0.0125236226,0.0039215071,0.0000824015,-0.0000213974,-0.0000766110,0.0004135784,-0.0007413985,0.0001952911,-0.0001481360,-0.0005901932,-0.0007383291,0.0000000000
2022-05,-0.0009153846,0.0068271689,-0.0015393921,0.0133130973,-0.0137953357,0.0041840549,0.0000030208,-0.0000020482,-0.0001299247,0.0002063530,-0.0005449158,0.0001054382,-0.0003620766,-0.0040122822,-0.0043743588,0.0000000000
2022-06,-0.0006951684,0.0074350664,-0.0020143139,0.0155268411,-0.0163365417,0.0046771869,0.0000583941,0.0000988864,0.0001208588,0.0002732724,0.0007482136,0.0000495782,0.0013492036,0.0009466678,0.0022958714,0.0000000000
2022-07,-0.0006999889,0.0069561189,-0.0019615690,0.0161287527,-0.0175537693,0.0041771299,-0.0000669889,0.0001259058,0.0000810128,0.0001290300,0.0012024332,-0.0001842114,0.0012871814,-0.0033934291,-0.0021062477,0.0000000000
2022-08,-0.0007597736,0.0073025562,-0.0025432059,0.0154423512,-0.0161727402,0.0037796514,0.0000286435,0.0001088081,-0.0000045778,-0.0007319674,-0.0002167147,0.0000714354,-0.0007443730,-0.0002651918,-0.0010095648,0.0000000000
2022-09,-0.0008597114,0.0077759545,-0.0031260989,0.0153968060,-0.0168292310,0.0033647410,0.0000802970,-0.0000762044,-0.0000009378,-0.0002063172,0.0001279022,0.0001248319,0.0000495717,0.0021870782,0.0022366499,0.0000000000
2022-10,-0.0009316890,0.0077349801,-0.0032289755,0.0148465698,-0.0168129016,0.0030047991,-0.0000732308,0.0001407766,-0.0002573493,0.0004869675,-0.0010793883,0.0001183891,-0.0006638352,0.0006932995,0.0000294644,0.0000000000
2022-11,-0.0009238850,0.0086421864,-0.0036224765,0.0164159707,-0.0186066113,0.0033655702,-0.0000433302,-0.0002376601,-0.0000536127,0.0010325646,-0.0005879689,-0.0000575512,0.0000524414,0.0008408214,0.0008932628,0.0000000000
2022-12,-0.0008918437,0.0079563634,-0.0034231143,0.0160417790,-0.0174226375,0.0036750103,0.0000568996,-0.0000159127,-0.0000458697,0.0000561462,-0.0007474311,0.0001815455,-0.0005146222,0.0000131328,-0.0005014894,0.0000000000
2023-01,-0.0009339474,0.0083792827,-0.0039280622,0.0162212403,-0.0171514795,0.0035322320,-0.0000616405,0.0003686884,0.0001547657,-0.0003957983,0.0007563802,-0.0005725748,0.0002498207,0.0010180362,0.0012678570,0.0000000000
2023-02,-0.0009019830,0.0079985638,-0.0041686280,0.0156084560,-0.0157297595,0.0033671623,0.0000231810,0.0000463917,0.0000333490,0.0001545237,0.0002359464,0.0000175092,0.0005109010,0.0007059602,0.0012168612,0.0000000000
2023-03,-0.0009783455,0.0075392902,-0.0039287931,0.0142484493,-0.0147511946,0.0031672818,-0.0000243608,-0.0005194571,0.0003555558,0.0003234398,0.0003097751,-0.0000753813,0.0003695714,-0.0014425271,-0.0010729556,0.0000000000
2023-04,-0.0019800695,0.0082066111,-0.0040940787,0.0141400799,-0.0149364562,0.0030138318,-0.0000124744,-0.0002109099,0.0000049129,0.0003407759,-0.0004256890,0.0000527421,-0.0002506425,-0.0001476462,-0.0003982887,0.0000000000
2023-05,-0.0015794168,0.0075666584,-0.0053282060,0.0141327155,-0.0112617781,0.0022892289,-0.0000052121,-0.0000325366,0.0004150672,-0.0002515623,0.0007950815,-0.0000201452,0.0009006925,0.0005574001,0.0014580926,0.0000000000
2023-06,-0.0017258683,0.0072039766,-0.0052961586,0.0123314569,-0.0090428177,0.0018920249,-0.0001114911,0.0000914905,0.0000068850,0.0002848567,0.0001401637,-0.0000512739,0.0003606309,-0.0008933599,-0.0005327291,0.0000000000
2023-07,-0.0021381939,0.0069942513,-0.0052822642,0.0116286347,-0.0090858091,0.0020312817,-0.0000686360,0.0002014344,-0.0002144599,-0.0000709347,-0.0000454290,-0.0000810481,-0.0002790734,0.0000853586,-0.0001937148,0.0000000000
2023-08,-0.0023452152,0.0075770362,-0.0058345954,0.0119212793,-0.0091706951,0.0018982587,0.0000553471,-0.0002773195,0.0000670978,0.0003969786,0.0002035894,0.0000740321,0.0005197255,-0.0013007287,-0.0007810032,-0.0000000000
2023-09,-0.0022600207,0.0073335725,-0.0059054529,0.0117116542,-0.0090203763,0.0018413457,0.0001181991,-0.0001290709,-0.0000885818,0.0002178368,0.0000775752,0.0000046034,0.0002005618,-0.0011613988,-0.0009608370,-0.0000000000
2023-10,-0.0022820319,0.0073272865,-0.0065261933,0.0119993732,-0.0090897106,0.0017895391,0.0000718840,-0.0002952896,-0.0000143576,0.0002903848,0.0000654459,0.0000302432,0.0001483107,0.0001889642,0.0003372749,0.0000000000
2023-11,-0.0021410606,0.0071227141,-0.0064045653,0.0105592683,-0.0077614540,0.0018639744,-0.0001901262,-0.0000128209,-0.0001063158,-0.0003928048,0.0000946897,0.0000482769,-0.0005591010,0.0020607011,0.0015016001,0.0000000000
2023-12,-0.0021863895,0.0057652961,-0.0061403695,0.0094501243,-0.0067325048,0.0012797657,-0.0001060399,0.0004179840,-0.0002990360,-0.0002797237,-0.0000801168,-0.0000703871,-0.0004173195,0.0019589041,0.0015415845,0.0000000000
2024-01,-0.0021162749,0.0056146903,-0.0057557105,0.0086500662,-0.0055927188,0.0006225343,-0.0000154488,-0.0003194759,0.0001364103,0.0000570904,0.0000564865,0.0000339904,-0.0000509471,0.0000556819,0.0000047348,0.0000000000
2024-02,-0.0020696607,0.0056084970,-0.0058507589,0.0090307675,-0.0052648922,0.0003532906,-0.0001049318,-0.0000465505,0.0002006810,-0.0001824215,0.0001200395,0.0000176999,0.0000045166,0.0001653880,0.0001699046,0.0000000000
2024-03,-0.0019481993,0.0052742657,-0.0057286401,0.0085497905,-0.0042191290,-0.0000075149,-0.0000553289,-0.0000632912,-0.0002383114,0.0001137122,-0.0000438789,0.0000000240,-0.0002870742,-0.0002179383,-0.0005050124,0.0000000000
2024-04,-0.0020386254,0.0054015048,-0.0063136593,0.0085496632,-0.0040692378,-0.0000513719,0.0000947961,-0.0001393588,0.0000284115,0.0000991761,0.0000154631,0.0000002209,0.0000987088,-0.0004496987,-0.0003509899,0.0000000000
2024-05,-0.0023019481,0.0053316467,-0.0062304259,0.0083629238,-0.0046145447,-0.0003953096,-0.0000994442,0.0000309236,0.0000828647,0.0002676136,0.0001375134,-0.0000057320,0.0004137391,0.0002211315,0.0006348706,0.0000000000
2024-06,-0.0021716745,0.0046516644,-0.0057314887,0.0071319267,-0.0037829203,-0.0005575137,-0.0000608069,-0.0002014171,0.0001925780,0.0000392256,0.0000639314,-0.0000047946,0.0000287164,-0.0007704716,-0.0007417552,0.0000000000
2024-07,-0.0021386378,0.0045817352,-0.0053223602,0.0069811948,-0.0037468655,-0.0006544360,-0.0000260914,0.0003816585,-0.0002964555,0.0000181511,-0.0000101165,0.0000154447,0.0000825910,0.0005263642,0.0006089551,0.0000000000
2024-08,-0.0020685511,0.0047981499,-0.0063544925,0.0071840635,-0.0020992641,-0.0007359734,-0.0000333037,-0.0001712940,0.0000718058,0.0000538805,-0.0000165842,-0.0000357683,-0.0001312639,0.0005060393,0.0003747754,0.0000000000
2024-09,-0.0017222551,0.0043786103,-0.0065504898,0.0064980425,-0.0007450571,-0.0004411493,-0.0000297950,-0.0000398454,0.0001788284,0.0000123463,0.0000018626,0.0000026469,0.0001260438,-0.0001216759,0.0000043679,0.0000000000
2024-10,-0.0016187330,0.0039169776,-0.0063959425,0.0057580754,0.0000244526,-0.0004603126,0.0000161873,-0.0000336860,-0.0000582031,-0.0000857953,0.0000002494,-0.0000137173,-0.0001749650,-0.0012621651,-0.0014371300,0.0000000000
2024-11,-0.0016353348,0.0044494596,-0.0065164870,0.0052541835,0.0000672572,-0.0000388012,-0.0001061332,0.0002060100,-0.0000247627,-0.0001192700,-0.0000012981,-0.0000003143,-0.0000457682,-0.0013385582,-0.0013843264,0.0000000000
2024-12,-0.0016369821,0.0043616654,-0.0061249606,0.0051070334,-0.0001515569,-0.0001569497,0.0000517286,-0.0001666156,0.0001819113,0.0000960122,0.0000018187,0.0000004708,0.0001653261,0.0002215168,0.0003868429,0.0000000000
2025-01,-0.0016129027,0.0052369892,-0.0065327559,0.0047884680,0.0002768438,0.0004571461,-0.0000451613,-0.0000644150,-0.0001149765,-0.0001125290,-0.0000089144,0.0000046172,-0.0003413789,0.0007111737,0.0003697947,-0.0000000000
2025-02,-0.0017565305,0.0058293347,-0.0066003099,0.0045623825,-0.0006001744,0.0008846369,0.0000426837,-0.0002844715,-0.0003194550,0.0000488175,-0.0000185454,-0.0000076079,-0.0005385786,0.0006212011,0.0000826225,0.0000000000
2025-03,-0.0018651193,0.0059165278,-0.0065309335,0.0044442882,-0.0009499724,0.0007561083,0.0001191811,-0.0000869730,-0.0001874378,0.0000928856,0.0000043699,-0.0000199613,-0.0000779354,0.0003587042,0.0002807688,0.0000000000
2025-04,-0.0020557429,0.0063147139,-0.0067102778,0.0035367799,-0.0012945324,0.0008029806,0.0000172682,-0.0001155593,0.0002207681,-0.0001000909,0.0000335284,0.0000402293,0.0000961440,0.0009286696,0.0010248136,0.0000000000
2025-05,-0.0017180121,0.0051860531,-0.0057732833,0.0019329050,-0.0011694684,0.0007818009,-0.0001041115,-0.0000399326,0.0001622293,0.0000249345,-0.0000290028,0.0000175905,0.0000317073,-0.0007130811,-0.0006813738,0.0000000000
2025-06,-0.0016571637,0.0048232572,-0.0051905537,0.0009229276,-0.0010627916,0.0008133973,-0.0000805382,-0.0000038586,0.0000742249,-0.0000294414,-0.0000146665,-0.0000215550,-0.0000758348,-0.0000775258,-0.0001533606,0.0000000000
2025-07,-0.0015528934,0.0040015076,-0.0043673784,-0.0025351530,0.0010793790,0.0013959695,-0.0000307473,-0.0000048018,0.0000585229,0.0000063379,-0.0000215876,-0.0000131221,-0.0000053980,-0.0008098709,-0.0008152689,0.0000000000
2025-08,-0.0012964809,0.0034815566,-0.0037671383,-0.0023317037,0.0017876402,0.0010684817,-0.0000238552,0.0001678110,-0.0001646239,0.0000160888,0.0000352165,-0.0000385722,-0.0000079351,0.0005935701,0.0005856350,0.0000000000
2025-09,-0.0010943512,0.0033455963,-0.0033576476,-0.0022508412,0.0018154403,0.0015352737,-0.0000370985,-0.0000725994,0.0000352553,0.0000452419,-0.0000412105,0.0000709296,0.0000005184,-0.0001755467,-0.0001750283,0.0000000000
2025-10,-0.0009870360,0.0032821307,-0.0027958759,-0.0021700285,0.0015377587,0.0017204063,-0.0000193459,-0.0000443088,0.0000889089,0.0001139265,-0.0000625868,0.0000027527,0.0000793466,-0.0008041958,-0.0007248493,0.0000000000
2025-11,-0.0010016467,0.0031982666,-0.0026714209,-0.0018318958,0.0016829932,0.0016040771,0.0000013021,0.0000473343,-0.0001004454,-0.0000261961,0.0000107712,-0.0000275901,-0.0000948240,0.0008977292,0.0008029052,0.0000000000
2025-12,-0.0014081904,0.0030115153,-0.0030189823,-0.0022029986,0.0010643016,0.0010058878,0.0000050695,-0.0000060230,-0.0000724556,-0.0000070496,0.0000042572,-0.0000241413,-0.0001003428,0.0004220860,0.0003217432,0.0000000000
2026-01,-0.0012101012,0.0023825615,-0.0026151089,-0.0019208171,0.0010321410,0.0007689894,-0.0000124640,0.0000776715,-0.0000993741,-0.0000363034,0.0000189914,0.0000386802,-0.0000127986,-0.0011613363,-0.0011741349,0.0000000000
2026-02,-0.0013885145,0.0024710019,-0.0028266215,-0.0023344340,0.0007421141,0.0005405438,0.0000163845,0.0000158144,-0.0000791454,-0.0000389850,0.0000374025,0.0000070811,-0.0000414479,0.0000403255,-0.0000011224,0.0000000000
2026-03,-0.0014263434,0.0029447173,-0.0032114338,-0.0020520597,0.0009043588,0.0005843427,0.0000738846,0.0000197296,-0.0001056562,0.0000416568,-0.0000010852,0.0000091157,0.0000376453,-0.0031938058,-0.0031561605,0.0000000000
2026-04,-0.0015579113,0.0028811244,-0.0031202976,-0.0028670585,0.0010734880,0.0010006047,-0.0001550122,0.0000132532,0.0000427481,0.0001189829,-0.0000407925,0.0000951575,0.0000743370,0.0007834513,0.0008577883,0.0000000000
2026-05,-0.0011500471,0.0023245662,-0.0023070600,-0.0019816694,0.0012509455,0.0010030716,-0.0000564673,-0.0000616010,0.0000532931,0.0001617042,-0.0000182638,0.0000139427,0.0000926079,0.0011227794,0.0012153873,0.0000000000
2026-06,-0.0010667637,0.0015462624,-0.0010165790,-0.0029491015,0.0012297302,0.0011814170,0.0000114144,0.0000674170,-0.0000363935,0.0001495194,0.0000424257,0.0000545815,0.0002889645,-0.0008511407,-0.0005621763,0.0000000000
2026-07,-0.0011056849,0.0019462303,-0.0014387798,-0.0022777475,0.0005937867,0.0007853022,0.0000067447,-0.0000017516,-0.0000303583,-0.0002521467,0.0000134196,-0.0000958069,-0.0003598991,0.0001027927,-0.0002571064,0.0000000000
2026-08,-0.0012875008,0.0021633055,-0.0018425549,-0.0028162718,0.0015064087,0.0006995876,-0.0000329600,-0.0000114655,0.0000652264,0.0001149039,-0.0000302788,-0.0000398765,0.0000655495,0.0002239897,0.0002895392,0.0000000000
