period,Agric,Food,Soda,Beer,Smoke,Toys,Fun,Books,Hshld,Clths,Hlth,MedEq,Drugs,Chems,Rubbr,Txtls,BldMt,Cnstr,Steel,FabPr,Mach,ElcEq,Autos,Aero,Ships,Guns,Gold,Mines,Coal,Oil,Util,Telcm,PerSv,BusSv,Hardw,Softw,Chips,LabEq,Paper,Boxes,Trans,Whlsl,Rtail,Meals,Banks,Insur,RlEst,Fin,Other
1969-07,0.00045835,0.02640965,0.00958865,0.00468857,0.00583214,0.00738151,0.00374791,0.00673780,0.08014412,0.00713597,0.00026655,0.00849572,0.03680744,0.03837256,0.00155864,0.00593708,0.02519461,0.00277900,0.03088275,0.00117320,0.02664922,0.00993143,0.06469133,0.01084490,0.00168308,0.00119421,0.00238527,0.00734535,0.00091158,0.14357749,0.07401434,0.06304789,0.00101914,0.00986200,0.08179125,0.00003352,0.02750214,0.00551335,0.01344713,0.01798839,0.02311575,0.00470690,0.05169256,0.00699566,0.01629231,0.01033150,0.00255527,0.01707125,0.00021356
1969-08,0.00044727,0.02627251,0.00990793,0.00491247,0.00594336,0.00728391,0.00332652,0.00641853,0.08284894,0.00671954,0.00028009,0.00910123,0.03806503,0.03935076,0.00147358,0.00594905,0.02512526,0.00269165,0.03077709,0.00112817,0.02665326,0.00972836,0.06379796,0.01000970,0.00164676,0.00115854,0.00202163,0.00737136,0.00102820,0.13859596,0.07664710,0.06450282,0.00097281,0.00963929,0.08329900,0.00002651,0.02755620,0.00558847,0.01414943,0.01864389,0.02164198,0.00451497,0.05075911,0.00674576,0.01626948,0.00991589,0.00230401,0.01659425,0.00019440
1969-09,0.00044530,0.02618064,0.00998238,0.00499460,0.00584721,0.00740064,0.00354873,0.00671824,0.08284046,0.00656671,0.00030788,0.00987717,0.03925224,0.03842461,0.00148024,0.00590994,0.02597374,0.00279331,0.02926849,0.00111370,0.02614717,0.00969582,0.06176985,0.00984133,0.00170787,0.00110340,0.00212632,0.00725898,0.00103025,0.14033370,0.07199457,0.06207554,0.00094997,0.01002134,0.08558658,0.00002952,0.02761573,0.00542576,0.01417902,0.01884855,0.02171628,0.00457543,0.05236215,0.00702837,0.01752190,0.01017052,0.00253281,0.01722355,0.00020150
1969-10,0.00046498,0.02668345,0.01075403,0.00502959,0.00624836,0.00775373,0.00368418,0.00685527,0.08458330,0.00650743,0.00033269,0.01035558,0.04115062,0.03728719,0.00152929,0.00587069,0.02569244,0.00280139,0.02950839,0.00109796,0.02579844,0.00977956,0.06311886,0.00953846,0.00175485,0.00109293,0.00229447,0.00751620,0.00105272,0.13015608,0.07064481,0.06118900,0.00101011,0.00951841,0.08778687,0.00002671,0.02878509,0.00570532,0.01431442,0.01960991,0.02174641,0.00470418,0.05329863,0.00711657,0.01738246,0.01094393,0.00250376,0.01722761,0.00019267
1969-11,0.00051312,0.02727708,0.01089739,0.00532001,0.00665565,0.00781713,0.00394538,0.00699566,0.08532082,0.00657423,0.00038561,0.01064681,0.04251969,0.03688830,0.00155649,0.00592892,0.02643097,0.00291306,0.03015498,0.00108736,0.02553111,0.01023396,0.06272902,0.00957719,0.00176245,0.00113617,0.00195384,0.00746580,0.00110321,0.12151388,0.07228052,0.06007465,0.00105883,0.01004930,0.08680287,0.00003629,0.02957570,0.00597527,0.01469591,0.01921789,0.02162509,0.00494963,0.05362874,0.00735807,0.01822774,0.01094411,0.00248228,0.01799252,0.00018931
1969-12,0.00052282,0.02807466,0.01072739,0.00536060,0.00690154,0.00743261,0.00396599,0.00696286,0.08622303,0.00662659,0.00038736,0.01122716,0.04407153,0.03636259,0.00151799,0.00588966,0.02654073,0.00272799,0.02971436,0.00107854,0.02553400,0.01021815,0.06172530,0.00902291,0.00171963,0.00107426,0.00196330,0.00777423,0.00105273,0.11982072,0.07081553,0.06257613,0.00105134,0.00993661,0.08927069,0.00003251,0.02942980,0.00592000,0.01504012,0.01952553,0.02054436,0.00470550,0.05328796,0.00750166,0.01721353,0.01078490,0.00241726,0.01753297,0.00019237
1970-01,0.00053400,0.02806553,0.01137500,0.00542913,0.00671271,0.00697703,0.00391862,0.00686751,0.08885442,0.00632728,0.00042240,0.01236752,0.04653754,0.03576525,0.00145887,0.00566588,0.02631594,0.00256462,0.02993919,0.00122664,0.02519232,0.01014465,0.06106588,0.00861224,0.00169087,0.00105279,0.00180067,0.00773783,0.00113156,0.11865967,0.07165681,0.06031460,0.00109048,0.00996960,0.09154263,0.00002826,0.02888240,0.00615906,0.01482156,0.01942249,0.01931020,0.00443538,0.05270948,0.00732729,0.01736034,0.01069862,0.00236301,0.01732490,0.00016934
1970-02,0.00058082,0.02950175,0.01196701,0.00579115,0.00674862,0.00694584,0.00400084,0.00658555,0.08946985,0.00650384,0.00043574,0.01190926,0.04726035,0.03607733,0.00135001,0.00584023,0.02589884,0.00243788,0.03054604,0.00127269,0.02545472,0.01025695,0.06019787,0.00804849,0.00176867,0.00103035,0.00197443,0.00816487,0.00121951,0.11312943,0.07399685,0.06360175,0.00088586,0.00974977,0.09027988,0.00002160,0.02803665,0.00616911,0.01449649,0.01922144,0.01924960,0.00436241,0.05354887,0.00698339,0.01735100,0.01051556,0.00226657,0.01672134,0.00017295
1970-03,0.00060629,0.02959859,0.01174656,0.00586577,0.00636328,0.00698757,0.00411361,0.00627546,0.08509006,0.00633859,0.00031750,0.01198013,0.04733864,0.03530389,0.00131023,0.00580235,0.02687732,0.00231134,0.03119416,0.00125520,0.02563312,0.01051266,0.06090083,0.00794793,0.00185073,0.00103505,0.00185876,0.00828983,0.00135395,0.11223907,0.07579654,0.06461730,0.00082016,0.00954049,0.08714705,0.00002394,0.02826888,0.00596261,0.01514550,0.01943408,0.02008399,0.00441744,0.05380221,0.00699235,0.01903268,0.01099858,0.00218423,0.01727781,0.00015570
1970-04,0.00052843,0.02954161,0.01164200,0.00584784,0.00648273,0.00681556,0.00401120,0.00613025,0.08465092,0.00632400,0.00031510,0.01128263,0.04531892,0.03573960,0.00130736,0.00588248,0.02665914,0.00233631,0.03158763,0.00126687,0.02640771,0.01081888,0.06403795,0.00774589,0.00185650,0.00098837,0.00184625,0.00820438,0.00131442,0.11237823,0.07815290,0.06635163,0.00073380,0.00916359,0.08629233,0.00002203,0.02718030,0.00552116,0.01586769,0.01909837,0.01868915,0.00418951,0.05356720,0.00649203,0.01880417,0.01102579,0.00217429,0.01724834,0.00015654
1970-05,0.00048272,0.02948101,0.01187536,0.00591222,0.00702848,0.00609931,0.00351589,0.00581662,0.08699540,0.00605066,0.00020738,0.01115901,0.04575615,0.03819145,0.00123671,0.00604054,0.02668748,0.00194855,0.03192815,0.00107256,0.02621178,0.01103385,0.06485635,0.00725700,0.00193010,0.00098131,0.00177959,0.00785836,0.00125189,0.11396817,0.07995874,0.06759408,0.00062001,0.00805237,0.08364711,0.00001577,0.02489550,0.00534047,0.01648627,0.01900370,0.01837105,0.00370980,0.05376662,0.00591567,0.01868057,0.01040446,0.00197457,0.01682531,0.00012387
1970-06,0.00046721,0.02879271,0.01227831,0.00594458,0.00773243,0.00601322,0.00327535,0.00512913,0.08549827,0.00581695,0.00015803,0.01099354,0.04521905,0.03955341,0.00114897,0.00581794,0.02577540,0.00185682,0.03070902,0.00103301,0.02510146,0.01077762,0.06538655,0.00711804,0.00185015,0.00096175,0.00170141,0.00825845,0.00142345,0.12417077,0.08077915,0.06910091,0.00055872,0.00776218,0.08249577,0.00001157,0.02317100,0.00444842,0.01703037,0.01820984,0.01822326,0.00349321,0.05209141,0.00558372,0.01868981,0.01015164,0.00179650,0.01631379,0.00012571
1970-07,0.00061736,0.03051882,0.01230558,0.00601750,0.00841271,0.00636595,0.00353863,0.00546013,0.08464750,0.00616706,0.00043491,0.01093960,0.04715728,0.04002486,0.00117028,0.00610226,0.02685962,0.00196239,0.02952457,0.00096483,0.02408413,0.01192999,0.06496864,0.00643807,0.00175277,0.00087200,0.00192903,0.00827331,0.00144569,0.12691201,0.08076749,0.06409014,0.00106203,0.00820789,0.07475921,0.00032434,0.02117887,0.00525829,0.01628731,0.01827475,0.01660400,0.00405732,0.05345149,0.00601340,0.02117628,0.01181219,0.00194731,0.01679365,0.00013653
1970-08,0.00056759,0.02996113,0.01214640,0.00598623,0.00811194,0.00668120,0.00331563,0.00576743,0.08249154,0.00621154,0.00037977,0.01039332,0.04496807,0.04050091,0.00115718,0.00626589,0.02752526,0.00195390,0.02847704,0.00101355,0.02314656,0.01152944,0.06590928,0.00626043,0.00170048,0.00093206,0.00198039,0.00775246,0.00142966,0.13313009,0.08157422,0.06590996,0.00111422,0.00817975,0.07001594,0.00026613,0.02107702,0.00512055,0.01648153,0.01814705,0.01676221,0.00394549,0.05557227,0.00566379,0.02102285,0.01213607,0.00199086,0.01724699,0.00012675
1970-09,0.00054174,0.02870793,0.01141576,0.00555838,0.00774106,0.00710625,0.00327565,0.00585669,0.08211156,0.00636366,0.00039617,0.01014997,0.04360205,0.04050796,0.00115403,0.00623985,0.02728267,0.00200499,0.02696093,0.00105802,0.02283911,0.01125822,0.06816200,0.00670935,0.00163079,0.00095388,0.00209423,0.00759117,0.00132863,0.13490315,0.08124618,0.06392350,0.00109583,0.00810946,0.07180853,0.00023453,0.02209990,0.00554708,0.01678791,0.01863645,0.01727848,0.00401291,0.05534817,0.00571906,0.02137935,0.01176099,0.00198254,0.01738439,0.00013891
1970-10,0.00059348,0.02877008,0.01131752,0.00553196,0.00743792,0.00720909,0.00373779,0.00600561,0.08348065,0.00680087,0.00051739,0.01051243,0.04491418,0.03822775,0.00118637,0.00631407,0.02783565,0.00223409,0.02682972,0.00114167,0.02351046,0.01110593,0.06609670,0.00697383,0.00169795,0.00095686,0.00211517,0.00789877,0.00157852,0.13288280,0.07704844,0.06027679,0.00126603,0.00864281,0.07596321,0.00037677,0.02287165,0.00582037,0.01630965,0.01786479,0.01798449,0.00446404,0.05654284,0.00634254,0.02026461,0.01222332,0.00217829,0.01800342,0.00014062
1970-11,0.00058062,0.02931194,0.01205677,0.00558739,0.00837466,0.00704277,0.00366466,0.00595567,0.08506102,0.00667293,0.00042630,0.01086640,0.04583331,0.03724904,0.00112253,0.00629899,0.02739479,0.00201462,0.02589429,0.00105859,0.02316912,0.01136567,0.06550128,0.00631801,0.00165149,0.00089002,0.00220434,0.00753267,0.00171028,0.13899381,0.07772433,0.05925849,0.00120885,0.00847464,0.07610384,0.00025604,0.02115582,0.00567226,0.01575419,0.01768749,0.01744410,0.00421147,0.05713496,0.00622028,0.01957274,0.01119636,0.00201546,0.01698881,0.00011591
1970-12,0.00054579,0.02943609,0.01226052,0.00528602,0.00874954,0.00716201,0.00390236,0.00589042,0.08508171,0.00653144,0.00040889,0.01051245,0.04452614,0.03705478,0.00107008,0.00618112,0.02664429,0.00195158,0.02505412,0.00110001,0.02275830,0.01115660,0.06740161,0.00619637,0.00174394,0.00097029,0.00202070,0.00708608,0.00178227,0.13865794,0.08090091,0.05951140,0.00108469,0.00830276,0.07533663,0.00026942,0.02147333,0.00552968,0.01494044,0.01708962,0.01716678,0.00397906,0.05866992,0.00619954,0.01958942,0.01132330,0.00206916,0.01733927,0.00010119
1971-01,0.00052001,0.02945185,0.01182937,0.00518683,0.00847057,0.00709750,0.00378202,0.00623355,0.08468176,0.00701349,0.00042463,0.01007158,0.04462866,0.03835661,0.00112344,0.00659728,0.02725724,0.00202771,0.02526229,0.00111189,0.02406380,0.01090771,0.06746869,0.00614738,0.00174428,0.00095800,0.00184094,0.00722549,0.00177717,0.13379703,0.08158134,0.05990387,0.00107559,0.00824109,0.07349598,0.00023412,0.02198138,0.00537895,0.01526823,0.01777312,0.01769286,0.00416884,0.05801048,0.00623490,0.01983528,0.01203566,0.00214486,0.01777850,0.00010618
1971-02,0.00052056,0.02863994,0.01173897,0.00516488,0.00854159,0.00744648,0.00407259,0.00624468,0.08483638,0.00752308,0.00042431,0.01065428,0.04316105,0.03912570,0.00114308,0.00665621,0.02742572,0.00216579,0.02508702,0.00117098,0.02471489,0.01118668,0.06556647,0.00716193,0.00171746,0.00111295,0.00182463,0.00731602,0.00174819,0.12756296,0.07981031,0.06270681,0.00112972,0.00850003,0.07272411,0.00026715,0.02285640,0.00566664,0.01541884,0.01752261,0.01939066,0.00452598,0.05942136,0.00641007,0.01898117,0.01246890,0.00221455,0.01820991,0.00011929
1971-03,0.00056206,0.02886872,0.01180076,0.00517436,0.00879720,0.00775678,0.00426623,0.00654205,0.08509721,0.00786895,0.00053608,0.01088576,0.04274688,0.03909821,0.00116924,0.00669995,0.02712677,0.00217973,0.02453151,0.00129934,0.02448572,0.01178111,0.06434216,0.00721378,0.00175344,0.00110580,0.00194117,0.00734740,0.00179186,0.13113152,0.07645432,0.05809617,0.00120291,0.00875293,0.07413189,0.00024359,0.02264694,0.00570255,0.01519182,0.01790864,0.01961408,0.00450954,0.06065711,0.00671763,0.01894191,0.01272782,0.00234046,0.01812537,0.00013257
1971-04,0.00054632,0.02833982,0.01214482,0.00508402,0.00924758,0.00813226,0.00458944,0.00655433,0.08675954,0.00785030,0.00058311,0.01129870,0.04199448,0.03870057,0.00118444,0.00639270,0.02609252,0.00223444,0.02446030,0.00125065,0.02438759,0.01153746,0.06326421,0.00708074,0.00179112,0.00102659,0.00197193,0.00751942,0.00187363,0.12916488,0.07485030,0.05604254,0.00113979,0.00909214,0.07620111,0.00027310,0.02440275,0.00569692,0.01451578,0.01828408,0.01933642,0.00473089,0.06174833,0.00708438,0.01993357,0.01272547,0.00238844,0.01836020,0.00013587
1971-05,0.00055188,0.02765858,0.01208106,0.00498630,0.00909769,0.00853042,0.00459494,0.00675185,0.08691997,0.00778719,0.00055638,0.01145845,0.04227184,0.03982683,0.00117411,0.00617211,0.02627808,0.00227584,0.02430934,0.00139630,0.02468082,0.01214827,0.06638473,0.00728788,0.00184159,0.00111172,0.00200120,0.00755974,0.00185947,0.13015251,0.06958016,0.05463798,0.00103192,0.00901644,0.07467571,0.00028663,0.02481108,0.00558875,0.01442816,0.01786213,0.02086651,0.00461736,0.06296728,0.00704137,0.01883930,0.01317849,0.00239773,0.01834522,0.00012066
1971-06,0.00053305,0.02795686,0.01284209,0.00511824,0.00869751,0.00878287,0.00483164,0.00662005,0.08933447,0.00780243,0.00054260,0.01202349,0.04277532,0.04098954,0.00114655,0.00618956,0.02585958,0.00232928,0.02423142,0.00141140,0.02458110,0.01225356,0.06551674,0.00728778,0.00187504,0.00107277,0.00200236,0.00766813,0.00178999,0.12853336,0.06956077,0.05333213,0.00101197,0.00891037,0.07229704,0.00033144,0.02455219,0.00561884,0.01447305,0.01809708,0.02063825,0.00466478,0.06425577,0.00752062,0.01824272,0.01328180,0.00236276,0.01814047,0.00010916
1971-07,0.00058257,0.02851650,0.01290740,0.00469056,0.00948846,0.00890042,0.00389506,0.00666675,0.08924672,0.00865415,0.00118713,0.01248482,0.04905476,0.03979011,0.00116024,0.00590853,0.02588767,0.00299614,0.02221758,0.00154630,0.02402483,0.01206646,0.06297886,0.00681569,0.00184683,0.00108256,0.00186305,0.00719824,0.00181387,0.12688823,0.07267449,0.05166983,0.00122252,0.00940698,0.06836216,0.00033229,0.02562144,0.00571078,0.01362282,0.01790931,0.01750911,0.00549584,0.06406706,0.00822479,0.01989643,0.01479058,0.00295918,0.01805920,0.00010469
1971-08,0.00056291,0.02964787,0.01321947,0.00474500,0.00995659,0.00829099,0.00373204,0.00675240,0.08770438,0.00843633,0.00108723,0.01263922,0.05029266,0.03962431,0.00112871,0.00587380,0.02625325,0.00282766,0.02140844,0.00148308,0.02390012,0.01173787,0.06344812,0.00641670,0.00190796,0.00104356,0.00197109,0.00708515,0.00168171,0.12968071,0.07401285,0.05201396,0.00111562,0.00908223,0.06462289,0.00026416,0.02477391,0.00566471,0.01373634,0.01790700,0.01717618,0.00539231,0.06490088,0.00769048,0.02032230,0.01548043,0.00277659,0.01843682,0.00009098
1971-09,0.00053575,0.02836607,0.01365040,0.00462205,0.00976807,0.00873210,0.00385552,0.00674965,0.09012205,0.00864763,0.00109900,0.01211386,0.05031834,0.04096594,0.00113445,0.00608317,0.02689077,0.00303158,0.02212563,0.00151571,0.02508563,0.01230079,0.06670501,0.00639626,0.00199986,0.00102810,0.00177719,0.00659725,0.00168916,0.12242091,0.06925031,0.04935496,0.00115937,0.00898787,0.06616171,0.00026588,0.02450023,0.00582975,0.01327489,0.01768146,0.01911217,0.00541177,0.06632344,0.00778069,0.02066618,0.01587990,0.00288587,0.01905627,0.00008939
1971-10,0.00051728,0.02844144,0.01395156,0.00459296,0.00953718,0.00845935,0.00376864,0.00691235,0.09200214,0.00865695,0.00111703,0.01231469,0.05089248,0.04122123,0.00115292,0.00608701,0.02756904,0.00302137,0.02059906,0.00154298,0.02487882,0.01244467,0.06723513,0.00641024,0.00199536,0.00109980,0.00173965,0.00645518,0.00156186,0.12120684,0.06837595,0.04971841,0.00124574,0.00890259,0.06551370,0.00023619,0.02395039,0.00600781,0.01285094,0.01774460,0.01913208,0.00542175,0.06705689,0.00787189,0.02100566,0.01555637,0.00308633,0.01885108,0.00008643
1971-11,0.00049949,0.02840917,0.01435893,0.00484188,0.00907398,0.00823149,0.00371299,0.00697186,0.09193236,0.00863654,0.00106595,0.01260734,0.05175228,0.04007608,0.00119992,0.00580165,0.02708799,0.00291513,0.01923352,0.00140959,0.02379026,0.01209555,0.06597529,0.00628348,0.00193120,0.00105380,0.00147376,0.00591393,0.00147015,0.12055455,0.07251563,0.05099563,0.00124472,0.00881697,0.06673754,0.00020327,0.02287927,0.00568765,0.01269646,0.01774027,0.01958302,0.00545311,0.06743757,0.00800738,0.02220960,0.01549413,0.00302142,0.01882651,0.00008975
1971-12,0.00048669,0.02874913,0.01437908,0.00488748,0.00920787,0.00827434,0.00382945,0.00668643,0.09376696,0.00850204,0.00099886,0.01282542,0.05216688,0.03951990,0.00115338,0.00550382,0.02610898,0.00275470,0.01872727,0.00132815,0.02320156,0.01187534,0.06557949,0.00626018,0.00179028,0.00103546,0.00150564,0.00559397,0.00142302,0.12063882,0.07160425,0.05087158,0.00126208,0.00872399,0.06830847,0.00017932,0.02367742,0.00528055,0.01233284,0.01764908,0.01952754,0.00532249,0.06783375,0.00810837,0.02280695,0.01554691,0.00295948,0.01917865,0.00006568
1972-01,0.00049022,0.02830074,0.01486149,0.00507429,0.00917518,0.00848643,0.00416317,0.00695569,0.09335249,0.00862781,0.00107655,0.01264132,0.05167633,0.03876870,0.00118697,0.00579833,0.02596167,0.00278011,0.01957575,0.00140526,0.02398223,0.01209599,0.06398089,0.00649523,0.00184852,0.00108693,0.00143754,0.00584109,0.00152854,0.12048291,0.07086244,0.05007134,0.00132735,0.00908394,0.06953086,0.00019754,0.02421723,0.00549683,0.01233610,0.01777876,0.01961599,0.00557473,0.06838293,0.00831040,0.02215389,0.01454158,0.00282218,0.01848831,0.00006926
1972-02,0.00054303,0.02784618,0.01427150,0.00508893,0.00944574,0.00887707,0.00469294,0.00680948,0.09388311,0.00881651,0.00112054,0.01265395,0.05160075,0.03941342,0.00128040,0.00603034,0.02555373,0.00289549,0.01973083,0.00139889,0.02407110,0.01207460,0.06409236,0.00752958,0.00173943,0.00116565,0.00161896,0.00603367,0.00162418,0.11737425,0.06863250,0.04928401,0.00137095,0.00932696,0.07413859,0.00021155,0.02526841,0.00559003,0.01159810,0.01719158,0.02032938,0.00581382,0.06599574,0.00898847,0.02164007,0.01400358,0.00282617,0.01843422,0.00007927
1972-03,0.00055078,0.02797620,0.01449932,0.00526580,0.00992089,0.00926597,0.00487816,0.00706045,0.09730164,0.00877883,0.00120568,0.01313316,0.05370789,0.03922041,0.00132653,0.00597062,0.02559337,0.00290110,0.02042295,0.00139444,0.02423574,0.01207866,0.06206366,0.00751517,0.00165635,0.00112689,0.00162353,0.00628705,0.00152425,0.11642824,0.06478602,0.04756177,0.00136897,0.00932751,0.07291549,0.00018528,0.02508560,0.00581337,0.01168740,0.01760187,0.02032611,0.00593157,0.06772701,0.00935665,0.02089735,0.01356617,0.00290903,0.01795716,0.00008190
1972-04,0.00058449,0.02743400,0.01465477,0.00509255,0.01013963,0.00919446,0.00469200,0.00684919,0.10050789,0.00849045,0.00116954,0.01365515,0.05303570,0.03986024,0.00131480,0.00590750,0.02562674,0.00288216,0.02031628,0.00138096,0.02446306,0.01238772,0.06446088,0.00739922,0.00160083,0.00113537,0.00161157,0.00625779,0.00132142,0.10934852,0.06397435,0.04695650,0.00119827,0.00913067,0.07391175,0.00018403,0.02410030,0.00608529,0.01192493,0.01791329,0.02014134,0.00593236,0.06868323,0.00940193,0.02184465,0.01423109,0.00301762,0.01850809,0.00008543
1972-05,0.00060086,0.02753458,0.01518924,0.00519061,0.01072177,0.00909431,0.00479874,0.00704382,0.10232230,0.00831321,0.00112729,0.01395630,0.05317706,0.04051899,0.00134863,0.00577960,0.02600021,0.00290543,0.02025336,0.00138565,0.02528929,0.01308338,0.06242264,0.00728464,0.00152329,0.00119477,0.00155910,0.00618995,0.00137045,0.10763884,0.06166197,0.04624622,0.00112761,0.00898937,0.07431146,0.00021389,0.02399759,0.00610635,0.01273767,0.01749681,0.02041029,0.00610471,0.06742636,0.00954538,0.02222825,0.01490024,0.00295212,0.01865150,0.00007390
1972-06,0.00056843,0.02705676,0.01529237,0.00537947,0.01084503,0.00942510,0.00507957,0.00701059,0.10520323,0.00774597,0.00112597,0.01416958,0.05445160,0.04042282,0.00133316,0.00553002,0.02487740,0.00273053,0.01959504,0.00128096,0.02560850,0.01314596,0.05948901,0.00729870,0.00148109,0.00114557,0.00163586,0.00624468,0.00124136,0.10952238,0.06050583,0.04579625,0.00102841,0.00899409,0.07632199,0.00019704,0.02408468,0.00660122,0.01212276,0.01796851,0.02045335,0.00610617,0.06754064,0.00992453,0.02145285,0.01431954,0.00296102,0.01761380,0.00007055
1972-07,0.00050760,0.02671532,0.01509546,0.00643244,0.01099053,0.00923829,0.00566452,0.00756867,0.10524124,0.00791935,0.00142867,0.01543269,0.05513950,0.03845143,0.00130188,0.00605916,0.02478046,0.00321025,0.01759964,0.00127927,0.02559640,0.01338579,0.05764105,0.00673707,0.00143517,0.00102490,0.00158379,0.00626307,0.00104038,0.10763302,0.06097127,0.04520553,0.00106613,0.00935058,0.07455825,0.00017320,0.02356132,0.00659438,0.01236284,0.01758257,0.01929234,0.00651037,0.06613438,0.01080172,0.02434771,0.01391147,0.00350132,0.02125730,0.00042034
1972-08,0.00048417,0.02660489,0.01599248,0.00634705,0.01047724,0.00883404,0.00558001,0.00727538,0.10689564,0.00763583,0.00143657,0.01543566,0.05782644,0.03852108,0.00124284,0.00591652,0.02440730,0.00303448,0.01698080,0.00127372,0.02553091,0.01292623,0.05730630,0.00689264,0.00139321,0.00109696,0.00164622,0.00595167,0.00092912,0.10710366,0.06115372,0.04584497,0.00099011,0.00905137,0.07666638,0.00015149,0.02316904,0.00660021,0.01227104,0.01857240,0.01858374,0.00621110,0.06503869,0.01003527,0.02530815,0.01292040,0.00309721,0.02097826,0.00037738
1972-09,0.00046538,0.02616787,0.01541705,0.00641014,0.00983295,0.00822666,0.00531754,0.00704188,0.10279943,0.00739095,0.00147662,0.01516415,0.05646538,0.03997184,0.00123388,0.00495287,0.02382663,0.00298138,0.01776223,0.00128691,0.02588259,0.01256398,0.05760519,0.00676248,0.00146391,0.00113015,0.00157231,0.00600163,0.00100283,0.11602258,0.06250711,0.04626554,0.00092934,0.00889179,0.07625904,0.00012603,0.02345516,0.00631172,0.01252651,0.01786463,0.01793755,0.00614144,0.06259061,0.00956024,0.02643204,0.01336051,0.00292999,0.02132301,0.00038838
1972-10,0.00046797,0.02594593,0.01536835,0.00642146,0.00916282,0.00807364,0.00518386,0.00695395,0.10547683,0.00720221,0.00136647,0.01522554,0.05684930,0.03845115,0.00122728,0.00480308,0.02317406,0.00306790,0.01720288,0.00119015,0.02578891,0.01240901,0.05746424,0.00667556,0.00143060,0.00108039,0.00148245,0.00593697,0.00085736,0.11694005,0.06295096,0.04858179,0.00090885,0.00873027,0.07626049,0.00013310,0.02328186,0.00619283,0.01201811,0.01783135,0.01694757,0.00596901,0.06295839,0.00969879,0.02685873,0.01313116,0.00279427,0.02150814,0.00036395
1972-11,0.00048425,0.02631888,0.01542967,0.00612087,0.00898903,0.00785201,0.00529021,0.00667082,0.10678335,0.00704751,0.00130629,0.01520148,0.05744384,0.03814253,0.00116473,0.00479174,0.02282247,0.00299547,0.01670690,0.00117206,0.02532555,0.01258799,0.05472672,0.00645664,0.00145859,0.00105043,0.00141854,0.00591662,0.00080625,0.11944897,0.06641405,0.04932014,0.00083008,0.00849897,0.07215256,0.00010052,0.02324649,0.00588881,0.01249574,0.01804083,0.01729611,0.00587099,0.06285187,0.00996248,0.02678988,0.01369150,0.00257643,0.02168000,0.00036216
1972-12,0.00046787,0.02731824,0.01489151,0.00592136,0.00942268,0.00799602,0.00516512,0.00666839,0.10226789,0.00741065,0.00108604,0.01419453,0.05497047,0.03852107,0.00114038,0.00499276,0.02356157,0.00300171,0.01800011,0.00114789,0.02568978,0.01235658,0.05708374,0.00672807,0.00141794,0.00084045,0.00139244,0.00589697,0.00089303,0.12065994,0.06728537,0.05004308,0.00089439,0.00845408,0.06968336,0.00009513,0.02360814,0.00598560,0.01288190,0.01787376,0.01743191,0.00583649,0.06364088,0.01013693,0.02544429,0.01412714,0.00257630,0.02252710,0.00036893
1973-01,0.00045699,0.02746705,0.01522426,0.00580556,0.00901499,0.00805856,0.00572441,0.00676171,0.10583155,0.00711011,0.00108734,0.01455879,0.05657424,0.03850928,0.00110392,0.00488639,0.02276662,0.00304362,0.01681973,0.00116501,0.02524555,0.01228812,0.05627774,0.00640685,0.00137441,0.00079999,0.00143169,0.00600201,0.00085272,0.12086494,0.06541347,0.05023885,0.00085639,0.00832272,0.07086488,0.00008434,0.02321907,0.00628481,0.01310851,0.01771554,0.01660351,0.00575830,0.06391614,0.01033276,0.02541404,0.01338873,0.00242122,0.02217858,0.00036402
1973-02,0.00046840,0.02719656,0.01531489,0.00565799,0.00928137,0.00704448,0.00525439,0.00633240,0.10427461,0.00680285,0.00086947,0.01433212,0.05817369,0.03853469,0.00113908,0.00460848,0.02146016,0.00288679,0.01711191,0.00109578,0.02460187,0.01191103,0.05439432,0.00602650,0.00138864,0.00079116,0.00159003,0.00630401,0.00099855,0.13015185,0.06399094,0.05057716,0.00077391,0.00812435,0.07714736,0.00007418,0.02193769,0.00640231,0.01270107,0.01765775,0.01530445,0.00550359,0.06309692,0.01012987,0.02469282,0.01249854,0.00226024,0.02077688,0.00035190
1973-03,0.00047943,0.02726786,0.01546322,0.00604143,0.00955146,0.00639031,0.00498689,0.00628489,0.10760753,0.00642690,0.00079774,0.01422384,0.06121632,0.04006077,0.00112482,0.00439497,0.02087894,0.00265558,0.01739360,0.00109030,0.02473067,0.01168299,0.05294032,0.00593482,0.00144208,0.00076896,0.00174419,0.00691512,0.00104611,0.12574981,0.06535639,0.05007576,0.00071987,0.00780464,0.07934761,0.00009337,0.02154827,0.00600416,0.01258879,0.01773017,0.01498224,0.00539811,0.06221428,0.00931195,0.02434609,0.01238586,0.00210748,0.02035653,0.00033657
1973-04,0.00046603,0.02679955,0.01558330,0.00611211,0.00970538,0.00614868,0.00480872,0.00621239,0.10686197,0.00615435,0.00067553,0.01429514,0.06237988,0.04058852,0.00109935,0.00444061,0.02063754,0.00269470,0.01814608,0.00113017,0.02406247,0.01175956,0.05210586,0.00587132,0.00142661,0.00079683,0.00174524,0.00684600,0.00106034,0.13045792,0.06416758,0.05055287,0.00069433,0.00763272,0.08008796,0.00009524,0.02033755,0.00583432,0.01299582,0.01829498,0.01556193,0.00509791,0.05860819,0.00947266,0.02436907,0.01242037,0.00205565,0.02032327,0.00032543
1973-05,0.00045420,0.02662655,0.01604182,0.00608944,0.00925977,0.00579410,0.00470303,0.00565778,0.10598638,0.00593697,0.00061228,0.01416683,0.06190222,0.04098583,0.00106650,0.00432598,0.02098681,0.00253979,0.01877495,0.00112044,0.02369842,0.01110136,0.05291271,0.00559271,0.00150363,0.00078251,0.00195567,0.00696319,0.00100387,0.13547392,0.06668914,0.05353351,0.00063277,0.00745386,0.07916838,0.00007213,0.01922205,0.00573247,0.01355163,0.01796045,0.01492864,0.00493404,0.05659380,0.00820848,0.02398298,0.01209781,0.00191198,0.01902140,0.00028481
1973-06,0.00043627,0.02691483,0.01644814,0.00620940,0.00925742,0.00555553,0.00455603,0.00565815,0.10823164,0.00537747,0.00055443,0.01404456,0.06481924,0.04144925,0.00105285,0.00417841,0.02067251,0.00239620,0.01810843,0.00107451,0.02350640,0.01143537,0.05048587,0.00536015,0.00157821,0.00076324,0.00208954,0.00682844,0.00100922,0.13318594,0.06824892,0.05388339,0.00052716,0.00701544,0.07878837,0.00005328,0.01955938,0.00563738,0.01399495,0.01900079,0.01364504,0.00468473,0.05701931,0.00796091,0.02404079,0.01196696,0.00172686,0.01878214,0.00022659
1973-07,0.00069006,0.02297425,0.01532903,0.00641884,0.00850617,0.00484902,0.00399966,0.00665958,0.09923883,0.00445503,0.00052964,0.01259741,0.05827564,0.03656136,0.00114686,0.00395929,0.01956465,0.00288767,0.01561665,0.00191308,0.02328851,0.01085199,0.04427552,0.00422299,0.00147302,0.00068568,0.00186036,0.00661746,0.00083143,0.12014318,0.06297434,0.05160793,0.00138145,0.00789317,0.07091839,0.00007901,0.01861746,0.00530238,0.01313681,0.01724489,0.01273303,0.00525974,0.05037342,0.00770863,0.02988928,0.01827933,0.00245548,0.03968793,0.04403449
1973-08,0.00067486,0.02330621,0.01499832,0.00641370,0.00849365,0.00538520,0.00431002,0.00702655,0.09838612,0.00475347,0.00063308,0.01293768,0.05875091,0.03711046,0.00122084,0.00408611,0.02091257,0.00319667,0.01583267,0.00197925,0.02480656,0.01115791,0.04431424,0.00460989,0.00154950,0.00069501,0.00179078,0.00682162,0.00075498,0.11406191,0.05803572,0.04876394,0.00161761,0.00863987,0.06796360,0.00009115,0.02023437,0.00585050,0.01367914,0.01686535,0.01302716,0.00576845,0.05242481,0.00857840,0.03077506,0.01913193,0.00255144,0.04017789,0.04485288
1973-09,0.00072015,0.02372502,0.01509880,0.00653314,0.00810725,0.00553772,0.00430816,0.00696355,0.09728084,0.00452587,0.00058979,0.01334700,0.05575839,0.03765111,0.00117305,0.00402321,0.02101195,0.00326828,0.01646132,0.00210774,0.02623142,0.01094242,0.04407307,0.00451390,0.00156363,0.00072897,0.00169154,0.00721202,0.00069706,0.11320653,0.05852589,0.04804229,0.00155602,0.00873799,0.06772802,0.00008141,0.02016655,0.00573476,0.01544588,0.01753850,0.01290146,0.00586423,0.05166475,0.00869005,0.03157089,0.01945116,0.00240577,0.04017663,0.04466481
1973-10,0.00077240,0.02423709,0.01505454,0.00613047,0.00781187,0.00586695,0.00391429,0.00711111,0.09118471,0.00470288,0.00064902,0.01297842,0.05309547,0.03943928,0.00123073,0.00405876,0.02169194,0.00352643,0.01716726,0.00211522,0.02711931,0.01139640,0.04495550,0.00456889,0.00168849,0.00071651,0.00164963,0.00768574,0.00085514,0.11730666,0.05979975,0.04905104,0.00156395,0.00908144,0.05825864,0.00008381,0.02162140,0.00613962,0.01540922,0.01755205,0.01375600,0.00610274,0.05211326,0.00898207,0.03192344,0.01990845,0.00245550,0.04093948,0.04457703
1973-11,0.00074391,0.02379649,0.01469820,0.00625895,0.00779362,0.00548435,0.00362134,0.00682523,0.09060348,0.00438161,0.00059499,0.01321519,0.05435876,0.04055015,0.00112335,0.00411932,0.02161931,0.00362597,0.01848928,0.00232342,0.02767390,0.01107950,0.04186399,0.00452935,0.00172600,0.00071772,0.00179315,0.00822258,0.00095512,0.12334641,0.05766498,0.04632732,0.00142242,0.00878193,0.06243304,0.00008841,0.02101906,0.00643894,0.01597450,0.01721289,0.01380450,0.00608880,0.05020931,0.00837828,0.03228890,0.01895959,0.00222763,0.04021439,0.04433045
1973-12,0.00071370,0.02390222,0.01472016,0.00616421,0.00815583,0.00483108,0.00286302,0.00647674,0.09093401,0.00374277,0.00055544,0.01394812,0.05738591,0.03785716,0.00105279,0.00372461,0.02048460,0.00349598,0.01798888,0.00253622,0.02727333,0.01139872,0.03667997,0.00408126,0.00191763,0.00068726,0.00218946,0.00856694,0.00096219,0.13201082,0.05797496,0.05042175,0.00126553,0.00833905,0.06557956,0.00007124,0.01947872,0.00592376,0.01615333,0.01711742,0.01341486,0.00567297,0.04716313,0.00655681,0.03187204,0.01987688,0.00192956,0.03996765,0.04391973
1974-01,0.00073562,0.02357197,0.01424024,0.00619309,0.00827503,0.00448232,0.00287052,0.00613943,0.08757479,0.00337776,0.00055392,0.01349487,0.05413968,0.03972102,0.00101186,0.00340423,0.02009267,0.00358317,0.01972753,0.00271615,0.02784024,0.01002203,0.03510334,0.00371153,0.00225372,0.00065583,0.00260958,0.00894392,0.00105481,0.14186468,0.05928667,0.04942215,0.00123577,0.00823296,0.06119906,0.00005755,0.01927360,0.00593340,0.01766719,0.01702127,0.01422515,0.00543798,0.04641607,0.00688718,0.03190428,0.01995313,0.00173192,0.04062066,0.04352847
1974-02,0.00074904,0.02482649,0.01343904,0.00612902,0.00851187,0.00486482,0.00311342,0.00601969,0.08505682,0.00368288,0.00054215,0.01298982,0.05268415,0.04049711,0.00110636,0.00374596,0.02115887,0.00358027,0.02063310,0.00253144,0.02691456,0.00990106,0.03898534,0.00408360,0.00224153,0.00076168,0.00289215,0.00918029,0.00110961,0.13045650,0.06154614,0.05035471,0.00124453,0.00828053,0.06088134,0.00007866,0.02017392,0.00610547,0.01756416,0.01708666,0.01421211,0.00550015,0.04989484,0.00691578,0.03177734,0.01940884,0.00193363,0.04079526,0.04385731
1974-03,0.00085904,0.02520700,0.01317411,0.00603909,0.00864648,0.00474299,0.00311745,0.00557057,0.08221040,0.00377263,0.00052558,0.01247939,0.05252597,0.04125409,0.00107542,0.00376529,0.02213109,0.00364622,0.02080325,0.00245952,0.02709769,0.00969281,0.03855035,0.00445337,0.00219856,0.00083079,0.00289898,0.00941246,0.00117610,0.12813627,0.06155758,0.05238150,0.00122754,0.00822160,0.06015562,0.00008033,0.02051430,0.00611052,0.01774891,0.01735066,0.01533797,0.00564002,0.05057074,0.00659723,0.03244384,0.01901202,0.00184097,0.04126679,0.04348891
1974-04,0.00085664,0.02534083,0.01290475,0.00602675,0.00832338,0.00509998,0.00330474,0.00603213,0.08403375,0.00378068,0.00052484,0.01345249,0.05397889,0.04284841,0.00111655,0.00395688,0.02268418,0.00352521,0.02074414,0.00232560,0.02639076,0.00971330,0.03948613,0.00433676,0.00206809,0.00081112,0.00310721,0.00871032,0.00126109,0.12688177,0.06051878,0.05091450,0.00129385,0.00819639,0.06093408,0.00008321,0.01919457,0.00637113,0.01856864,0.01753231,0.01492269,0.00582116,0.04941678,0.00709331,0.03152620,0.01846980,0.00190244,0.04047974,0.04313308
1974-05,0.00080898,0.02578785,0.01297918,0.00608936,0.00848416,0.00483804,0.00318672,0.00593948,0.08440726,0.00377106,0.00048159,0.01383592,0.05589602,0.04532531,0.00099596,0.00410067,0.02269204,0.00345943,0.02176365,0.00226797,0.02631153,0.00974300,0.04037705,0.00454073,0.00194668,0.00086352,0.00285795,0.00855223,0.00135304,0.12432495,0.05539869,0.05058223,0.00123058,0.00782030,0.06195917,0.00007639,0.01925066,0.00634973,0.01949171,0.01791347,0.01501963,0.00598247,0.05071802,0.00720478,0.03132788,0.01764042,0.00179323,0.03953028,0.04272903
1974-06,0.00079896,0.02555515,0.01342646,0.00607359,0.00928815,0.00505186,0.00330403,0.00609871,0.08906215,0.00364790,0.00045977,0.01486815,0.05785593,0.04715648,0.00104166,0.00394070,0.02170457,0.00328560,0.02053351,0.00206602,0.02625097,0.00955934,0.04276398,0.00458833,0.00175620,0.00086864,0.00273552,0.00820212,0.00129948,0.11940001,0.05461251,0.05143035,0.00116384,0.00740101,0.06121464,0.00007275,0.01975826,0.00654432,0.01834748,0.01836374,0.01490001,0.00600120,0.05406350,0.00737193,0.02912968,0.01678679,0.00165117,0.03701167,0.04153119
1974-07,0.00108921,0.02570596,0.01396373,0.00590881,0.00939024,0.00471585,0.00330933,0.00632882,0.08991672,0.00363015,0.00046929,0.01489905,0.05859782,0.04811398,0.00105092,0.00396790,0.02105961,0.00318203,0.02137997,0.00206029,0.02663377,0.00901110,0.04187594,0.00445930,0.00189137,0.00086895,0.00288855,0.00852554,0.00136325,0.12181101,0.05289126,0.05300366,0.00114789,0.00739247,0.06188175,0.00006945,0.01873411,0.00635786,0.01852803,0.01933355,0.01498037,0.00595091,0.05384807,0.00702829,0.02850427,0.01645376,0.00147869,0.03620073,0.03814640
1974-08,0.00116730,0.02523300,0.01207817,0.00567247,0.00947128,0.00443337,0.00311212,0.00642603,0.08401457,0.00375739,0.00049302,0.01396908,0.05416767,0.04972787,0.00106734,0.00415709,0.02150275,0.00301560,0.02400123,0.00203937,0.02667617,0.00897644,0.04024195,0.00452703,0.00189292,0.00090648,0.00378316,0.00928409,0.00133829,0.13081713,0.05717604,0.05296662,0.00118847,0.00738631,0.06205807,0.00006357,0.01794904,0.00598665,0.01979466,0.01897456,0.01505490,0.00619204,0.05023710,0.00648256,0.02851683,0.01592041,0.00148465,0.03671944,0.03789770
1974-09,0.00115809,0.02481778,0.01143430,0.00515138,0.01007722,0.00496332,0.00323223,0.00618181,0.08143834,0.00389444,0.00046274,0.01359749,0.05531862,0.04862896,0.00104729,0.00421227,0.02093780,0.00323114,0.02410190,0.00202030,0.02648985,0.00876133,0.04185492,0.00456524,0.00178526,0.00100634,0.00385079,0.00900697,0.00145320,0.13064331,0.05703098,0.05751084,0.00121601,0.00718366,0.06452878,0.00006291,0.01891325,0.00631257,0.01960690,0.01932822,0.01490596,0.00613404,0.04752697,0.00638911,0.02775824,0.01532060,0.00139680,0.03569579,0.03785373
1974-10,0.00118681,0.02577033,0.00940972,0.00480321,0.00997385,0.00452776,0.00280017,0.00643542,0.07560026,0.00394003,0.00048275,0.01307008,0.05246274,0.04911236,0.00101654,0.00438172,0.02075959,0.00318655,0.02489924,0.00203430,0.02622074,0.00813065,0.04261490,0.00482137,0.00173295,0.00102534,0.00319635,0.00940063,0.00153439,0.13535912,0.06293027,0.06218462,0.00124589,0.00750165,0.05994994,0.00006310,0.01799924,0.00582371,0.01856908,0.01851550,0.01525556,0.00614650,0.04741135,0.00559576,0.02821033,0.01646640,0.00148014,0.03721731,0.03754373
1974-11,0.00122502,0.02631874,0.01002045,0.00453123,0.01049710,0.00418251,0.00264424,0.00558678,0.07581326,0.00349753,0.00047244,0.01361757,0.05948054,0.04963564,0.00092615,0.00396520,0.02014390,0.00331482,0.02345923,0.00205132,0.02763963,0.00820583,0.03557069,0.00442666,0.00177097,0.00092903,0.00347727,0.00949405,0.00192530,0.13960892,0.06074965,0.05932493,0.00129342,0.00735244,0.06029784,0.00005251,0.01673265,0.00566452,0.01814169,0.01919597,0.01558479,0.00618016,0.04394839,0.00553690,0.03025879,0.01784307,0.00129030,0.03709413,0.03902586
1974-12,0.00125691,0.02730295,0.00928004,0.00453472,0.01102615,0.00420016,0.00270140,0.00561915,0.07507094,0.00322260,0.00049983,0.01366971,0.06184496,0.04670639,0.00100048,0.00357711,0.02009600,0.00325957,0.02304758,0.00220454,0.02787825,0.00791763,0.03449196,0.00460504,0.00182728,0.00092862,0.00338863,0.00974809,0.00210103,0.13902132,0.06302600,0.05946996,0.00133397,0.00728562,0.05973535,0.00005062,0.01683993,0.00547207,0.01832707,0.01793584,0.01511680,0.00616127,0.04310183,0.00543246,0.03076713,0.01864671,0.00121909,0.03776878,0.04028045
1975-01,0.00121629,0.02846992,0.00951645,0.00430156,0.01157752,0.00359802,0.00276904,0.00541800,0.07309451,0.00318858,0.00047713,0.01344567,0.06188076,0.04635690,0.00093799,0.00358370,0.01936997,0.00303796,0.02283146,0.00218096,0.02759583,0.00780139,0.03544545,0.00448482,0.00171854,0.00085642,0.00296198,0.00954201,0.00213509,0.14431061,0.06403753,0.06209334,0.00140985,0.00713973,0.05807530,0.00004633,0.01657271,0.00538137,0.01792147,0.01719380,0.01466177,0.00619172,0.04321786,0.00501155,0.02989594,0.01900956,0.00109151,0.03807629,0.03886786
1975-02,0.00108947,0.02928615,0.01053549,0.00474931,0.01071569,0.00402692,0.00331493,0.00585517,0.07514312,0.00369799,0.00057381,0.01236769,0.05301811,0.04487877,0.00090136,0.00373486,0.02169643,0.00299531,0.02358185,0.00212756,0.02700077,0.00814008,0.03798528,0.00467056,0.00172580,0.00090330,0.00276431,0.00959335,0.00220198,0.13463079,0.06640628,0.06052711,0.00142493,0.00786913,0.05739688,0.00005677,0.01795151,0.00551650,0.01801038,0.01600540,0.01507881,0.00638055,0.04809104,0.00564774,0.03192913,0.01829278,0.00139094,0.03878496,0.03933296
1975-03,0.00105906,0.02889068,0.01062076,0.00498118,0.00976134,0.00404004,0.00381137,0.00615349,0.07932680,0.00350079,0.00068753,0.01339801,0.05834549,0.04614608,0.00089423,0.00365023,0.02119222,0.00309422,0.02243042,0.00221999,0.02752465,0.00862345,0.03590174,0.00477075,0.00174226,0.00088384,0.00294347,0.00952422,0.00203633,0.12895318,0.06309654,0.05971129,0.00145567,0.00784675,0.06218871,0.00005491,0.01798927,0.00627306,0.01795347,0.01681225,0.01503775,0.00642673,0.04724544,0.00625056,0.02971085,0.01799375,0.00131610,0.03679637,0.03873270
1975-04,0.00102697,0.02875054,0.01172128,0.00504833,0.01002099,0.00444430,0.00431235,0.00656364,0.07975319,0.00414309,0.00069625,0.01305760,0.05752203,0.04745768,0.00097798,0.00383211,0.02215161,0.00338818,0.02430903,0.00221741,0.02824588,0.00873256,0.03725472,0.00523651,0.00166922,0.00084236,0.00301630,0.01011024,0.00225891,0.12193693,0.06013536,0.05734822,0.00145965,0.00794475,0.05932205,0.00007127,0.01862347,0.00673818,0.01834548,0.01591854,0.01517767,0.00670978,0.05094056,0.00696591,0.02917066,0.01799151,0.00147423,0.03638602,0.03857854
1975-05,0.00104723,0.02757568,0.01164371,0.00464303,0.01006392,0.00470929,0.00437808,0.00677321,0.08135140,0.00417126,0.00075510,0.01281745,0.05507344,0.05255446,0.00101314,0.00399317,0.02198575,0.00347647,0.02542236,0.00212472,0.02865704,0.00906335,0.03670047,0.00561307,0.00166421,0.00085352,0.00274103,0.01090391,0.00263276,0.12439327,0.05628881,0.05438163,0.00142233,0.00775446,0.05899186,0.00006132,0.01948311,0.00711775,0.01960832,0.01689878,0.01514612,0.00670673,0.04909648,0.00757749,0.02829330,0.01667983,0.00124989,0.03593500,0.03851128
1975-06,0.00101872,0.02772335,0.01208895,0.00464093,0.00969805,0.00449279,0.00445251,0.00667117,0.07911208,0.00404698,0.00082231,0.01266256,0.05590273,0.04977607,0.00104027,0.00393055,0.02198867,0.00348032,0.02279798,0.00210147,0.02853569,0.00953195,0.03592684,0.00595278,0.00168788,0.00082726,0.00285877,0.01092772,0.00309009,0.13151536,0.05766278,0.05289979,0.00144555,0.00788631,0.05812356,0.00006068,0.02042281,0.00724979,0.01920959,0.01722461,0.01427225,0.00658274,0.04868921,0.00736234,0.02843507,0.01759138,0.00124267,0.03575004,0.03858605
1975-07,0.00111036,0.02868244,0.01126983,0.00579492,0.01002973,0.00440889,0.00428861,0.00685348,0.07606756,0.00425727,0.00098562,0.01244326,0.05341791,0.04931719,0.00094378,0.00386204,0.02150355,0.00374837,0.02250199,0.00225927,0.02951162,0.00936890,0.03724894,0.00600772,0.00157814,0.00085060,0.00253600,0.01079941,0.00295014,0.13126535,0.06719632,0.05178248,0.00134501,0.00829469,0.05530045,0.00005966,0.02065933,0.00730825,0.01809575,0.01640723,0.01420631,0.00634921,0.04951519,0.00738555,0.02937951,0.01740219,0.00118747,0.03589834,0.03636419
1975-08,0.00113899,0.02931578,0.01087748,0.00590590,0.00995664,0.00419485,0.00425266,0.00689812,0.07464118,0.00437180,0.00095594,0.01207774,0.04970682,0.05025229,0.00096026,0.00396351,0.02186092,0.00359025,0.02241327,0.00233527,0.02994906,0.00935444,0.04016821,0.00590240,0.00167232,0.00087129,0.00250508,0.01111169,0.00304220,0.13359098,0.06791496,0.05295565,0.00140230,0.00820731,0.05328454,0.00007411,0.02015032,0.00704289,0.01868677,0.01571944,0.01471601,0.00667421,0.04845356,0.00721039,0.02918005,0.01689466,0.00115615,0.03553757,0.03690178
1975-09,0.00106174,0.02979984,0.01072439,0.00578284,0.00971074,0.00411569,0.00437037,0.00686020,0.07329517,0.00423335,0.00090878,0.01196986,0.04936169,0.05234444,0.00096974,0.00396209,0.02215490,0.00359668,0.02346516,0.00227777,0.03014363,0.00904818,0.03994278,0.00611506,0.00154986,0.00082682,0.00222524,0.01050614,0.00301036,0.13576502,0.06850911,0.05191470,0.00137505,0.00798246,0.05362100,0.00006169,0.01987848,0.00652703,0.02002836,0.01583077,0.01461727,0.00663405,0.04999783,0.00714237,0.02737644,0.01636778,0.00110033,0.03482799,0.03610878
1975-10,0.00105166,0.03043156,0.01045288,0.00565495,0.01025103,0.00404221,0.00456541,0.00671538,0.07306248,0.00445420,0.00087672,0.01157018,0.04803689,0.04976381,0.00097468,0.00409284,0.02136529,0.00356203,0.02309576,0.00221474,0.03010725,0.00871755,0.04107191,0.00613725,0.00145442,0.00079681,0.00213685,0.01062193,0.00317461,0.13956680,0.07021413,0.05317637,0.00142449,0.00769584,0.05566814,0.00005961,0.02021354,0.00681451,0.01910818,0.01555227,0.01463958,0.00663751,0.05008343,0.00719386,0.02524636,0.01612837,0.00102719,0.03389008,0.03520645
1975-11,0.00111184,0.03243977,0.01144130,0.00540064,0.01031633,0.00379058,0.00440382,0.00679998,0.07565471,0.00463548,0.00084240,0.01221274,0.05027210,0.05017677,0.00096556,0.00418891,0.02138461,0.00327363,0.02115883,0.00206215,0.02935670,0.00826030,0.04251679,0.00595545,0.00133404,0.00080107,0.00194869,0.00978737,0.00252890,0.13022625,0.07028175,0.05380405,0.00139393,0.00752961,0.05833076,0.00006130,0.01981243,0.00674588,0.01940184,0.01627100,0.01444865,0.00648113,0.05237810,0.00762372,0.02458151,0.01622803,0.00093654,0.03381661,0.03462545
1975-12,0.00105841,0.03222652,0.01187385,0.00538465,0.01057858,0.00392025,0.00434158,0.00681571,0.07635306,0.00489579,0.00087883,0.01252288,0.05131606,0.04978407,0.00095796,0.00425694,0.02176803,0.00300723,0.02085284,0.00184942,0.02854312,0.00856303,0.04286919,0.00567339,0.00139783,0.00082290,0.00173176,0.00940755,0.00253690,0.12389804,0.07018113,0.05404344,0.00137646,0.00762291,0.05990507,0.00005667,0.02001186,0.00654659,0.01917060,0.01685479,0.01470722,0.00640035,0.05312839,0.00825891,0.02509518,0.01717724,0.00089722,0.03384616,0.03463342
1976-01,0.00104971,0.03203540,0.01152643,0.00546072,0.01067416,0.00383456,0.00425626,0.00686962,0.07466623,0.00488978,0.00085645,0.01205327,0.04849506,0.05038021,0.00094493,0.00425906,0.02193514,0.00315793,0.02157548,0.00180898,0.02897863,0.00810655,0.04391711,0.00554845,0.00136003,0.00081056,0.00184090,0.00959418,0.00264742,0.12564677,0.07169874,0.05453558,0.00136744,0.00757923,0.06006569,0.00005246,0.02008528,0.00639417,0.01955499,0.01603761,0.01521506,0.00648157,0.05181140,0.00818032,0.02542483,0.01664836,0.00094009,0.03421477,0.03453241
1976-02,0.00102634,0.03022315,0.01148968,0.00563655,0.01020170,0.00420492,0.00446782,0.00705991,0.07453725,0.00532128,0.00089687,0.01173972,0.04618976,0.05377039,0.00100388,0.00453656,0.02314361,0.00309135,0.02326323,0.00200872,0.03051801,0.00846214,0.04442430,0.00585583,0.00137123,0.00084477,0.00174053,0.00972746,0.00280975,0.12058417,0.06874782,0.05311381,0.00135407,0.00776832,0.06267052,0.00006570,0.02158306,0.00681132,0.02094860,0.01611069,0.01544105,0.00669707,0.04965631,0.00812105,0.02551412,0.01545877,0.00098871,0.03466029,0.03413786
1976-03,0.00101630,0.02912753,0.01078398,0.00571400,0.01000394,0.00443506,0.00447492,0.00723618,0.07275502,0.00546284,0.00097153,0.01109663,0.04264432,0.05489395,0.00108880,0.00471955,0.02420178,0.00324000,0.02425820,0.00210864,0.03170320,0.00861333,0.04598782,0.00609044,0.00145013,0.00090805,0.00188874,0.00958460,0.00283798,0.11537816,0.06577926,0.05428303,0.00141909,0.00811905,0.06244323,0.00007999,0.02231962,0.00683409,0.02176714,0.01560849,0.01631425,0.00716843,0.05161630,0.00850136,0.02510187,0.01607814,0.00111037,0.03549381,0.03528685
1976-04,0.00097644,0.02829887,0.01083210,0.00556794,0.00981797,0.00422112,0.00440935,0.00689244,0.07307487,0.00557902,0.00089319,0.01112926,0.04481898,0.05159230,0.00104650,0.00462369,0.02429404,0.00321935,0.02364050,0.00199979,0.03106468,0.00816238,0.04698095,0.00630363,0.00148062,0.00088674,0.00178433,0.00998615,0.00265359,0.12100200,0.06469028,0.05311768,0.00133786,0.00768400,0.06262212,0.00007533,0.02235388,0.00704471,0.02179829,0.01620127,0.01561415,0.00700848,0.05248895,0.00828102,0.02558277,0.01596933,0.00113900,0.03527121,0.03448688
1976-05,0.00095287,0.02852958,0.01051469,0.00539493,0.00980036,0.00443197,0.00414233,0.00684456,0.07068305,0.00551924,0.00087949,0.01104091,0.04312195,0.05222440,0.00107741,0.00447222,0.02464536,0.00306040,0.02424511,0.00202452,0.03136055,0.00837391,0.04815036,0.00666518,0.00142311,0.00091698,0.00190879,0.01021747,0.00299259,0.12482623,0.06555810,0.05469680,0.00132939,0.00744262,0.06149637,0.00007419,0.02174400,0.00668946,0.02167876,0.01608766,0.01584991,0.00700394,0.05030851,0.00789708,0.02505866,0.01544258,0.00113391,0.03501745,0.03505009
1976-06,0.00092013,0.02891817,0.01055104,0.00517734,0.00965001,0.00452731,0.00405047,0.00671615,0.06958757,0.00511819,0.00087171,0.01095809,0.04231683,0.05144445,0.00107674,0.00429392,0.02395988,0.00302814,0.02455704,0.00215130,0.03239555,0.00811253,0.04702583,0.00692626,0.00138708,0.00099891,0.00188684,0.01036711,0.00334698,0.13212060,0.06513033,0.05327281,0.00134793,0.00739266,0.06259917,0.00006351,0.02204964,0.00679043,0.02215475,0.01531010,0.01629985,0.00717711,0.04769772,0.00742469,0.02511029,0.01491147,0.00105345,0.03485065,0.03492126
1976-07,0.00090885,0.02925015,0.01031026,0.00513914,0.00884097,0.00440916,0.00400840,0.00645700,0.06998897,0.00488970,0.00087859,0.01060881,0.04190545,0.04992907,0.00105338,0.00431662,0.02410588,0.00332210,0.02431927,0.00231989,0.03317335,0.00838018,0.04574769,0.00736997,0.00142425,0.00098860,0.00168606,0.01080239,0.00345833,0.13117391,0.06740400,0.05448209,0.00141397,0.00772720,0.06466016,0.00009621,0.02279001,0.00693574,0.02093258,0.01491536,0.01605608,0.00710079,0.04578589,0.00785890,0.03058477,0.01516872,0.00105845,0.03526538,0.02859729
1976-08,0.00093467,0.02989321,0.01080919,0.00516597,0.00916466,0.00447047,0.00364633,0.00662799,0.06896213,0.00484951,0.00088266,0.01092139,0.04187342,0.04925457,0.00106751,0.00426774,0.02375501,0.00324650,0.02394447,0.00222120,0.03236097,0.00835683,0.04593605,0.00707872,0.00142228,0.00102954,0.00160267,0.01040326,0.00324585,0.13163138,0.06961035,0.05568734,0.00142462,0.00766743,0.06355783,0.00008904,0.02278854,0.00673420,0.02033722,0.01563041,0.01619043,0.00700395,0.04392900,0.00749067,0.03067831,0.01632548,0.00106256,0.03559107,0.02917537
1976-09,0.00090104,0.02983220,0.01085621,0.00512989,0.00952148,0.00425074,0.00363170,0.00658615,0.06895298,0.00471400,0.00085860,0.01114913,0.04299416,0.04778418,0.00103194,0.00416195,0.02346475,0.00325597,0.02305681,0.00216508,0.03157153,0.00822651,0.04567685,0.00713072,0.00144502,0.00096776,0.00144055,0.01026810,0.00298741,0.13064439,0.07162326,0.05807272,0.00140748,0.00749409,0.06382154,0.00007354,0.02275632,0.00601226,0.01993818,0.01574826,0.01549089,0.00682797,0.04615108,0.00728840,0.03027278,0.01700408,0.00104774,0.03560338,0.02870823
1976-10,0.00089956,0.02920015,0.01060698,0.00489447,0.00990920,0.00413934,0.00353545,0.00677277,0.06698890,0.00469144,0.00090675,0.01116045,0.04366428,0.04682412,0.00101232,0.00403362,0.02361280,0.00323988,0.02287681,0.00216767,0.03090039,0.00839706,0.04725175,0.00726373,0.00143398,0.00091796,0.00149617,0.01010120,0.00313018,0.13524155,0.07253036,0.05753864,0.00144881,0.00747542,0.06407755,0.00006902,0.02285950,0.00611472,0.01997256,0.01600080,0.01507770,0.00670519,0.04525650,0.00709615,0.02895433,0.01689244,0.00109374,0.03521682,0.02834883
1976-11,0.00091749,0.02927120,0.01040607,0.00486045,0.01014285,0.00407517,0.00370613,0.00689835,0.06653287,0.00474004,0.00089240,0.01085452,0.04303489,0.04661139,0.00101922,0.00406055,0.02439400,0.00318670,0.02191779,0.00204038,0.03049359,0.00814348,0.04738329,0.00697366,0.00135997,0.00092748,0.00159537,0.01011765,0.00305295,0.13464586,0.07319396,0.05959279,0.00143429,0.00740650,0.06320054,0.00007230,0.02187662,0.00576891,0.02052761,0.01544251,0.01479200,0.00655813,0.04609071,0.00704505,0.02978041,0.01737738,0.00109226,0.03612808,0.02836419
1976-12,0.00094234,0.02982304,0.01011510,0.00444653,0.01031034,0.00406449,0.00362661,0.00717977,0.06541944,0.00511728,0.00090773,0.01018970,0.03809341,0.04402621,0.00104618,0.00425387,0.02526935,0.00318683,0.02174779,0.00202227,0.03077976,0.00805229,0.04649946,0.00721760,0.00135236,0.00096663,0.00166456,0.00988666,0.00306419,0.13452737,0.07490852,0.06070646,0.00146985,0.00753664,0.06315077,0.00006490,0.02232110,0.00616422,0.02087396,0.01506978,0.01540315,0.00670932,0.04824276,0.00723590,0.02977097,0.01771425,0.00112371,0.03688014,0.02885443
1977-01,0.00097812,0.02960500,0.00963752,0.00458900,0.01014451,0.00422011,0.00396006,0.00738893,0.06422139,0.00516621,0.00096842,0.00969546,0.03866393,0.04588632,0.00105278,0.00401442,0.02573244,0.00328464,0.02207950,0.00205768,0.03073010,0.00786993,0.04838974,0.00718916,0.00140245,0.00096651,0.00160217,0.00757875,0.00308808,0.13552854,0.07524289,0.05938884,0.00151719,0.00787271,0.06176392,0.00007266,0.02220908,0.00594304,0.02065545,0.01474025,0.01525588,0.00679182,0.04644167,0.00712678,0.03113555,0.01785437,0.00118373,0.03762802,0.02948428
1977-02,0.00098199,0.02949001,0.00949371,0.00408331,0.01002484,0.00406781,0.00397023,0.00751151,0.06122674,0.00533360,0.00106491,0.00899879,0.03667623,0.04504798,0.00112248,0.00411340,0.02534694,0.00327292,0.02130221,0.00217006,0.03044387,0.00790022,0.04869378,0.00726814,0.00150744,0.00103218,0.00167199,0.00762159,0.00315433,0.14138041,0.07872672,0.06195054,0.00159087,0.00810729,0.06222984,0.00007903,0.02191569,0.00567855,0.01922391,0.01433416,0.01528777,0.00701718,0.04458519,0.00657862,0.03072431,0.01738193,0.00122761,0.03776434,0.02962284
1977-03,0.00106223,0.02950803,0.00988092,0.00420991,0.01017714,0.00392110,0.00385729,0.00747375,0.06116324,0.00519545,0.00098941,0.00912830,0.03744992,0.04561769,0.00112647,0.00400401,0.02549647,0.00340965,0.02158409,0.00210424,0.03092776,0.00801779,0.04784799,0.00738911,0.00150616,0.00102062,0.00198176,0.00737377,0.00302032,0.13749694,0.07728457,0.06326225,0.00152084,0.00810767,0.06334371,0.00008245,0.02182911,0.00566401,0.01983917,0.01445561,0.01511352,0.00698646,0.04470197,0.00657940,0.03069027,0.01766000,0.00122995,0.03791024,0.02979730
1977-04,0.00102760,0.02949931,0.00990233,0.00410002,0.01000233,0.00394771,0.00386162,0.00702003,0.05980683,0.00518454,0.00099548,0.00926967,0.03697699,0.04588916,0.00112323,0.00399570,0.02601411,0.00342142,0.02194824,0.00223894,0.03242866,0.00844314,0.04596288,0.00740802,0.00155776,0.00103469,0.00200382,0.00766369,0.00309326,0.13614772,0.07802505,0.06328057,0.00152002,0.00828058,0.06375415,0.00007744,0.02228716,0.00587243,0.01982240,0.01462640,0.01528592,0.00714491,0.04380027,0.00629102,0.03070734,0.01764592,0.00126596,0.03799485,0.03034871
1977-05,0.00102319,0.02963502,0.00955382,0.00400757,0.01017693,0.00373968,0.00387929,0.00704559,0.05920699,0.00528284,0.00100812,0.00872304,0.03485192,0.04550316,0.00109477,0.00405773,0.02638454,0.00359623,0.02207501,0.00238819,0.03345741,0.00878057,0.04669574,0.00754572,0.00156610,0.00111635,0.00190566,0.00770064,0.00295344,0.13921949,0.07888581,0.06349691,0.00150785,0.00830562,0.05977047,0.00007975,0.02278340,0.00572458,0.01996085,0.01440438,0.01600590,0.00694111,0.04183257,0.00631116,0.03050136,0.01872755,0.00131742,0.03862369,0.03064487
1977-06,0.00109575,0.02993110,0.00950939,0.00397306,0.01042725,0.00356506,0.00402852,0.00698929,0.05830231,0.00511156,0.00101201,0.00882128,0.03436620,0.04441202,0.00110343,0.00392073,0.02572402,0.00363823,0.02093826,0.00246934,0.03394185,0.00871352,0.04661182,0.00776814,0.00153908,0.00117978,0.00185025,0.00717086,0.00268741,0.14006717,0.08114714,0.06479329,0.00155906,0.00841191,0.05845671,0.00008233,0.02344398,0.00609462,0.01875616,0.01446582,0.01643478,0.00702862,0.04085590,0.00654951,0.03015508,0.01910887,0.00133593,0.03936584,0.03108577
1977-07,0.00101453,0.02963588,0.00926445,0.00374946,0.01016939,0.00354085,0.00409395,0.00799090,0.06016589,0.00516776,0.00115453,0.00909693,0.03380859,0.04307508,0.00214219,0.00385627,0.02502856,0.00290570,0.02026469,0.00233573,0.03320859,0.00884814,0.04538907,0.00833883,0.00150192,0.00115162,0.00175115,0.00685150,0.00282592,0.14147749,0.08559144,0.06305274,0.00178736,0.00842176,0.05896548,0.00010908,0.02311807,0.00618532,0.01914889,0.01403981,0.01620243,0.00714852,0.04052282,0.00710661,0.03068135,0.01991267,0.00135372,0.04013949,0.02670685
1977-08,0.00101908,0.03062461,0.00984406,0.00365664,0.01052162,0.00361848,0.00401809,0.00806835,0.05997182,0.00517469,0.00120354,0.00888662,0.03359966,0.04221635,0.00210793,0.00385186,0.02448203,0.00292569,0.01904806,0.00233162,0.03137252,0.00893858,0.04461665,0.00827354,0.00134174,0.00118913,0.00182255,0.00650413,0.00260015,0.14116427,0.08729515,0.06338333,0.00160790,0.00855222,0.06067917,0.00011293,0.02261073,0.00615567,0.01848362,0.01399687,0.01605894,0.00706891,0.04095671,0.00713377,0.03137261,0.02036213,0.00137420,0.04053883,0.02726223
1977-09,0.00101757,0.03079037,0.01031595,0.00378497,0.01090938,0.00356914,0.00415124,0.00808550,0.06256759,0.00526188,0.00121581,0.00939386,0.03541251,0.04131611,0.00207577,0.00383277,0.02438169,0.00293868,0.01824026,0.00251385,0.03120320,0.00899963,0.04446809,0.00812814,0.00134028,0.00112571,0.00179893,0.00653301,0.00252033,0.13415144,0.08556984,0.06242390,0.00162869,0.00864564,0.06244878,0.00009929,0.02241673,0.00628503,0.01816748,0.01430942,0.01569869,0.00722771,0.04354805,0.00766694,0.03166303,0.02056003,0.00140780,0.04044715,0.02774214
1977-10,0.00097695,0.03089540,0.01036367,0.00381814,0.01078420,0.00349533,0.00406589,0.00803092,0.06198807,0.00538822,0.00136004,0.00952727,0.03477978,0.04108159,0.00212803,0.00380659,0.02405580,0.00298972,0.01719211,0.00248004,0.03172023,0.00879098,0.04576659,0.00783104,0.00131694,0.00112874,0.00192260,0.00628837,0.00251639,0.13482155,0.08698173,0.06454247,0.00167297,0.00856141,0.06093102,0.00010278,0.02232652,0.00627737,0.01791185,0.01424235,0.01541572,0.00715875,0.04300614,0.00785503,0.03116007,0.02068792,0.00138058,0.04048578,0.02798833
1977-11,0.00097842,0.03056244,0.01045903,0.00381272,0.01100181,0.00327637,0.00411511,0.00851623,0.06034261,0.00551221,0.00127955,0.01015432,0.03527207,0.04144949,0.00214510,0.00377564,0.02461918,0.00267087,0.01786907,0.00251466,0.03125433,0.00887349,0.04549795,0.00792306,0.00131362,0.00106651,0.00190530,0.00604981,0.00255287,0.13558057,0.08758617,0.06400132,0.00169778,0.00864535,0.06211634,0.00010556,0.02209919,0.00617005,0.01730248,0.01418847,0.01540876,0.00717674,0.04349559,0.00782814,0.03046999,0.02048942,0.00137709,0.03949535,0.02800180
1977-12,0.00100704,0.03030737,0.01033645,0.00386924,0.01081696,0.00335415,0.00443065,0.00877080,0.05915374,0.00576114,0.00134026,0.01012632,0.03604824,0.04087760,0.00220103,0.00387244,0.02533589,0.00269892,0.01737276,0.00253857,0.03196626,0.00893950,0.04351316,0.00823135,0.00129553,0.00109060,0.00189091,0.00605834,0.00256835,0.13395352,0.08735110,0.06225250,0.00177338,0.00897505,0.06217511,0.00010899,0.02255426,0.00636927,0.01765523,0.01392643,0.01586258,0.00733950,0.04395115,0.00785523,0.03094013,0.02137682,0.00145810,0.03979924,0.02854884
1978-01,0.00103548,0.02999369,0.01033766,0.00373484,0.01055282,0.00328905,0.00454795,0.00908795,0.05858500,0.00570674,0.00149587,0.01018873,0.03589402,0.04056800,0.00221212,0.00380185,0.02504919,0.00271516,0.01805593,0.00251568,0.03218321,0.00876399,0.04284156,0.00832151,0.00125462,0.00110524,0.00187160,0.00615213,0.00248509,0.13609922,0.08630296,0.06320042,0.00180765,0.00910828,0.06410331,0.00010976,0.02242577,0.00637477,0.01705325,0.01394691,0.01599264,0.00750985,0.04262575,0.00797865,0.03000183,0.02061401,0.00147824,0.04007340,0.02884666
1978-02,0.00103229,0.03002858,0.01048467,0.00395309,0.01052535,0.00338778,0.00430802,0.00877473,0.05759251,0.00570229,0.00150694,0.00989819,0.03750725,0.04029717,0.00227509,0.00397916,0.02433414,0.00265283,0.01826009,0.00260084,0.03171283,0.00899357,0.04233108,0.00824679,0.00125131,0.00113536,0.00206716,0.00599378,0.00249045,0.13430570,0.08716821,0.06439713,0.00182963,0.00897294,0.06552396,0.00011085,0.02223469,0.00627098,0.01668867,0.01415140,0.01667782,0.00754461,0.04203585,0.00781622,0.02998370,0.02034005,0.00153451,0.03968567,0.02940407
1978-03,0.00105197,0.03041572,0.01055622,0.00400700,0.01068101,0.00339386,0.00435634,0.00876200,0.05651069,0.00589937,0.00158256,0.00970661,0.03667688,0.03875983,0.00233828,0.00402201,0.02451867,0.00269579,0.01770047,0.00267288,0.03191154,0.00888362,0.04302797,0.00869235,0.00122027,0.00113783,0.00198430,0.00596528,0.00258796,0.13372826,0.08758115,0.06724273,0.00187617,0.00923965,0.06329597,0.00012013,0.02200355,0.00627409,0.01585789,0.01399894,0.01664773,0.00777648,0.04187071,0.00820360,0.03006312,0.02102587,0.00158434,0.04014133,0.02974900
1978-04,0.00111318,0.02975730,0.01081104,0.00398642,0.01074283,0.00355692,0.00462642,0.00929874,0.05594131,0.00608783,0.00168792,0.00964980,0.03711178,0.03901055,0.00244596,0.00402433,0.02500077,0.00276708,0.01821278,0.00268981,0.03189669,0.00888355,0.04423048,0.00924062,0.00125777,0.00125798,0.00198486,0.00609684,0.00235211,0.13262453,0.08661112,0.06676788,0.00195244,0.00954593,0.05911677,0.00013053,0.02268413,0.00622575,0.01609080,0.01373192,0.01688808,0.00790069,0.04122917,0.00850843,0.03054756,0.02106953,0.00172343,0.04057200,0.03035564
1978-05,0.00104353,0.02880276,0.01105671,0.00384658,0.01079594,0.00358501,0.00489603,0.00939905,0.05876076,0.00600645,0.00166932,0.00990095,0.03731195,0.03992797,0.00243153,0.00391720,0.02539714,0.00289053,0.01834316,0.00146305,0.03285280,0.00923572,0.04413657,0.00967374,0.00131574,0.00122370,0.00174387,0.00591828,0.00245131,0.13019104,0.07986025,0.06358629,0.00191198,0.00944508,0.06221041,0.00013811,0.02348793,0.00666020,0.01658584,0.01414988,0.01707704,0.00785146,0.04244907,0.00869966,0.03104260,0.02135075,0.00175432,0.04114648,0.03040427
1978-06,0.00117803,0.02932466,0.01134211,0.00397611,0.01084644,0.00378425,0.00518952,0.00967467,0.06029908,0.00611974,0.00178110,0.00984904,0.03877012,0.03822967,0.00251428,0.00397895,0.02554347,0.00291685,0.01831958,0.00151806,0.03390574,0.00986318,0.04244802,0.01054272,0.00135168,0.00123296,0.00192822,0.00598127,0.00230772,0.12800987,0.07875769,0.06167537,0.00201708,0.00989345,0.06109580,0.00014583,0.02389166,0.00685230,0.01669114,0.01444023,0.01720722,0.00805919,0.04122073,0.00925940,0.03094076,0.02121956,0.00179197,0.04091827,0.03119526
1978-07,0.00114784,0.03014323,0.01115237,0.00386742,0.01079801,0.00356453,0.00528946,0.00941624,0.05884318,0.00553593,0.00184089,0.01041623,0.03886752,0.03779101,0.00287716,0.00383740,0.02488388,0.00279838,0.01771170,0.00176909,0.03416305,0.00955624,0.04111968,0.01062140,0.00227401,0.00263155,0.00190391,0.00540036,0.00239510,0.12484688,0.08353468,0.06274582,0.00261458,0.00967329,0.05968479,0.00024693,0.02435326,0.00737536,0.01634522,0.01470507,0.01744696,0.00804985,0.04148413,0.00938653,0.03104194,0.02162014,0.00190339,0.04210608,0.02821837
1978-08,0.00110904,0.02913845,0.01081303,0.00388309,0.01070561,0.00362557,0.00539129,0.00956829,0.05983736,0.00532991,0.00204405,0.01044059,0.04023423,0.03770959,0.00284282,0.00372639,0.02552888,0.00272464,0.01810531,0.00174489,0.03422302,0.00983798,0.04014253,0.01166245,0.00236940,0.00280324,0.00199353,0.00552698,0.00231457,0.12217376,0.08115106,0.06036240,0.00262433,0.00986571,0.06221738,0.00027944,0.02454402,0.00742929,0.01725136,0.01501694,0.01849907,0.00804961,0.04127439,0.00941811,0.03100553,0.02131689,0.00188270,0.04199809,0.02826319
1978-09,0.00110289,0.02809878,0.01087163,0.00370746,0.01041138,0.00354477,0.00578146,0.00986960,0.05922880,0.00543792,0.00211673,0.01040509,0.03869504,0.03749612,0.00281925,0.00396125,0.02642571,0.00291691,0.01749381,0.00177924,0.03435217,0.00955597,0.03931191,0.01172278,0.00237086,0.00278490,0.00189506,0.00556521,0.00221920,0.12296852,0.07784851,0.05959036,0.00280743,0.00989917,0.06333928,0.00032386,0.02504825,0.00746424,0.01757758,0.01512606,0.01853477,0.00836581,0.04182458,0.01037859,0.03135494,0.02159469,0.00197893,0.04278325,0.02924926
1978-10,0.00112536,0.02835110,0.01059090,0.00377979,0.01071852,0.00347752,0.00541707,0.00965047,0.05785521,0.00538061,0.00182247,0.01022936,0.03803888,0.03767648,0.00273200,0.00410337,0.02596268,0.00300284,0.01788881,0.00175974,0.03444586,0.00919597,0.04007235,0.01089822,0.00228027,0.00270913,0.00195530,0.00581528,0.00225177,0.13037532,0.07808982,0.06082758,0.00258901,0.00968990,0.06065639,0.00030165,0.02462667,0.00757962,0.01743265,0.01458544,0.01799003,0.00822741,0.04111822,0.01018464,0.03149018,0.02131683,0.00203842,0.04260120,0.02909166
1978-11,0.00099625,0.02846551,0.01082755,0.00364726,0.01111964,0.00325403,0.00496358,0.00945964,0.05920018,0.00513335,0.00155561,0.00981475,0.03792189,0.03839693,0.00262027,0.00375666,0.02470076,0.00270403,0.01775323,0.00166379,0.03326745,0.00875308,0.04041477,0.01042120,0.00210737,0.00272726,0.00201049,0.00584028,0.00207613,0.13122025,0.08145598,0.06566487,0.00240462,0.00904391,0.06341059,0.00024629,0.02332032,0.00683376,0.01766998,0.01541052,0.01661699,0.00773345,0.04030296,0.00877460,0.03176925,0.02089963,0.00165526,0.04281274,0.02718107
1978-12,0.00106679,0.02775700,0.01079578,0.00370483,0.01103865,0.00318156,0.00536630,0.00939659,0.05914640,0.00516039,0.00168585,0.01010055,0.03855853,0.03752465,0.00263035,0.00380362,0.02402877,0.00257001,0.01738149,0.00166854,0.03342023,0.00873647,0.03867834,0.01114247,0.00214250,0.00284136,0.00168763,0.00580686,0.00215279,0.13509210,0.08126012,0.06488689,0.00240350,0.00919259,0.06385121,0.00027116,0.02419461,0.00725722,0.01715820,0.01505999,0.01593027,0.00792691,0.03988175,0.00895795,0.03080823,0.02117779,0.00168162,0.04235288,0.02747973
1979-01,0.00106864,0.02744981,0.01101919,0.00375649,0.01113061,0.00309531,0.00548251,0.00953394,0.05881005,0.00512530,0.00191688,0.00972680,0.03957074,0.03693412,0.00263345,0.00368236,0.02389206,0.00254537,0.01707276,0.00161308,0.03390619,0.00858754,0.03795805,0.01123446,0.00218456,0.00295303,0.00177348,0.00594423,0.00207820,0.13709900,0.07862303,0.06389538,0.00244056,0.00907256,0.06870728,0.00027489,0.02371118,0.00766968,0.01664404,0.01524995,0.01551964,0.00798954,0.03867700,0.00856240,0.03031540,0.02138697,0.00173136,0.04195103,0.02779991
1979-02,0.00107520,0.02724168,0.01054813,0.00383445,0.01072738,0.00315192,0.00550396,0.00972314,0.05791197,0.00538362,0.00179061,0.00972610,0.03822087,0.03761314,0.00269127,0.00351148,0.02460431,0.00260441,0.01854504,0.00167452,0.03415777,0.00838724,0.03839623,0.01126084,0.00214954,0.00294204,0.00186675,0.00633456,0.00215409,0.13471572,0.07971163,0.06347904,0.00243465,0.00915942,0.06805603,0.00029353,0.02406345,0.00740080,0.01772587,0.01435912,0.01500026,0.00807005,0.03884164,0.00876194,0.02972628,0.02169801,0.00177163,0.04245243,0.02854624
1979-03,0.00106633,0.02637983,0.01049791,0.00381323,0.01072534,0.00302403,0.00536832,0.00966336,0.05648938,0.00540685,0.00176767,0.00914595,0.03811803,0.03797939,0.00266613,0.00363221,0.02465293,0.00262957,0.01843390,0.00163819,0.03421309,0.00818272,0.03797361,0.01014830,0.00209043,0.00287403,0.00207718,0.00652599,0.00195946,0.13971107,0.08083729,0.06461590,0.00227885,0.00901258,0.06824570,0.00027350,0.02368047,0.00742490,0.01777950,0.01396269,0.01465642,0.00821678,0.03840342,0.00844095,0.02956898,0.02177137,0.00179651,0.04219451,0.02798526
1979-04,0.00107696,0.02530492,0.00986643,0.00387061,0.01061510,0.00307599,0.00538072,0.00937193,0.05578515,0.00555764,0.00184448,0.00899249,0.03766985,0.03920942,0.00267919,0.00368918,0.02503618,0.00283705,0.01886588,0.00161173,0.03449842,0.00810431,0.03821050,0.01021757,0.00210720,0.00285798,0.00201946,0.00674475,0.00214826,0.14224291,0.07757431,0.06089749,0.00239539,0.00917611,0.06893150,0.00031756,0.02405854,0.00784081,0.01843866,0.01381949,0.01513777,0.00829137,0.03813433,0.00869848,0.02936635,0.02249604,0.00191613,0.04231915,0.02869827
1979-05,0.00113073,0.02516590,0.00955309,0.00394175,0.01055609,0.00328348,0.00533316,0.00945418,0.05576128,0.00548698,0.00181320,0.00904582,0.03746220,0.03821394,0.00287767,0.00370637,0.02559505,0.00278981,0.01859613,0.00162063,0.03404510,0.00804694,0.03887827,0.01008437,0.00206062,0.00287236,0.00208797,0.00656316,0.00197175,0.14790531,0.07480249,0.05937265,0.00247414,0.00942716,0.06870623,0.00032369,0.02400080,0.00785725,0.01777737,0.01352393,0.01508406,0.00819763,0.03820316,0.00907286,0.02935786,0.02235132,0.00194581,0.04249439,0.02912389
1979-06,0.00115818,0.02526178,0.00962949,0.00383424,0.01041436,0.00337192,0.00526074,0.00937360,0.05510859,0.00562839,0.00177345,0.00926051,0.03681697,0.03776180,0.00289731,0.00372002,0.02548891,0.00283344,0.01841889,0.00164912,0.03375861,0.00812138,0.03820130,0.00967143,0.00206944,0.00293935,0.00229377,0.00668453,0.00215331,0.14603147,0.07692141,0.05984113,0.00246958,0.00959106,0.06825710,0.00031877,0.02410631,0.00776700,0.01795833,0.01362584,0.01551259,0.00826263,0.03780263,0.00899717,0.03007613,0.02254930,0.00195415,0.04315089,0.02925168
1979-07,0.00124583,0.02471878,0.00921507,0.00392420,0.01045784,0.00327447,0.00523374,0.00919644,0.05237883,0.00517749,0.00203388,0.00927323,0.03651454,0.03731732,0.00296325,0.00361648,0.02494129,0.00312208,0.01773358,0.00184792,0.03279540,0.00871314,0.03688793,0.00941738,0.00214144,0.00325428,0.00220323,0.00885618,0.00231234,0.15132281,0.08016451,0.05920573,0.00226558,0.00937783,0.06356410,0.00048641,0.02456970,0.00807403,0.01726539,0.01310100,0.01639601,0.00808282,0.03664154,0.00901306,0.03097605,0.02291047,0.00189043,0.04581889,0.02810606
1979-08,0.00123832,0.02445242,0.00923856,0.00390268,0.01083329,0.00325651,0.00543293,0.00942650,0.05191113,0.00519363,0.00218606,0.00923960,0.03586057,0.03829284,0.00290530,0.00358711,0.02551553,0.00320245,0.01827411,0.00194337,0.03242105,0.00878534,0.03645850,0.00965812,0.00218786,0.00328724,0.00212335,0.00911007,0.00219776,0.15162435,0.08046018,0.05845219,0.00234585,0.00960401,0.06072726,0.00047449,0.02472438,0.00797127,0.01692784,0.01263551,0.01743553,0.00806372,0.03610909,0.00908645,0.03139719,0.02273818,0.00205037,0.04696968,0.02808026
1979-09,0.00124329,0.02482376,0.00912043,0.00412184,0.01108228,0.00334683,0.00535350,0.00962504,0.05226014,0.00532202,0.00230866,0.00943133,0.03661850,0.03858761,0.00293943,0.00352715,0.02613336,0.00318465,0.01836164,0.00185608,0.03243706,0.00875930,0.03589445,0.01025532,0.00242182,0.00356130,0.00229119,0.00913526,0.00214601,0.15410856,0.07682534,0.05530957,0.00239709,0.00975301,0.05953904,0.00049871,0.02508315,0.00851027,0.01730947,0.01265646,0.01728846,0.00820688,0.03716415,0.00914353,0.03128636,0.02204491,0.00221567,0.04642677,0.02808337
1979-10,0.00122840,0.02457068,0.00872693,0.00408628,0.01053460,0.00339404,0.00549780,0.00970593,0.05025463,0.00518811,0.00229313,0.00921720,0.03673489,0.03963245,0.00295342,0.00344736,0.02605740,0.00328053,0.01885798,0.00177016,0.03210519,0.00784640,0.03672001,0.01025613,0.00250685,0.00348121,0.00261992,0.00916720,0.00221910,0.16389564,0.07503285,0.05408491,0.00239549,0.00964898,0.05832000,0.00048822,0.02479972,0.00859363,0.01735439,0.01223214,0.01663595,0.00843325,0.03651310,0.00879853,0.03039575,0.02170317,0.00217630,0.04608170,0.02806234
1979-11,0.00120191,0.02443192,0.00852197,0.00399826,0.01097573,0.00332129,0.00542636,0.00975630,0.05008627,0.00508568,0.00232526,0.00920930,0.03834891,0.03938339,0.00286282,0.00336575,0.02512553,0.00336846,0.01799202,0.00185448,0.03162649,0.00791545,0.03440663,0.01010015,0.00259269,0.00343671,0.00245193,0.00880971,0.00199917,0.17228599,0.07591895,0.05558082,0.00231751,0.00941904,0.05814376,0.00046742,0.02494375,0.00847195,0.01687757,0.01225232,0.01592686,0.00830357,0.03603551,0.00830429,0.02921642,0.02119901,0.00204814,0.04480013,0.02750643
1979-12,0.00129375,0.02423116,0.00828287,0.00409319,0.01101213,0.00321619,0.00569195,0.00948004,0.04768217,0.00513110,0.00262463,0.00944474,0.03919090,0.03953949,0.00271894,0.00330379,0.02484328,0.00349775,0.01701977,0.00188280,0.03212404,0.00781986,0.03098226,0.01044792,0.00286196,0.00361969,0.00259628,0.00910264,0.00224003,0.17671445,0.07699077,0.05378805,0.00238394,0.00972280,0.05914920,0.00051933,0.02526694,0.00888117,0.01593289,0.01165570,0.01606072,0.00844702,0.03503108,0.00794552,0.02876169,0.02172737,0.00188251,0.04516896,0.02799456
1980-01,0.00137351,0.02416897,0.00813069,0.00415290,0.01107275,0.00328110,0.00616074,0.00971931,0.04783563,0.00524787,0.00280057,0.00964419,0.03871567,0.04064058,0.00277043,0.00347569,0.02469910,0.00365971,0.01799427,0.00190422,0.03221425,0.00799886,0.03062982,0.01119795,0.00289900,0.00387787,0.00329198,0.01008555,0.00231687,0.17659391,0.07409458,0.05165881,0.00235416,0.00992869,0.05703439,0.00058062,0.02523614,0.00926128,0.01628415,0.01157523,0.01628584,0.00903877,0.03455556,0.00819608,0.02844581,0.02152030,0.00200308,0.04450006,0.02889248
1980-02,0.00129873,0.02358026,0.00782726,0.00436080,0.01042834,0.00344362,0.00601352,0.00958053,0.04570305,0.00503088,0.00285259,0.00919831,0.03576201,0.03994188,0.00285116,0.00338040,0.02414500,0.00373604,0.02001743,0.00200017,0.03281976,0.00818245,0.03178261,0.01330215,0.00328471,0.00402428,0.00366352,0.01076536,0.00236315,0.18860843,0.07090254,0.04793790,0.00235926,0.01001600,0.05736334,0.00058856,0.02570784,0.00965122,0.01651180,0.01121473,0.01630247,0.00901532,0.03249961,0.00816034,0.02628526,0.02077522,0.00205857,0.04335399,0.02934764
1980-03,0.00133963,0.02250250,0.00722704,0.00429388,0.00996248,0.00336699,0.00554579,0.00896594,0.04380525,0.00504246,0.00280130,0.00855061,0.03451540,0.03973230,0.00271380,0.00336601,0.02385266,0.00362600,0.02016878,0.00190577,0.03201993,0.00786937,0.02971688,0.01168789,0.00301770,0.00378788,0.00403786,0.01126744,0.00237169,0.21497144,0.06865738,0.04698976,0.00215793,0.00987470,0.05521965,0.00061451,0.02523139,0.00933057,0.01667031,0.01124723,0.01569669,0.00887269,0.03084930,0.00779358,0.02361719,0.01914633,0.00202458,0.04287021,0.02910332
1980-04,0.00118842,0.02292102,0.00806554,0.00416976,0.01118532,0.00336788,0.00583109,0.00901560,0.04741608,0.00537393,0.00302379,0.00948105,0.03806424,0.03949864,0.00265213,0.00325433,0.02305253,0.00348700,0.01826136,0.00174571,0.03177753,0.00813669,0.03036368,0.01158848,0.00304174,0.00362888,0.00334277,0.01032802,0.00211843,0.20039766,0.07231300,0.05172323,0.00215904,0.00934459,0.05408198,0.00057392,0.02529381,0.00956343,0.01621310,0.01188657,0.01531137,0.00851898,0.03215367,0.00764860,0.02533844,0.01993115,0.00176060,0.04282130,0.02758395
1980-05,0.00119753,0.02373653,0.00797920,0.00318653,0.01170889,0.00308801,0.00606610,0.00884896,0.04713715,0.00523740,0.00324042,0.00964271,0.03715070,0.03955568,0.00248083,0.00324563,0.02267754,0.00348780,0.01778201,0.00170602,0.03006844,0.00794920,0.02817175,0.01073386,0.00295174,0.00352738,0.00300797,0.00982115,0.00203889,0.20400962,0.07695981,0.05300904,0.00222585,0.00969362,0.05150478,0.00058833,0.02503037,0.00886051,0.01572961,0.01195005,0.01460862,0.00843559,0.03203455,0.00778910,0.02623704,0.02016470,0.00186319,0.04318834,0.02869126
1980-06,0.00121569,0.02441697,0.00799376,0.00330103,0.01204021,0.00310220,0.00599281,0.00918074,0.04735911,0.00504039,0.00318898,0.00955329,0.03773839,0.04025128,0.00257826,0.00308158,0.02343220,0.00341853,0.01763561,0.00162308,0.03013469,0.00809432,0.02736115,0.01021480,0.00279072,0.00345291,0.00316714,0.00989174,0.00218219,0.20042994,0.07574071,0.05200171,0.00220036,0.00991964,0.05010534,0.00061295,0.02533254,0.00852753,0.01597891,0.01197408,0.01543486,0.00898539,0.03315557,0.00822163,0.02644127,0.02030239,0.00188227,0.04472542,0.02859373
1980-07,0.00125215,0.02388488,0.00723704,0.00438669,0.01208626,0.00300048,0.00524508,0.00886373,0.04532852,0.00492302,0.00360270,0.00926473,0.03582709,0.03907900,0.00260672,0.00306022,0.02294192,0.00375144,0.01709594,0.00099299,0.03082028,0.00776002,0.02661397,0.00974937,0.00269964,0.00341598,0.00402475,0.01019042,0.00223947,0.20584120,0.08180112,0.05071317,0.00224253,0.01027643,0.05020750,0.00062163,0.02511944,0.00855640,0.01551602,0.01115671,0.01476529,0.00898929,0.03251966,0.00801753,0.02681541,0.02086754,0.00206355,0.04683281,0.02513228
1980-08,0.00121144,0.02294181,0.00755047,0.00447727,0.01215320,0.00316327,0.00521467,0.00921226,0.04679309,0.00529470,0.00410551,0.00944559,0.03605247,0.03968483,0.00255898,0.00318455,0.02382437,0.00420894,0.01803078,0.00102083,0.03223652,0.00832373,0.02810057,0.01022512,0.00275352,0.00371490,0.00401228,0.01039308,0.00222412,0.19608455,0.07614418,0.04799323,0.00239190,0.01072018,0.05385641,0.00075929,0.02690932,0.00974869,0.01607957,0.01126206,0.01606649,0.00941872,0.03358736,0.00821685,0.02540874,0.01973699,0.00211390,0.04583270,0.02555601
1980-09,0.00131147,0.02254785,0.00729763,0.00443434,0.01129331,0.00334136,0.00521388,0.00947745,0.04621209,0.00527738,0.00417073,0.00936810,0.03506970,0.04008504,0.00256958,0.00327416,0.02338064,0.00431256,0.01776152,0.00104635,0.03187732,0.00806859,0.02832048,0.01017434,0.00280058,0.00365248,0.00432519,0.01064945,0.00218624,0.19907871,0.07335831,0.04940842,0.00243416,0.01119486,0.05414487,0.00088688,0.02778329,0.00967506,0.01571333,0.01099995,0.01579720,0.00989738,0.03290936,0.00812758,0.02479961,0.01963446,0.00214493,0.04600777,0.02650409
1980-10,0.00131426,0.02092472,0.00664815,0.00437000,0.01081548,0.00348405,0.00514382,0.00960580,0.04518397,0.00527316,0.00423278,0.00952345,0.03532810,0.03984068,0.00164715,0.00306131,0.02285858,0.00446759,0.01810563,0.00107313,0.03280136,0.00801315,0.02811679,0.01032964,0.00285112,0.00367916,0.00511575,0.01131209,0.00228516,0.20688739,0.07120269,0.04730677,0.00245078,0.01155132,0.05274755,0.00095351,0.02842935,0.00994018,0.01513362,0.01085651,0.01564195,0.01032539,0.03181548,0.00819515,0.02371146,0.01967394,0.00218945,0.04661456,0.02696689
1980-11,0.00136770,0.02031778,0.00631549,0.00431188,0.01102555,0.00355753,0.00496420,0.00936328,0.04458074,0.00522114,0.00421756,0.00969176,0.03369607,0.03873886,0.00165682,0.00305512,0.02261562,0.00500293,0.01755410,0.00112798,0.03330858,0.00804612,0.02645740,0.00984689,0.00229463,0.00361799,0.00484289,0.01125564,0.00225696,0.21870353,0.07095346,0.04506373,0.00244759,0.01178082,0.05288247,0.00104502,0.02849952,0.00984294,0.01511540,0.01051841,0.01612257,0.01012011,0.03061812,0.00794231,0.02302146,0.01841953,0.00219462,0.04643738,0.02796178
1980-12,0.00140029,0.01817449,0.00571497,0.00392192,0.01024481,0.00371057,0.00539710,0.00872569,0.04259946,0.00488008,0.00427645,0.00964327,0.03310175,0.03833703,0.00154096,0.00272580,0.02144562,0.00506190,0.01680446,0.00116086,0.03405089,0.00817690,0.02367169,0.01047900,0.00247227,0.00381554,0.00440225,0.01126243,0.00235220,0.24677231,0.06885016,0.04015490,0.00231654,0.01178543,0.05106904,0.00107896,0.02900215,0.01058606,0.01455205,0.01002616,0.01563939,0.01003871,0.02779170,0.00715796,0.02147661,0.01646195,0.00188337,0.04567669,0.02812920
1981-01,0.00136800,0.01919154,0.00640356,0.00389922,0.01069329,0.00350955,0.00557720,0.00919292,0.04366165,0.00495661,0.00457495,0.01021356,0.03627624,0.03892829,0.00151142,0.00274155,0.02153596,0.00480665,0.01656020,0.00112496,0.03390445,0.00809928,0.02455614,0.01150860,0.00262185,0.00416982,0.00377860,0.01123162,0.00220461,0.22917521,0.06967870,0.03777659,0.00228290,0.01190905,0.05337433,0.00111555,0.02875373,0.01072573,0.01467163,0.01013603,0.01528148,0.00968133,0.02886106,0.00739368,0.02423384,0.01748879,0.00197230,0.04696322,0.02972253
1981-02,0.00146237,0.02028544,0.00700366,0.00426244,0.01103456,0.00335746,0.00573897,0.00953648,0.04511703,0.00558112,0.00473066,0.01032742,0.03740203,0.04100290,0.00160057,0.00303312,0.02248051,0.00444400,0.01744581,0.00112755,0.03301316,0.00826141,0.02535776,0.01121672,0.00241044,0.00396545,0.00350597,0.01091863,0.00211152,0.21500893,0.07035940,0.04171028,0.00239354,0.01224402,0.05125427,0.00087929,0.02733933,0.01013373,0.01559173,0.01062807,0.01632332,0.00979714,0.03007283,0.00768578,0.02504331,0.01793077,0.00205145,0.04684749,0.02897018
1981-03,0.00135979,0.02021412,0.00741402,0.00432915,0.01123132,0.00332527,0.00598083,0.00964237,0.04849576,0.00549268,0.00454453,0.01057563,0.03747399,0.04189667,0.00155313,0.00302784,0.02304973,0.00439439,0.01755441,0.00109622,0.03373147,0.00827527,0.02659157,0.01062373,0.00235223,0.00388788,0.00325925,0.01044890,0.00207632,0.21045251,0.06814565,0.04136552,0.00251634,0.01156338,0.05049666,0.00081302,0.02718664,0.01007323,0.01641535,0.01124437,0.01639780,0.00954215,0.03038997,0.00815814,0.02535255,0.01797427,0.00198949,0.04706338,0.02896111
1981-04,0.00136112,0.02090322,0.00732206,0.00447227,0.01131248,0.00358005,0.00653214,0.00991033,0.04751383,0.00569428,0.00506119,0.01053270,0.03699201,0.04108585,0.00164264,0.00301288,0.02392681,0.00443187,0.02016275,0.00115907,0.03345587,0.00867516,0.02743727,0.01046135,0.00228353,0.00391293,0.00356069,0.01278820,0.00207083,0.19746737,0.06675701,0.04002199,0.00255304,0.01224839,0.04920772,0.00087804,0.02849792,0.01032006,0.01691940,0.01132962,0.01754918,0.01017414,0.03307826,0.00855724,0.02476213,0.01922788,0.00211606,0.04786445,0.02921473
1981-05,0.00144195,0.02129689,0.00730994,0.00446001,0.01163443,0.00380699,0.00669204,0.01069177,0.04795468,0.00558960,0.00533765,0.01095297,0.03876677,0.04046803,0.00174336,0.00338292,0.02409286,0.00416255,0.02017877,0.00118388,0.03395018,0.00890328,0.02838652,0.01076060,0.00232311,0.00392964,0.00363969,0.01025016,0.00196353,0.18346037,0.06577909,0.04327273,0.00276230,0.01292932,0.04900455,0.00095073,0.02962184,0.01090715,0.01640430,0.01119939,0.01820016,0.01019378,0.03480282,0.00909200,0.02521311,0.01962178,0.00212755,0.04873000,0.03047227
1981-06,0.00150327,0.02102857,0.00772232,0.00446306,0.01172205,0.00400327,0.00704761,0.01118892,0.04749027,0.00565572,0.00595467,0.01138796,0.03908990,0.03954420,0.00179060,0.00337839,0.02406388,0.00397897,0.01939683,0.00106715,0.03333119,0.00910305,0.02885118,0.01059074,0.00226484,0.00391998,0.00368519,0.01006136,0.00196084,0.17396195,0.06603487,0.04536618,0.00273025,0.01319910,0.05005529,0.00106395,0.03071556,0.01163602,0.01621015,0.01092528,0.01901295,0.01032714,0.03506027,0.00932995,0.02639898,0.01955356,0.00209525,0.04937679,0.03170053
1981-07,0.00150120,0.02015936,0.00723846,0.00429624,0.01158740,0.00364716,0.00632294,0.01075669,0.04504297,0.00569077,0.00558893,0.01085319,0.03664200,0.03811925,0.00174975,0.00322452,0.02240293,0.00462465,0.01730644,0.00199323,0.03337942,0.00934642,0.02801147,0.00998918,0.00229622,0.00366070,0.00299142,0.01250808,0.00193124,0.18424154,0.07096397,0.04736773,0.00277822,0.01347093,0.05040957,0.00144053,0.03058569,0.01116040,0.01586764,0.01064846,0.01803286,0.01089337,0.03482020,0.00894073,0.02622237,0.02164854,0.00219691,0.05245231,0.02299577
1981-08,0.00150411,0.01869810,0.00710480,0.00427305,0.01192174,0.00342894,0.00591295,0.01065185,0.04392222,0.00574663,0.00545294,0.01054372,0.03527758,0.03678917,0.00173487,0.00313536,0.02123964,0.00446920,0.01743004,0.00209862,0.03355856,0.00888387,0.02719043,0.00938348,0.00210717,0.00353320,0.00318984,0.01314001,0.00211179,0.19994621,0.07301925,0.04774791,0.00267253,0.01302713,0.04844614,0.00142605,0.02985768,0.01098012,0.01538796,0.01025344,0.01729957,0.01054758,0.03395112,0.00841882,0.02536604,0.02065217,0.00215305,0.05156671,0.02284667
1981-09,0.00151157,0.01834894,0.00717280,0.00428581,0.01195902,0.00355038,0.00582417,0.01090785,0.04390848,0.00577310,0.00491537,0.01003409,0.03543595,0.03667367,0.00167759,0.00287090,0.02116270,0.00448858,0.01713314,0.00211346,0.03335105,0.00904010,0.02628362,0.00889180,0.00191826,0.00345819,0.00368109,0.01214827,0.00197723,0.19925028,0.07684882,0.04926945,0.00267940,0.01302684,0.04884796,0.00146544,0.02879408,0.01057964,0.01502063,0.01030494,0.01701133,0.01091441,0.03391357,0.00808158,0.02564283,0.02101424,0.00215082,0.05213186,0.02255472
1981-10,0.00157481,0.01891209,0.00768682,0.00455517,0.01278403,0.00370561,0.00612378,0.01105141,0.04572251,0.00595290,0.00519851,0.01091984,0.03712014,0.03562442,0.00167580,0.00298866,0.02072244,0.00417280,0.01657246,0.00200443,0.03217709,0.00910123,0.02701188,0.00904551,0.00193995,0.00345952,0.00337940,0.00815611,0.00192772,0.18637590,0.07702957,0.05423904,0.00279041,0.01295079,0.05052461,0.00143914,0.02958351,0.01076690,0.01476532,0.01046532,0.01709676,0.01065206,0.03505760,0.00837548,0.02698115,0.02238438,0.00207251,0.05321313,0.02196939
1981-11,0.00159794,0.01940117,0.00817044,0.00470301,0.01286544,0.00393062,0.00650685,0.01141288,0.04411355,0.00573647,0.00569090,0.01138995,0.03763009,0.03594801,0.00170596,0.00293495,0.01988475,0.00382057,0.01592153,0.00218756,0.03174896,0.00898652,0.02347177,0.00907264,0.00205562,0.00353933,0.00293080,0.00791558,0.00208381,0.18674265,0.07649895,0.05480874,0.00280509,0.01331953,0.04902418,0.00160011,0.03052338,0.01084923,0.01406395,0.01023676,0.01769779,0.01095615,0.03512563,0.00883853,0.02707326,0.02285827,0.00208722,0.05460559,0.02292731
1981-12,0.00159526,0.01900278,0.00775974,0.00465934,0.01280985,0.00363576,0.00648095,0.01157603,0.04477768,0.00552056,0.00522944,0.01171084,0.03762549,0.03575160,0.00167724,0.00282107,0.01987267,0.00403349,0.01594435,0.00213657,0.03254545,0.00891863,0.02302610,0.00853302,0.00186563,0.00315431,0.00278897,0.00790898,0.00211168,0.19091701,0.07738797,0.05311096,0.00284543,0.01333703,0.04822411,0.00145326,0.02971388,0.01007517,0.01491352,0.01049354,0.01783520,0.01069349,0.03407666,0.00865474,0.02739447,0.02321184,0.00212395,0.05547397,0.02259029
1982-01,0.00168119,0.01987617,0.00776149,0.00470528,0.01241683,0.00373481,0.00654649,0.01155573,0.04518754,0.00553293,0.00509343,0.01177060,0.03890546,0.03594950,0.00169029,0.00293761,0.02012873,0.00408416,0.01601933,0.00222494,0.03261811,0.00916925,0.02456912,0.00877952,0.00197998,0.00325945,0.00262827,0.00769520,0.00205179,0.18257040,0.07755640,0.05407020,0.00287986,0.01351936,0.05090448,0.00145678,0.02987959,0.01021958,0.01486268,0.01084467,0.01770614,0.01071486,0.03425366,0.00859864,0.02660364,0.02272349,0.00216310,0.05548699,0.02243223
1982-02,0.00159395,0.02053304,0.00781027,0.00492735,0.01282612,0.00379645,0.00720567,0.01134349,0.04819453,0.00559178,0.00506717,0.01234048,0.04073947,0.03515910,0.00162052,0.00307692,0.01940167,0.00385602,0.01502042,0.00213496,0.03166740,0.00923581,0.02503348,0.00863386,0.00207984,0.00325004,0.00238889,0.00663891,0.00194292,0.17187841,0.07883872,0.05601013,0.00286609,0.01313763,0.05548773,0.00150928,0.02988831,0.01095286,0.01448560,0.01100815,0.01756514,0.01077488,0.03550877,0.00878342,0.02676618,0.02343288,0.00198744,0.05387049,0.02213737
1982-03,0.00162454,0.02208666,0.00771376,0.00511905,0.01305141,0.00366514,0.00728340,0.01183528,0.04926177,0.00568247,0.00509246,0.01286872,0.04237683,0.03434769,0.00168840,0.00272549,0.01940967,0.00367918,0.01502332,0.00207110,0.03060096,0.00933163,0.02540444,0.00857729,0.00200931,0.00345152,0.00232543,0.00643104,0.00179503,0.16011023,0.08254319,0.05506569,0.00295488,0.01307479,0.05598032,0.00145232,0.02967472,0.01060194,0.01487369,0.01125375,0.01765977,0.01101026,0.03724232,0.00895361,0.02766150,0.02479495,0.00201418,0.05428817,0.02225672
1982-04,0.00157138,0.02296738,0.00841637,0.00546473,0.01375855,0.00396030,0.00778003,0.01208197,0.05059910,0.00579662,0.00506269,0.01204520,0.04149937,0.03448345,0.00169204,0.00278107,0.01931601,0.00349005,0.01453116,0.00189152,0.02988750,0.00976613,0.02711726,0.00877613,0.00205526,0.00319311,0.00211105,0.00563910,0.00170341,0.15098216,0.08501965,0.05738090,0.00306000,0.01301547,0.05382961,0.00139161,0.03004156,0.01047070,0.01478448,0.01144086,0.01817476,0.01089361,0.03981595,0.00964711,0.02773454,0.02557858,0.00203228,0.05273965,0.02252858
1982-05,0.00166276,0.02348743,0.00859670,0.00579650,0.01422491,0.00411462,0.00763903,0.01223456,0.04964136,0.00589819,0.00539246,0.01257409,0.04269518,0.03486488,0.00167590,0.00294295,0.01922385,0.00340257,0.01423140,0.00189568,0.02886130,0.01003995,0.02749069,0.00889909,0.00225236,0.00330596,0.00198358,0.00545762,0.00168890,0.15127685,0.08459254,0.05461015,0.00317492,0.01300619,0.05531201,0.00151492,0.03117588,0.01114149,0.01486100,0.01126538,0.01816145,0.01083684,0.04060512,0.00974530,0.02760859,0.02281055,0.00204011,0.05100443,0.02308181
1982-06,0.00163060,0.02368320,0.00877559,0.00585614,0.01401184,0.00399435,0.00749329,0.01195342,0.05043136,0.00610361,0.00523114,0.01280209,0.04288538,0.03441329,0.00168365,0.00292603,0.01879968,0.00329104,0.01364853,0.00192017,0.02737147,0.01001686,0.02831588,0.00881367,0.00212449,0.00332208,0.00184983,0.00531668,0.00158039,0.15928663,0.08667932,0.05237077,0.00294441,0.01287690,0.05414791,0.00150126,0.03029971,0.01115475,0.01437073,0.01114001,0.01760751,0.01093279,0.04080521,0.00968544,0.02655874,0.02195782,0.00210019,0.05049225,0.02284193
1982-07,0.00162887,0.02576217,0.00939358,0.00558241,0.01411369,0.00407797,0.00753134,0.01187823,0.05085969,0.00626468,0.00597929,0.01355379,0.04300455,0.03518153,0.00171402,0.00281406,0.01846007,0.00341483,0.01291647,0.00159947,0.02569778,0.01027180,0.02962201,0.00883347,0.00217239,0.00306431,0.00170917,0.00494800,0.00147684,0.14770188,0.08786031,0.05403296,0.00288300,0.01407730,0.05480637,0.00221001,0.03044729,0.01123460,0.01417363,0.01102142,0.01507646,0.01159465,0.04272635,0.01056775,0.02399845,0.02085277,0.00194233,0.06326588,0.01600009
1982-08,0.00157643,0.02607959,0.01008332,0.00620885,0.01367814,0.00437464,0.00739809,0.01191151,0.05286147,0.00629619,0.00663961,0.01375911,0.04407711,0.03428329,0.00169448,0.00288534,0.01863151,0.00321521,0.01263364,0.00157988,0.02467130,0.01035314,0.02924266,0.00941130,0.00224068,0.00317826,0.00182095,0.00450329,0.00134173,0.13895629,0.08718583,0.05606761,0.00296947,0.01449267,0.05836699,0.00204759,0.03122195,0.01051423,0.01398781,0.01122011,0.01452497,0.01167216,0.04395692,0.01080430,0.02357865,0.02054903,0.00190485,0.06300371,0.01634418
1982-09,0.00143154,0.02513077,0.00944868,0.00579661,0.01390530,0.00420551,0.00666495,0.01201121,0.05310562,0.00630612,0.00710139,0.01407257,0.04386144,0.03531399,0.00160565,0.00283437,0.01867372,0.00344552,0.01280245,0.00144159,0.02444458,0.01068825,0.03024164,0.01015604,0.00230764,0.00371564,0.00229436,0.00457776,0.00133482,0.13599410,0.08716856,0.05507172,0.00294264,0.01436333,0.05881184,0.00217317,0.03108809,0.01133847,0.01450403,0.01148751,0.01459416,0.01221718,0.04404161,0.01089615,0.02330543,0.01996893,0.00185969,0.06370009,0.01555357
1982-10,0.00152048,0.02523586,0.00976844,0.00596000,0.01425936,0.00412528,0.00654129,0.01282753,0.05236382,0.00687767,0.00712175,0.01361021,0.04419472,0.03445591,0.00163885,0.00285833,0.01850003,0.00346299,0.01193906,0.00134138,0.02286421,0.01027428,0.02936571,0.00993350,0.00222593,0.00317454,0.00242874,0.00437780,0.00127799,0.13661410,0.08624013,0.05485675,0.00310503,0.01477540,0.05893655,0.00231609,0.03062136,0.01110688,0.01406503,0.01155007,0.01384439,0.01248667,0.04576982,0.01085189,0.02402070,0.02106819,0.00187964,0.06568445,0.01568119
1982-11,0.00151217,0.02448704,0.00892807,0.00474303,0.01432566,0.00441215,0.00709809,0.01345483,0.05250336,0.00695169,0.00748122,0.01306990,0.04246348,0.03462838,0.00164302,0.00299263,0.01964704,0.00386173,0.01165951,0.00132095,0.02276695,0.01088071,0.03079368,0.01036621,0.00203422,0.00327679,0.00257162,0.00433624,0.00124897,0.12885280,0.08058003,0.05324051,0.00312189,0.01534472,0.06080022,0.00276977,0.03265986,0.01173675,0.01484451,0.01172096,0.01460851,0.01319858,0.04808205,0.01092144,0.02580462,0.02070726,0.00201653,0.06741287,0.01611679
1982-12,0.00151031,0.02373281,0.00908052,0.00483271,0.01337912,0.00470140,0.00718438,0.01424771,0.05424822,0.00728323,0.00802862,0.01343281,0.04170088,0.03394710,0.00170326,0.00296452,0.02080898,0.00419086,0.01153539,0.00129993,0.02276299,0.01110213,0.03173006,0.01029378,0.00186813,0.00331031,0.00276058,0.00408512,0.00118500,0.11649045,0.07652021,0.05314131,0.00319952,0.01631805,0.06384942,0.00285681,0.03399733,0.01286758,0.01495960,0.01160568,0.01554574,0.01403063,0.05134769,0.01111547,0.02619764,0.02136475,0.00223259,0.06663700,0.01681165
1983-01,0.00155012,0.02397191,0.00894235,0.00461943,0.01320911,0.00427058,0.00586248,0.01452615,0.05329488,0.00727805,0.00828705,0.01355462,0.04128416,0.03300938,0.00173890,0.00307578,0.02149283,0.00408916,0.01208462,0.00135227,0.02363888,0.01121443,0.03344768,0.01043816,0.00194061,0.00314831,0.00338146,0.00431449,0.00119196,0.11945333,0.07878232,0.05219367,0.00313460,0.01648669,0.06719136,0.00262304,0.03333188,0.01284892,0.01483498,0.01122389,0.01533308,0.01393975,0.04953334,0.01088332,0.02464459,0.02048242,0.00226787,0.06374596,0.01685517
1983-02,0.00145043,0.02304431,0.00829306,0.00452027,0.01253033,0.00454393,0.00569629,0.01344890,0.05324423,0.00688748,0.00774152,0.01312879,0.04074563,0.03460714,0.00179126,0.00308052,0.02122389,0.00420541,0.01257032,0.00137184,0.02407086,0.01146631,0.03301391,0.01082959,0.00211171,0.00308918,0.00400789,0.00466383,0.00122754,0.11907547,0.07834139,0.05659186,0.00308904,0.01677168,0.06977321,0.00309386,0.03490235,0.01368986,0.01458361,0.01088293,0.01575971,0.01402515,0.04731020,0.01048285,0.02411963,0.01835378,0.00226614,0.06104987,0.01723100
1983-03,0.00152132,0.02265089,0.00810498,0.00457142,0.01242363,0.00495696,0.00593622,0.01411902,0.05401583,0.00736271,0.00814575,0.01298343,0.04038448,0.03496450,0.00194072,0.00317692,0.02177730,0.00409205,0.01271314,0.00133044,0.02291069,0.01173241,0.03219320,0.00995754,0.00221256,0.00307135,0.00291672,0.00425683,0.00110216,0.11433374,0.07693135,0.05423700,0.00323401,0.01773566,0.06958526,0.00300418,0.03531499,0.01421783,0.01500095,0.01113726,0.01624895,0.01485830,0.04943663,0.01118050,0.02485759,0.01934099,0.00236353,0.06199253,0.01746359
1983-04,0.00153331,0.02304181,0.00832865,0.00487513,0.01268675,0.00435728,0.00578960,0.01506462,0.05249456,0.00806678,0.00901181,0.01296699,0.04036485,0.03420305,0.00203899,0.00332501,0.02218109,0.00390718,0.01268387,0.00132182,0.02186077,0.01116477,0.03095034,0.01033470,0.00216830,0.00315617,0.00296658,0.00424031,0.00106001,0.11678694,0.07431269,0.05270801,0.00317662,0.01750133,0.06827349,0.00304193,0.03482566,0.01326977,0.01488697,0.01108781,0.01602663,0.01490287,0.05297488,0.01129690,0.02583536,0.01994861,0.00256117,0.06342850,0.01700878
1983-05,0.00138308,0.02275791,0.00808996,0.00478243,0.01237492,0.00419896,0.00572689,0.01530235,0.05179954,0.00816985,0.00878198,0.01263295,0.03965509,0.03467437,0.00201706,0.00330192,0.02140151,0.00399461,0.01218718,0.00127160,0.02154786,0.01050252,0.03346183,0.01013244,0.00229968,0.00334370,0.00308096,0.00428808,0.00101428,0.11916361,0.07223444,0.05169446,0.00332864,0.01726584,0.07086721,0.00299899,0.03366538,0.01220734,0.01498646,0.01117625,0.01541992,0.01480251,0.05414352,0.01127156,0.02699225,0.01943400,0.00259129,0.06440060,0.01718026
1983-06,0.00141786,0.02262700,0.00768957,0.00457277,0.01163270,0.00456531,0.00595841,0.01519563,0.04837712,0.00812768,0.00877673,0.01224406,0.03782338,0.03580470,0.00212993,0.00327930,0.02153384,0.00420650,0.01324802,0.00133864,0.02242170,0.01113154,0.03265661,0.01008757,0.00238196,0.00350328,0.00346874,0.00463945,0.00112289,0.11871175,0.07199880,0.05076847,0.00325796,0.01776351,0.06978905,0.00327790,0.03535946,0.01337386,0.01506645,0.01133763,0.01589485,0.01504206,0.05373534,0.01158920,0.02658301,0.01899011,0.00267265,0.06467213,0.01815291
1983-07,0.00131993,0.02093772,0.00692885,0.00406874,0.00965636,0.00474029,0.00569516,0.01582622,0.04727652,0.00863758,0.00986024,0.01338335,0.03826229,0.03339835,0.00222501,0.00339928,0.01951868,0.00412255,0.01241026,0.00133293,0.02147776,0.01144284,0.03508606,0.01097972,0.00224222,0.00315648,0.00327180,0.00460758,0.00112011,0.11555723,0.07078556,0.04928901,0.00285117,0.02058740,0.07238352,0.00535729,0.03324808,0.01399304,0.01357160,0.01046365,0.01801506,0.01595558,0.05435271,0.01246667,0.02692077,0.03372942,0.00232361,0.05441503,0.01734872
1983-08,0.00144949,0.02118721,0.00678669,0.00415964,0.01012576,0.00481371,0.00530188,0.01572234,0.04568652,0.00843595,0.00936315,0.01250652,0.03821432,0.03458713,0.00231594,0.00349549,0.01953345,0.00403021,0.01273023,0.00147647,0.02154692,0.01099621,0.03557253,0.01069859,0.00228324,0.00325681,0.00334013,0.00478652,0.00110295,0.11701420,0.07370081,0.04843591,0.00282255,0.01955264,0.07171063,0.00491485,0.03303769,0.01343203,0.01394159,0.01046818,0.01768709,0.01532651,0.05501486,0.01219776,0.02712538,0.03247247,0.00227564,0.05589238,0.01747085
1983-09,0.00141208,0.02130816,0.00720778,0.00434410,0.01066466,0.00484034,0.00500828,0.01542925,0.04504465,0.00789991,0.00893594,0.01207015,0.03844217,0.03688384,0.00216998,0.00332264,0.01866299,0.00382326,0.01367003,0.00135227,0.02131061,0.01073640,0.03443675,0.01013586,0.00209443,0.00316919,0.00346419,0.00481965,0.00111590,0.12366810,0.07437240,0.04967234,0.00270383,0.01913825,0.07128609,0.00477674,0.03234818,0.01352689,0.01392453,0.01034888,0.01726775,0.01494144,0.05205464,0.01180391,0.02696481,0.03311347,0.00221443,0.05571403,0.01638382
1983-10,0.00140644,0.02235347,0.00719245,0.00453907,0.01138513,0.00488264,0.00506520,0.01581773,0.04571405,0.00787356,0.00862447,0.01214702,0.03871289,0.03627101,0.00219105,0.00333825,0.01913449,0.00382154,0.01284503,0.00134531,0.02189541,0.01096258,0.03561115,0.01040310,0.00236980,0.00330453,0.00279131,0.00455067,0.00114519,0.11566858,0.07634456,0.04946794,0.00265228,0.01930210,0.07286544,0.00488558,0.03238128,0.01299852,0.01393622,0.01041691,0.01727814,0.01510292,0.05243566,0.01201923,0.02718027,0.03320204,0.00199707,0.05567596,0.01649477
1983-11,0.00138404,0.02390852,0.00760949,0.00455959,0.01200778,0.00475541,0.00498452,0.01545061,0.04633346,0.00771816,0.00788158,0.01189978,0.04008849,0.03622169,0.00214574,0.00329036,0.01893491,0.00352193,0.01243312,0.00131949,0.02142645,0.01098433,0.03731042,0.01030808,0.00243625,0.00335005,0.00248932,0.00418631,0.00109782,0.11654541,0.07990081,0.04822304,0.00260132,0.01804079,0.07121382,0.00428120,0.03105306,0.01178422,0.01425352,0.01091974,0.01806941,0.01470823,0.05343109,0.01198493,0.02606003,0.03366918,0.00195881,0.05593111,0.01533261
1983-12,0.00141092,0.02379949,0.00790908,0.00425506,0.01177940,0.00486136,0.00487168,0.01543912,0.04871805,0.00764240,0.00745203,0.01128546,0.03776326,0.03603573,0.00210700,0.00348313,0.01989898,0.00357179,0.01328506,0.00131079,0.02218716,0.01186247,0.03629874,0.01110844,0.00252488,0.00336957,0.00286695,0.00431955,0.00110400,0.11217109,0.07612923,0.04860992,0.00273279,0.01845673,0.06768054,0.00456298,0.03270565,0.01265440,0.01561407,0.01103296,0.01887718,0.01502338,0.05422163,0.01236658,0.02725945,0.03405024,0.00200764,0.05573826,0.01558373
1984-01,0.00145167,0.02420578,0.00794227,0.00419640,0.01233843,0.00488727,0.00529784,0.01536085,0.04964868,0.00745347,0.00765195,0.01106101,0.03664739,0.03547444,0.00212038,0.00346335,0.01999477,0.00356326,0.01365304,0.00132959,0.02280463,0.01201769,0.03716382,0.01110362,0.00256562,0.00331265,0.00286008,0.00430656,0.00105120,0.11644757,0.07286031,0.04794961,0.00277207,0.01828859,0.07053874,0.00443253,0.03230456,0.01319605,0.01553454,0.01101703,0.01771379,0.01507387,0.05173454,0.01181102,0.02742086,0.03398310,0.00195986,0.05462280,0.01541083
1984-02,0.00151049,0.02519506,0.00777362,0.00419767,0.01313656,0.00455728,0.00545351,0.01474446,0.04746480,0.00700529,0.00749518,0.01059216,0.03723139,0.03442689,0.00217192,0.00336065,0.01952723,0.00357902,0.01356541,0.00131798,0.02289372,0.01160255,0.03612890,0.01111176,0.00241689,0.00320045,0.00287394,0.00444783,0.00107595,0.12940600,0.07454858,0.05064579,0.00261375,0.01740729,0.06750269,0.00390095,0.03063451,0.01260373,0.01484864,0.01078545,0.01719923,0.01463785,0.04895740,0.01146638,0.02846263,0.03257131,0.00193422,0.05522707,0.01458795
1984-03,0.00130250,0.02476047,0.00786294,0.00405799,0.01270400,0.00451562,0.00523248,0.01405252,0.04718108,0.00725348,0.00756700,0.01040647,0.03892587,0.03349465,0.00214142,0.00325658,0.01901767,0.00364907,0.01317384,0.00129162,0.02191404,0.01129596,0.03501874,0.01086685,0.00235629,0.00298857,0.00345021,0.00466079,0.00107630,0.13430912,0.07527011,0.05141820,0.00257870,0.01712732,0.06771128,0.00378402,0.02983104,0.01202324,0.01475243,0.01087066,0.01675666,0.01470756,0.04917354,0.01137857,0.02793599,0.03365539,0.00188632,0.05494499,0.01440990
1984-04,0.00133940,0.02455077,0.00817433,0.00397294,0.01230789,0.00457115,0.00574182,0.01483743,0.04773638,0.00717623,0.00762329,0.01002371,0.03833674,0.03512129,0.00218574,0.00292205,0.01969098,0.00373986,0.01360357,0.00134164,0.02272390,0.01114928,0.03388485,0.01034813,0.00227502,0.00307331,0.00342159,0.00494501,0.00109107,0.13327776,0.07384248,0.04813939,0.00256039,0.01744398,0.06856439,0.00358473,0.02998702,0.01227692,0.01583821,0.01072581,0.01686036,0.01500395,0.04886000,0.01172459,0.02688297,0.03532440,0.00190429,0.05509285,0.01419615
1984-05,0.00128609,0.02445950,0.00829957,0.00399675,0.01209456,0.00477092,0.00537881,0.01515951,0.04750022,0.00712863,0.00804919,0.01033858,0.03878408,0.03544620,0.00221810,0.00290405,0.01913445,0.00354485,0.01277202,0.00136232,0.02232030,0.01146223,0.03419110,0.01043329,0.00243615,0.00315352,0.00308075,0.00475507,0.00111346,0.13828422,0.07304035,0.04849822,0.00247492,0.01706411,0.06885330,0.00323201,0.02974250,0.01203039,0.01554082,0.01100322,0.01618558,0.01486646,0.04896812,0.01149317,0.02644712,0.03394011,0.00184675,0.05497413,0.01394023
1984-06,0.00129925,0.02512845,0.00881317,0.00419825,0.01266751,0.00455466,0.00557721,0.01550244,0.04916330,0.00704214,0.00815944,0.00942215,0.03870206,0.03477804,0.00218717,0.00282691,0.01841370,0.00335368,0.01222856,0.00146123,0.02173006,0.01106680,0.03367630,0.01083703,0.00238540,0.00305336,0.00313821,0.00472066,0.00113406,0.13780247,0.07599643,0.04955911,0.00253108,0.01721064,0.06886571,0.00310082,0.02984390,0.01191753,0.01479854,0.01127185,0.01630986,0.01462967,0.04905709,0.01176449,0.02504750,0.03261504,0.00189134,0.05500764,0.01355808
1984-07,0.00136380,0.02324269,0.00835206,0.00405001,0.01239464,0.00439605,0.00560788,0.01665386,0.04858576,0.00694158,0.00953005,0.00970432,0.03853050,0.03411385,0.00234388,0.00287594,0.01824275,0.00340359,0.01182507,0.00142850,0.02101099,0.01170460,0.03495867,0.01145214,0.00223746,0.00308037,0.00280673,0.00418179,0.00113509,0.11868929,0.07540200,0.03797798,0.00296865,0.01881579,0.06735270,0.00475147,0.03021705,0.01251446,0.01574564,0.01194911,0.01754227,0.01524146,0.05268243,0.01340724,0.02708044,0.02889879,0.00207441,0.08018973,0.01034448
1984-08,0.00138380,0.02309189,0.00881077,0.00405517,0.01272654,0.00458650,0.00543681,0.01676544,0.04951740,0.00642744,0.00983129,0.00967170,0.03724185,0.03403139,0.00227099,0.00264069,0.01812022,0.00335265,0.01095468,0.00131307,0.02035853,0.01163560,0.03714801,0.01217596,0.00228967,0.00328857,0.00229641,0.00365261,0.00105065,0.11196371,0.07667366,0.03991546,0.00312000,0.01832239,0.06934427,0.00413911,0.02929036,0.01229206,0.01677122,0.01199886,0.01744653,0.01461906,0.05432252,0.01339917,0.02785676,0.02883948,0.00197713,0.08136337,0.01021860
1984-09,0.00138991,0.02274749,0.00819213,0.00385949,0.01257879,0.00488652,0.00523692,0.01674909,0.04798534,0.00637536,0.01035637,0.00998330,0.03622327,0.03484831,0.00228490,0.00258793,0.01856750,0.00331596,0.01129765,0.00131816,0.02075688,0.01211683,0.03665564,0.01250460,0.00247146,0.00332566,0.00237252,0.00398492,0.00106866,0.11444829,0.07417605,0.03862246,0.00319019,0.01812609,0.07082120,0.00443781,0.03064669,0.01257023,0.01662815,0.01200843,0.01750501,0.01506920,0.05356935,0.01307536,0.02795079,0.02972077,0.00197788,0.07920614,0.01020834
1984-10,0.00134332,0.02350809,0.00843154,0.00389391,0.01307540,0.00424916,0.00531967,0.01603022,0.04727096,0.00630669,0.00954324,0.00953020,0.03521082,0.03385937,0.00217894,0.00251984,0.01859308,0.00344218,0.01094775,0.00125799,0.02050041,0.01144977,0.03767490,0.01224023,0.00237292,0.00318300,0.00247645,0.00381620,0.00106980,0.11748862,0.07745216,0.03949766,0.00317878,0.01756495,0.06987852,0.00418184,0.02859807,0.01179406,0.01588125,0.01160353,0.01766957,0.01505561,0.05294885,0.01297533,0.02928145,0.03058919,0.00201953,0.08089362,0.01015135
1984-11,0.00132704,0.02393461,0.00876556,0.00410945,0.01356460,0.00414291,0.00523497,0.01603261,0.04821279,0.00615221,0.00957639,0.00945684,0.03650707,0.03357820,0.00219135,0.00256240,0.01871695,0.00344190,0.01078073,0.00126146,0.01996308,0.01159322,0.03869805,0.01305994,0.00251909,0.00345794,0.00229071,0.00354899,0.00098254,0.10927108,0.08007473,0.03938278,0.00320438,0.01744114,0.07056418,0.00395505,0.02682519,0.01157389,0.01643542,0.01204253,0.01819514,0.01524147,0.05226161,0.01309708,0.02947425,0.03156794,0.00208236,0.08166196,0.00998422
1984-12,0.00141332,0.02449243,0.00861063,0.00418432,0.01400661,0.00392038,0.00533087,0.01650584,0.04845075,0.00590024,0.00920323,0.00985197,0.03727320,0.03382646,0.00216641,0.00261451,0.01909136,0.00346783,0.01079567,0.00122655,0.01987022,0.01126653,0.03798957,0.01231321,0.00262208,0.00348790,0.00224481,0.00368228,0.00103516,0.10960051,0.08347241,0.04005595,0.00299488,0.01718179,0.06913087,0.00383767,0.02600552,0.01107987,0.01552626,0.01052098,0.01819125,0.01523930,0.05078997,0.01280280,0.03016565,0.03235973,0.00204882,0.08262122,0.00953022
1985-01,0.00150843,0.02462597,0.00848688,0.00417940,0.01391886,0.00396327,0.00521008,0.01645550,0.04878777,0.00559825,0.00885247,0.00972624,0.03785420,0.03329380,0.00212802,0.00261754,0.01912260,0.00323847,0.01081633,0.00117176,0.01967989,0.01153197,0.03893023,0.01253958,0.00270799,0.00367656,0.00190770,0.00346813,0.00096690,0.10604162,0.08344812,0.04089356,0.00302486,0.01743263,0.06960287,0.00394192,0.02589512,0.01119154,0.01570642,0.01044734,0.01853423,0.01542110,0.04922582,0.01284357,0.03113385,0.03337158,0.00202798,0.08329671,0.00955436
1985-02,0.00143220,0.02151545,0.00768739,0.00404611,0.01315675,0.00407129,0.00560588,0.01709722,0.04849009,0.00580994,0.00941496,0.00995187,0.03700457,0.03298766,0.00220962,0.00261797,0.01956976,0.00351502,0.01104208,0.00119922,0.02036205,0.01210692,0.03921478,0.01278283,0.00275255,0.00354129,0.00194673,0.00363865,0.00097190,0.10402985,0.07869620,0.04001230,0.00319348,0.01801442,0.07184724,0.00446369,0.02680787,0.01170202,0.01538463,0.01041776,0.01884512,0.01646092,0.05133217,0.01264482,0.03134277,0.03389203,0.00201804,0.08311340,0.01003850
1985-03,0.00149358,0.02241328,0.00814358,0.00402977,0.01423291,0.00397556,0.00584664,0.01684862,0.04766915,0.00583466,0.00966230,0.01009046,0.03759943,0.03309886,0.00216481,0.00266301,0.01908396,0.00344666,0.01082116,0.00118008,0.02000347,0.01178910,0.03757170,0.01343482,0.00277962,0.00298655,0.00181591,0.00354358,0.00095067,0.10613729,0.07827461,0.04059448,0.00314163,0.01799100,0.06938595,0.00461301,0.02593436,0.01139122,0.01525825,0.01022630,0.01910135,0.01629356,0.05174847,0.01300623,0.03109752,0.03505639,0.00200194,0.08331226,0.01026026
1985-04,0.00151699,0.02378781,0.00908296,0.00423672,0.01470506,0.00390159,0.00604631,0.01772782,0.04634081,0.00588880,0.00966607,0.01037562,0.03940337,0.03181833,0.00211353,0.00256632,0.01815793,0.00335123,0.01050891,0.00117840,0.01912941,0.01122539,0.03567635,0.01298957,0.00264996,0.00281570,0.00221457,0.00362624,0.00091846,0.10827844,0.08292430,0.04276405,0.00303561,0.01764859,0.06507730,0.00427580,0.02535547,0.01057940,0.01482853,0.01024290,0.01858493,0.01623169,0.05137672,0.01324895,0.03138947,0.03485243,0.00190231,0.08344312,0.01033975
1985-05,0.00160609,0.02329382,0.00896142,0.00432688,0.01357329,0.00372854,0.00618999,0.01784811,0.04597141,0.00589481,0.00927051,0.01022669,0.03911098,0.03218127,0.00207272,0.00249296,0.01775780,0.00334896,0.01001586,0.00115401,0.01852950,0.01096451,0.03423796,0.01276560,0.00241472,0.00273501,0.00208183,0.00361930,0.00090051,0.11274969,0.08425843,0.04317801,0.00303736,0.01749414,0.06351768,0.00403337,0.02419888,0.01010787,0.01506218,0.01004423,0.01803436,0.01614441,0.05148865,0.01334458,0.03244112,0.03597009,0.00189972,0.08542978,0.01029039
1985-06,0.00139029,0.02554451,0.00881722,0.00441595,0.01287512,0.00383303,0.00617732,0.01810861,0.04506276,0.00615298,0.00969601,0.01032562,0.04086355,0.03285990,0.00210513,0.00245780,0.01789362,0.00328779,0.00943643,0.00107640,0.01827411,0.01116577,0.03479900,0.01325771,0.00243736,0.00287684,0.00201695,0.00338286,0.00090034,0.10718800,0.08268936,0.04387110,0.00317003,0.01743786,0.06211460,0.00383381,0.02355235,0.00992845,0.01515544,0.00941320,0.01909655,0.01618743,0.05422874,0.01355680,0.03243665,0.03668900,0.00183403,0.08575245,0.01037319
1985-07,0.00158689,0.02465216,0.00875426,0.00444287,0.01244651,0.00425114,0.00661059,0.01810867,0.04538189,0.00607991,0.01163220,0.01040521,0.04024842,0.03204492,0.00220561,0.00258929,0.01854201,0.00350253,0.01048713,0.00086672,0.01834371,0.01147734,0.03548583,0.01327307,0.00219976,0.00291807,0.00218983,0.00360053,0.00084317,0.08685833,0.08755928,0.04698699,0.00354793,0.01905477,0.06026677,0.00437272,0.02480634,0.01039552,0.01522748,0.00955424,0.01901415,0.01383137,0.05480117,0.01310011,0.03580789,0.03802267,0.00206672,0.09289791,0.00665739
1985-08,0.00165177,0.02356429,0.00884378,0.00451278,0.01185426,0.00428010,0.00654186,0.01755247,0.04667269,0.00620447,0.01129833,0.01069256,0.04021074,0.03344630,0.00226797,0.00268714,0.01913806,0.00362075,0.01134609,0.00089959,0.01912729,0.01200663,0.03606112,0.01381899,0.00225962,0.00305584,0.00226033,0.00392565,0.00087822,0.08645715,0.08230238,0.04483136,0.00361694,0.01916737,0.06367173,0.00447569,0.02552242,0.01108931,0.01594343,0.00986200,0.01968791,0.01391587,0.05184650,0.01310029,0.03513984,0.03763680,0.00210819,0.09209300,0.00685211
1985-09,0.00163300,0.02465613,0.00900208,0.00462880,0.01163906,0.00433533,0.00697163,0.01737137,0.04568858,0.00640032,0.01066795,0.01091550,0.04053217,0.03318776,0.00223078,0.00273800,0.01885481,0.00352119,0.01122996,0.00083073,0.01882567,0.01212880,0.03534474,0.01351796,0.00232619,0.00297849,0.00231173,0.00386912,0.00089829,0.08782041,0.08409951,0.04554798,0.00360891,0.01921872,0.06260821,0.00409915,0.02534206,0.01058325,0.01577346,0.00978669,0.01890050,0.01386377,0.05202901,0.01298873,0.03526518,0.03748017,0.00207505,0.09269817,0.00697492
1985-10,0.00157160,0.02493857,0.00937649,0.00483017,0.01124764,0.00431662,0.00718788,0.01724820,0.04640235,0.00549926,0.00991439,0.01103860,0.04182633,0.03365348,0.00229463,0.00285025,0.01907563,0.00342904,0.01126558,0.00086672,0.01885019,0.01234020,0.03332719,0.01312533,0.00220968,0.00295283,0.00219505,0.00366488,0.00094736,0.09117003,0.08320946,0.04450347,0.00349637,0.01895409,0.06381284,0.00399883,0.02495303,0.01020309,0.01583724,0.00997932,0.01856763,0.01391303,0.05237284,0.01289670,0.03458380,0.03759996,0.00211969,0.09274890,0.00663357
1985-11,0.00156048,0.02486129,0.00935688,0.00489463,0.01065348,0.00378982,0.00748096,0.01707545,0.04652528,0.00564662,0.00903433,0.01104747,0.04016525,0.03391589,0.00221840,0.00287674,0.01894125,0.00324772,0.01033181,0.00083906,0.01837584,0.01239667,0.03250688,0.01270465,0.00198629,0.00285520,0.00206328,0.00341863,0.00092882,0.09231216,0.08447081,0.04427289,0.00350829,0.01906990,0.06385964,0.00389987,0.02432617,0.00952617,0.01546712,0.00988597,0.01819015,0.01383843,0.05399616,0.01270171,0.03653044,0.03910950,0.00209922,0.09460480,0.00663150
1985-12,0.00153820,0.02247746,0.00997397,0.00471723,0.01099299,0.00394950,0.00738615,0.01723052,0.04887663,0.00577432,0.00884014,0.00939936,0.04113407,0.03369574,0.00224547,0.00268437,0.01944980,0.00321263,0.01031702,0.00080931,0.01830754,0.01251696,0.03290562,0.01264844,0.00201961,0.00289822,0.00201317,0.00343465,0.00089262,0.08663355,0.08234870,0.04487826,0.00352525,0.01935901,0.06516601,0.00413077,0.02464312,0.01006148,0.01575335,0.01013750,0.01812760,0.01419201,0.05460711,0.01309237,0.03689003,0.04031231,0.00206847,0.09503875,0.00669263
1986-01,0.00161916,0.02207274,0.00990457,0.00511456,0.01159360,0.00403537,0.00740471,0.01779711,0.04841893,0.00559733,0.00903037,0.00951888,0.04070035,0.03458726,0.00228252,0.00278282,0.01968026,0.00319690,0.01021749,0.00079319,0.01828390,0.01245012,0.03337410,0.01250782,0.00196327,0.00293749,0.00184831,0.00323403,0.00083422,0.07969827,0.08217911,0.04484845,0.00349929,0.01963581,0.06889686,0.00434247,0.02545468,0.01012570,0.01595630,0.01021834,0.01759178,0.01452683,0.05454176,0.01308369,0.03781932,0.03967822,0.00204465,0.09519291,0.00688417
1986-02,0.00174091,0.02239661,0.00972362,0.00503032,0.01213718,0.00409919,0.00761678,0.01751262,0.04740333,0.00565960,0.00859780,0.00976839,0.04107169,0.03497306,0.00241371,0.00283979,0.01989278,0.00324351,0.01035910,0.00080079,0.01852889,0.01239483,0.03463326,0.01235722,0.00200604,0.00288755,0.00201888,0.00319033,0.00080846,0.07353827,0.08438048,0.04101692,0.00355097,0.01951920,0.06770017,0.00424863,0.02548456,0.01043312,0.01661404,0.01032877,0.01847290,0.01472768,0.05504123,0.01311372,0.03832527,0.04165710,0.00199588,0.09665023,0.00709465
1986-03,0.00185509,0.02255022,0.01015122,0.00502354,0.01268048,0.00425280,0.00751264,0.01871825,0.04883039,0.00579447,0.00835859,0.00889947,0.04130534,0.03642157,0.00245033,0.00291911,0.02038170,0.00344959,0.01016203,0.00080851,0.01878638,0.01254624,0.03554073,0.01275890,0.00202542,0.00283891,0.00168868,0.00291920,0.00073411,0.06719786,0.08339317,0.04112938,0.00357856,0.01965018,0.06468823,0.00418099,0.02575696,0.01059814,0.01687360,0.01060987,0.01839910,0.01498283,0.05494687,0.01342606,0.03972394,0.04180115,0.00199236,0.09734178,0.00736505
1986-04,0.00181557,0.02311149,0.01066909,0.00525328,0.01340280,0.00426299,0.00703901,0.01872383,0.04897758,0.00583607,0.00849369,0.00949567,0.04428865,0.03664284,0.00247257,0.00300253,0.02115584,0.00374806,0.01004475,0.00081476,0.01868091,0.01240502,0.03738707,0.01259850,0.00206365,0.00277299,0.00150223,0.00294355,0.00078068,0.06446089,0.08195235,0.04043790,0.00358334,0.01990815,0.06151451,0.00388401,0.02426694,0.00995600,0.01671302,0.01067883,0.01806470,0.01516128,0.05701589,0.01362692,0.04014280,0.04180970,0.00207047,0.09690554,0.00746110
1986-05,0.00194381,0.02320091,0.01132886,0.00516737,0.01410589,0.00432471,0.00773113,0.01873161,0.04880447,0.00575881,0.00839989,0.01040399,0.04471624,0.03769920,0.00255920,0.00297310,0.02034361,0.00377538,0.00963000,0.00082057,0.01880883,0.01248015,0.03513375,0.01221902,0.00196681,0.00290072,0.00137512,0.00290449,0.00075335,0.06579807,0.07835965,0.04182594,0.00374315,0.02056564,0.06451942,0.00438505,0.02549399,0.01037715,0.01650169,0.01074090,0.01785778,0.01567448,0.05735977,0.01427823,0.04038443,0.03970531,0.00205876,0.09218786,0.00722173
1986-06,0.00187606,0.02395385,0.01168496,0.00526298,0.01479059,0.00426138,0.00782978,0.01986404,0.04839444,0.00581313,0.00827243,0.01035746,0.04626428,0.03797857,0.00266330,0.00295496,0.02011230,0.00380847,0.00933421,0.00079521,0.01812241,0.01207566,0.03441327,0.01188513,0.00192427,0.00291716,0.00132650,0.00289743,0.00072822,0.06685515,0.07704251,0.04140823,0.00353380,0.02075817,0.06202973,0.00431784,0.02416331,0.01016095,0.01668716,0.01075472,0.01716950,0.01575629,0.06062714,0.01443480,0.04007491,0.04004175,0.00189587,0.09243677,0.00728895
1986-07,0.00125981,0.02505197,0.01149201,0.00537733,0.00977190,0.00409854,0.00896299,0.01878083,0.04674668,0.00654882,0.00809956,0.01072402,0.05069880,0.03278267,0.00261576,0.00292110,0.01889379,0.00349447,0.00985129,0.00094262,0.01565251,0.01285750,0.03385939,0.01171279,0.00179308,0.00271010,0.00194385,0.00275924,0.00076099,0.06222143,0.07983250,0.04279742,0.00427606,0.02003197,0.05975296,0.00378622,0.02108326,0.00855847,0.01583119,0.01109312,0.01702497,0.01291809,0.06310218,0.01455392,0.03868319,0.04482969,0.00517144,0.10611448,0.00517303
1986-08,0.00117139,0.02569443,0.01138589,0.00554826,0.01014638,0.00406324,0.00808294,0.01846329,0.04589153,0.00636279,0.00796754,0.01058687,0.05158374,0.03245473,0.00254936,0.00278206,0.01855573,0.00331610,0.00872977,0.00091730,0.01516559,0.01271503,0.03307954,0.01141354,0.00173663,0.00255454,0.00221448,0.00266105,0.00078324,0.06263836,0.08919268,0.04403669,0.00416232,0.01910988,0.05889115,0.00355663,0.02053565,0.00851036,0.01585817,0.01154016,0.01639490,0.01245466,0.05956199,0.01373880,0.03851004,0.04578165,0.00514757,0.10658188,0.00521947
1986-09,0.00112326,0.02503103,0.01084897,0.00512871,0.00998183,0.00415777,0.00748643,0.01784863,0.04496169,0.00618303,0.00759465,0.01068625,0.05026426,0.03245461,0.00245547,0.00265065,0.01906333,0.00263162,0.00900670,0.00087384,0.01528134,0.01293442,0.03309813,0.01128655,0.00170878,0.00265696,0.00241553,0.00291200,0.00080235,0.06844913,0.09030360,0.04439436,0.00425023,0.01878553,0.05901663,0.00349062,0.02012084,0.00898948,0.01638803,0.01146657,0.01611245,0.01201192,0.05659639,0.01311788,0.03873655,0.04673517,0.00493245,0.10716209,0.00541127
1986-10,0.00112611,0.02411569,0.01024189,0.00514369,0.00964566,0.00409069,0.00734237,0.01750367,0.04439689,0.00603490,0.00771180,0.01045807,0.04735482,0.03366554,0.00237164,0.00270660,0.01955494,0.00275964,0.01032265,0.00096480,0.01537489,0.01300861,0.03369798,0.01132995,0.00177255,0.00275798,0.00285887,0.00325594,0.00083687,0.07427384,0.08938630,0.04372423,0.00445147,0.01806425,0.05911757,0.00350925,0.02020816,0.00863680,0.01686470,0.01145457,0.01766564,0.01200030,0.05667378,0.01318477,0.03799289,0.04523753,0.00483175,0.10505307,0.00526344
1986-11,0.00105284,0.02563674,0.01053418,0.00531659,0.01021208,0.00394141,0.00772796,0.01779356,0.04585450,0.00624350,0.00763798,0.01069092,0.04929571,0.03443916,0.00248547,0.00273184,0.01984275,0.00262236,0.01025823,0.00090083,0.01395802,0.01299270,0.03480652,0.01102414,0.00172401,0.00257602,0.00272511,0.00310069,0.00079343,0.07232872,0.08886157,0.04368696,0.00456270,0.01828906,0.05491692,0.00383856,0.02026643,0.00848396,0.01662634,0.01158928,0.01796568,0.01218666,0.05759483,0.01346480,0.03722734,0.04380032,0.00486615,0.10478551,0.00573895
1986-12,0.00104377,0.02552999,0.01045481,0.00526952,0.01012544,0.00392034,0.00728520,0.01765689,0.04823223,0.00619943,0.00700116,0.01041444,0.05013137,0.03533951,0.00248008,0.00293897,0.01966235,0.00257993,0.00938132,0.00090826,0.01410981,0.01323405,0.03493802,0.01118993,0.00174247,0.00266694,0.00280244,0.00308512,0.00080188,0.07341265,0.08811940,0.04504721,0.00460102,0.01846230,0.05632968,0.00398106,0.02053593,0.00889236,0.01629295,0.01185006,0.01735550,0.01221547,0.05643236,0.01345460,0.03654595,0.04222157,0.00462041,0.10266173,0.00584214
1987-01,0.00104449,0.02529243,0.01083440,0.00524363,0.01014408,0.00374895,0.00726591,0.01769442,0.05032424,0.00595587,0.00650503,0.01049157,0.05211070,0.03493955,0.00249096,0.00305878,0.02002159,0.00230812,0.00925263,0.00059805,0.01457442,0.01290051,0.03402432,0.01122964,0.00167209,0.00237260,0.00280661,0.00319055,0.00079181,0.07578223,0.08787921,0.04471215,0.00464191,0.01870761,0.05589302,0.00401896,0.02051698,0.00898500,0.01635054,0.01256371,0.01613730,0.01219935,0.05264576,0.01322243,0.03698368,0.04301141,0.00470398,0.10228964,0.00586718
1987-02,0.00100496,0.02505164,0.01109009,0.00569065,0.01092895,0.00401340,0.00767019,0.01803634,0.05105789,0.00588499,0.00613730,0.01060355,0.05270362,0.03578589,0.00254668,0.00236923,0.02094685,0.00228480,0.00929969,0.00058574,0.01477059,0.01339348,0.03596499,0.01034386,0.00162661,0.00235481,0.00275671,0.00333628,0.00075055,0.07690347,0.08511191,0.04175049,0.00514257,0.01889294,0.05754399,0.00446277,0.02108753,0.00866802,0.01805063,0.01274708,0.01546282,0.01182928,0.05136665,0.01292923,0.03582231,0.04168507,0.00460566,0.10067277,0.00627447
1987-03,0.00103778,0.02502786,0.01116400,0.00562780,0.01019332,0.00420295,0.00806021,0.01913868,0.05082628,0.00640805,0.00642275,0.01143558,0.05512252,0.03493749,0.00256789,0.00241613,0.02078690,0.00236552,0.00954653,0.00061811,0.01518654,0.01344471,0.03555619,0.01058434,0.00165283,0.00237698,0.00316438,0.00354222,0.00071817,0.07185634,0.07951238,0.04008726,0.00503511,0.01916972,0.06056879,0.00476616,0.02196613,0.00905213,0.01742619,0.01246902,0.01533935,0.01195618,0.05496481,0.01364458,0.03618399,0.04306979,0.00467906,0.09785371,0.00626657
1987-04,0.00104576,0.02517737,0.01120786,0.00558405,0.01004635,0.00434335,0.00794692,0.01867649,0.05088215,0.00637118,0.00673353,0.01123993,0.05389528,0.03619769,0.00256184,0.00242419,0.02123232,0.00246820,0.01016252,0.00062389,0.01495943,0.01324252,0.03723208,0.01022049,0.00150952,0.00244405,0.00394021,0.00379972,0.00070040,0.07914308,0.07650954,0.03976482,0.00458583,0.01904648,0.06202050,0.00496990,0.02138146,0.00899246,0.01819568,0.01104951,0.01480317,0.01193744,0.05509682,0.01397542,0.03493666,0.03989959,0.00465172,0.09576851,0.00640213
1987-05,0.00104487,0.02426421,0.01066371,0.00594941,0.00996154,0.00470827,0.00816058,0.01837811,0.05047969,0.00619390,0.00642721,0.01116540,0.05398930,0.03740913,0.00253823,0.00262385,0.02086671,0.00233056,0.01069450,0.00057609,0.01446180,0.01343579,0.04093664,0.00932807,0.00139059,0.00254757,0.00419513,0.00403593,0.00070739,0.08053103,0.07444476,0.03948975,0.00446893,0.01873282,0.06744437,0.00533718,0.02206326,0.00923490,0.01796409,0.01092911,0.01415578,0.01166712,0.05469368,0.01347053,0.03418233,0.03798616,0.00448693,0.09299362,0.00625949
1987-06,0.00089966,0.02502271,0.01100317,0.00564983,0.01005267,0.00454442,0.00826863,0.01919192,0.05100910,0.00610107,0.00663722,0.01108508,0.05447349,0.03747245,0.00260835,0.00284290,0.02022277,0.00229424,0.01111516,0.00056873,0.01467344,0.01334224,0.03979933,0.00932229,0.00138807,0.00253413,0.00389338,0.00397180,0.00073812,0.08226877,0.07247388,0.04072472,0.00427413,0.01896725,0.06672578,0.00559234,0.02149811,0.01007384,0.01690480,0.01077905,0.01513160,0.01148939,0.05479797,0.01343647,0.03324463,0.03712301,0.00438357,0.09247085,0.00691350
1987-07,0.00095914,0.02737020,0.01123972,0.00521984,0.00972892,0.00513694,0.00881403,0.02384126,0.05062937,0.00647281,0.00711546,0.01063641,0.05274578,0.03791798,0.00305988,0.00291862,0.01972862,0.00270002,0.01148009,0.00056087,0.01461601,0.01296357,0.03545434,0.00934461,0.00143238,0.00244822,0.00416968,0.00678770,0.00072092,0.07952001,0.07061943,0.04789553,0.00466090,0.01926416,0.06165598,0.00697911,0.02067150,0.00908311,0.01694417,0.01090538,0.01620734,0.01188108,0.05814873,0.01352941,0.03817322,0.03848853,0.00418192,0.07606496,0.00891214
1987-08,0.00089293,0.02683503,0.01150508,0.00544483,0.01022081,0.00516308,0.00906509,0.02449276,0.05105357,0.00653455,0.00718109,0.01044028,0.05413947,0.03723861,0.00308892,0.00293404,0.02043795,0.00270569,0.01320183,0.00056417,0.01563324,0.01303996,0.03623183,0.01003768,0.00144713,0.00246598,0.00486576,0.00754957,0.00073210,0.07898844,0.06657746,0.04861710,0.00455955,0.01891522,0.05934684,0.00650420,0.02084553,0.00881802,0.01700703,0.01094319,0.01625183,0.01196489,0.05948049,0.01334585,0.03655097,0.03739634,0.00419814,0.07512499,0.00942090
1987-09,0.00088541,0.02643126,0.01167540,0.00536060,0.01173603,0.00543990,0.00911274,0.02348336,0.05204568,0.00638845,0.00654295,0.01060710,0.05350490,0.03681408,0.00311856,0.00275279,0.02025317,0.00260514,0.01219057,0.00057770,0.01522436,0.01305682,0.03639543,0.00976792,0.00141371,0.00244210,0.00373575,0.00629482,0.00074452,0.07733567,0.06638146,0.04899234,0.00461376,0.01887510,0.06165965,0.00676376,0.02117307,0.00911518,0.01751003,0.01100949,0.01569990,0.01183678,0.05922499,0.01324306,0.03695410,0.03932469,0.00418599,0.07619571,0.00930404
1987-10,0.00090490,0.02608463,0.01174666,0.00554565,0.01202585,0.00546111,0.00914685,0.02336422,0.05273409,0.00600827,0.00650749,0.01038134,0.05358182,0.03740267,0.00298319,0.00208475,0.02062587,0.00260733,0.01301016,0.00058606,0.01621366,0.01368792,0.03485589,0.00977363,0.00143996,0.00243179,0.00404470,0.00676046,0.00071942,0.07625063,0.06616770,0.05166349,0.00452842,0.01950923,0.05927354,0.00719106,0.02212053,0.00963539,0.01756628,0.01145319,0.01576547,0.01154749,0.05632985,0.01293329,0.03595666,0.03940796,0.00432006,0.07651755,0.00914188
1987-11,0.00078357,0.02778116,0.01280630,0.00588957,0.01217581,0.00446461,0.00807109,0.02345952,0.05345760,0.00536693,0.00577165,0.01016196,0.05620886,0.03493543,0.00269226,0.00183157,0.01923829,0.00231089,0.01170210,0.00055757,0.01433753,0.01205188,0.03268721,0.00881361,0.00126168,0.00228740,0.00362550,0.00585347,0.00065100,0.07981402,0.07952791,0.05799097,0.00421260,0.01824284,0.05853114,0.00678311,0.02036045,0.00873091,0.01676481,0.01063998,0.01461881,0.01066693,0.05124436,0.01279781,0.03601739,0.04240862,0.00432381,0.07642984,0.00865768
1987-12,0.00080426,0.02767715,0.01271770,0.00606250,0.01213958,0.00431319,0.00820649,0.02335177,0.05196167,0.00506407,0.00589812,0.01019612,0.05473698,0.03564224,0.00274815,0.00188244,0.01995842,0.00226356,0.01297946,0.00058981,0.01471033,0.01217574,0.03321691,0.00861428,0.00127719,0.00244570,0.00472078,0.00627335,0.00068545,0.07669996,0.08368210,0.05740831,0.00406319,0.01801525,0.05721097,0.00650037,0.01970168,0.00861538,0.01755954,0.01104236,0.01399766,0.01100900,0.04996753,0.01290885,0.03588077,0.04208643,0.00429804,0.07750047,0.00853873
1988-01,0.00079581,0.02790720,0.01250667,0.00641246,0.01179505,0.00472263,0.00851988,0.02377730,0.05197752,0.00510321,0.00579529,0.01017473,0.05399012,0.03825259,0.00295996,0.00200383,0.02030322,0.00226638,0.01346177,0.00059232,0.01537367,0.01293619,0.03402802,0.00851351,0.00135661,0.00237374,0.00439044,0.00645126,0.00071015,0.07673782,0.07839362,0.05553158,0.00447988,0.01902164,0.05829115,0.00747321,0.02069246,0.00975401,0.01817982,0.01153184,0.01395875,0.01139500,0.04910836,0.01305969,0.03446827,0.04049346,0.00413922,0.07470632,0.00913238
1988-02,0.00078876,0.02780979,0.01224368,0.00614058,0.01164550,0.00426091,0.00833125,0.02325736,0.05032287,0.00529138,0.00571405,0.01030013,0.05534621,0.03588757,0.00290280,0.00195012,0.01912099,0.00227204,0.01249301,0.00057050,0.01508487,0.01235693,0.03482311,0.00937053,0.00139641,0.00241889,0.00329227,0.00597199,0.00068345,0.07994048,0.08230454,0.05842495,0.00442812,0.01827481,0.05421846,0.00672777,0.01950274,0.00924844,0.01704445,0.01062367,0.01396189,0.01131060,0.05040819,0.01297625,0.03634527,0.04202966,0.00409529,0.07755629,0.00853018
1988-03,0.00076529,0.02799672,0.01192077,0.00618023,0.01182658,0.00450069,0.00880593,0.02359481,0.04946883,0.00565612,0.00561437,0.01050296,0.05476659,0.03700368,0.00293575,0.00228327,0.02041915,0.00249331,0.01305281,0.00056940,0.01592002,0.01268847,0.03571002,0.00936202,0.00138688,0.00237477,0.00341941,0.00614163,0.00071099,0.07849967,0.07692443,0.05651796,0.00447678,0.01858016,0.05496285,0.00689443,0.02010965,0.00966871,0.01814330,0.01048650,0.01448083,0.01170973,0.05378077,0.01314443,0.03582578,0.04015111,0.00412511,0.07507845,0.00836790
1988-04,0.00083037,0.02841338,0.01218538,0.00593634,0.01163811,0.00451039,0.00866922,0.02292833,0.04747166,0.00576191,0.00629297,0.01055013,0.05188656,0.03714034,0.00306718,0.00254782,0.02125510,0.00255110,0.01291191,0.00062234,0.01705683,0.01244652,0.03692839,0.00955619,0.00131721,0.00238153,0.00360722,0.00708047,0.00076464,0.08263550,0.07582670,0.05545713,0.00450192,0.01895131,0.05201116,0.00691204,0.02028692,0.00995636,0.01774356,0.01035627,0.01536567,0.01227671,0.05422154,0.01320119,0.03489196,0.03981799,0.00433354,0.07450702,0.00843597
1988-05,0.00078803,0.02840754,0.01209945,0.00576579,0.01154355,0.00467225,0.00877606,0.02262005,0.04657520,0.00566338,0.00628011,0.01014806,0.05052999,0.03738524,0.00310618,0.00253519,0.02073997,0.00254027,0.01348132,0.00064913,0.01733578,0.01254407,0.03780506,0.00964325,0.00137203,0.00244703,0.00354729,0.00722228,0.00080729,0.08586936,0.07483990,0.05509749,0.00430829,0.01869242,0.05375329,0.00691338,0.02058819,0.00986943,0.01778708,0.01042382,0.01501018,0.01219268,0.05488889,0.01305884,0.03477674,0.03886738,0.00453810,0.07328477,0.00820891
1988-06,0.00078271,0.02860412,0.01222682,0.00563469,0.01115271,0.00473032,0.00868906,0.02262035,0.04725070,0.00557149,0.00634247,0.01021432,0.05024957,0.03660283,0.00308102,0.00256343,0.02048910,0.00252834,0.01341398,0.00059477,0.01729833,0.01240051,0.03674865,0.00985724,0.00137210,0.00241348,0.00378256,0.00711214,0.00080931,0.08516096,0.07732728,0.05664529,0.00412162,0.01753682,0.05335360,0.00687109,0.02048197,0.00939530,0.01747232,0.01060227,0.01464922,0.01198210,0.05417493,0.01298889,0.03583982,0.03978878,0.00459470,0.07382930,0.00804664
1988-07,0.00166631,0.03335165,0.00151628,0.01411302,0.01066870,0.00334961,0.01065695,0.01836995,0.02571182,0.00429897,0.00581293,0.00667120,0.05365916,0.04401108,0.00370772,0.00255514,0.01436062,0.00497136,0.01139345,0.00117210,0.02289729,0.02647520,0.03034498,0.01676694,0.00033509,0.00347290,0.00521861,0.00224189,0.00087084,0.07735604,0.07573520,0.07396917,0.00444418,0.01497850,0.06433176,0.00891139,0.02598230,0.00576472,0.02858851,0.00207784,0.02217286,0.01378691,0.05498772,0.00989468,0.05527845,0.04217653,0.00176576,0.02889949,0.00825625
1988-08,0.00163330,0.03482680,0.00147694,0.01386142,0.01148154,0.00329945,0.01074036,0.01858882,0.02642829,0.00399890,0.00559899,0.00647030,0.05487544,0.04280411,0.00369360,0.00259231,0.01323646,0.00498175,0.01139041,0.00119620,0.02142248,0.02574666,0.03043583,0.01699234,0.00032203,0.00341597,0.00526375,0.00219365,0.00084738,0.08112488,0.07612692,0.07464371,0.00428272,0.01498522,0.06183910,0.00845867,0.02509237,0.00547524,0.02799020,0.00210472,0.02172717,0.01360441,0.05535372,0.00958738,0.05590184,0.04276034,0.00176422,0.02920139,0.00816029
1988-09,0.00168886,0.03635797,0.00144527,0.01454078,0.01188376,0.00321134,0.01080510,0.01863921,0.02657387,0.00413475,0.00552345,0.00675933,0.05614317,0.04230203,0.00357244,0.00259774,0.01315042,0.00491603,0.01109435,0.00128156,0.02076893,0.02499543,0.02931621,0.01692224,0.00031278,0.00327067,0.00514311,0.00223049,0.00083347,0.08183089,0.07815067,0.07505785,0.00428871,0.01483652,0.05789013,0.00814103,0.02405244,0.00543339,0.02779788,0.00214006,0.02182789,0.01366150,0.05296278,0.00962720,0.05677330,0.04513109,0.00163190,0.02982438,0.00852566
1988-10,0.00166736,0.03703026,0.00141803,0.01541007,0.01232993,0.00326057,0.01070347,0.01924263,0.02682226,0.00404574,0.00530462,0.00646794,0.05628218,0.04165796,0.00362090,0.00258590,0.01264546,0.00480437,0.01078791,0.00102056,0.02028901,0.02547256,0.02923633,0.01733426,0.00028959,0.00329478,0.00468361,0.00220513,0.00083425,0.07683574,0.07709123,0.07722099,0.00416424,0.01492815,0.05758400,0.00832113,0.02356461,0.00518761,0.02775527,0.00211447,0.02254412,0.01371217,0.05567782,0.01018319,0.05661335,0.04573086,0.00161293,0.02924770,0.00916279
1988-11,0.00166406,0.04365233,0.00144686,0.01529751,0.01221178,0.00321747,0.01079536,0.01931453,0.02704444,0.00416756,0.00533675,0.00622515,0.05645248,0.04146488,0.00352858,0.00256533,0.01249823,0.00468638,0.01077558,0.00104363,0.01990521,0.02493901,0.02988504,0.01740830,0.00028531,0.00333934,0.00457072,0.00220512,0.00083803,0.07732885,0.07781898,0.07827028,0.00404905,0.01489721,0.05771286,0.00777541,0.02288145,0.00500668,0.02570479,0.00222248,0.02206021,0.01331577,0.05448752,0.01002375,0.05544770,0.04516113,0.00159707,0.02881415,0.00865970
1988-12,0.00169260,0.04432519,0.00148887,0.01560580,0.01272688,0.00316670,0.01049178,0.01895156,0.02571463,0.00395779,0.00518136,0.00606583,0.05664909,0.04120288,0.00349760,0.00246473,0.01231741,0.00478948,0.01064185,0.00103432,0.02019845,0.02590047,0.03042924,0.01717987,0.00015906,0.00323128,0.00485991,0.00147777,0.00079586,0.07828531,0.07868375,0.08015747,0.00396762,0.01463590,0.05670245,0.00790938,0.02244676,0.00491699,0.02549193,0.00231580,0.02262714,0.01281161,0.05376547,0.01007727,0.05511955,0.04470039,0.00161172,0.02893289,0.00864234
1989-01,0.00177837,0.03942437,0.00162667,0.01556603,0.01360074,0.00330863,0.01090778,0.01836827,0.02630812,0.00409558,0.00527638,0.00618814,0.05707298,0.04285845,0.00361875,0.00262611,0.01256987,0.00491627,0.01101007,0.00102814,0.02041244,0.02596770,0.03002704,0.01700794,0.00016346,0.00316066,0.00459657,0.00153643,0.00080462,0.07911536,0.07848689,0.07993779,0.00405349,0.01476857,0.05875349,0.00850943,0.02306907,0.00505060,0.02616043,0.00236789,0.02311016,0.01310590,0.05327924,0.01017946,0.05395484,0.04242883,0.00158503,0.02731773,0.00893920
1989-02,0.00173300,0.03697031,0.00163368,0.01548550,0.01351724,0.00342413,0.01094188,0.01861031,0.02583358,0.00407019,0.00539219,0.00615415,0.05754688,0.04380635,0.00355446,0.00270613,0.01262602,0.00488236,0.01158085,0.00101409,0.02005622,0.02643894,0.03061240,0.01702980,0.00016379,0.00316310,0.00432080,0.00152062,0.00088378,0.07918810,0.07514590,0.08150644,0.00401731,0.01486534,0.05971377,0.00872358,0.02303094,0.00486265,0.02638873,0.00230366,0.02389831,0.01308239,0.05343557,0.01011647,0.05339820,0.04272977,0.00156047,0.02747041,0.00888926
1989-03,0.00175927,0.03686846,0.00160755,0.01580648,0.01367698,0.00364393,0.01121974,0.01836639,0.02599177,0.00423229,0.00570130,0.00615469,0.05766702,0.04351744,0.00367332,0.00293711,0.01311464,0.00485324,0.01138810,0.00105867,0.02007296,0.02567988,0.02965398,0.01713027,0.00017352,0.00335645,0.00485815,0.00152483,0.00089380,0.07921424,0.07483240,0.08194825,0.00399778,0.01478582,0.05789711,0.00864736,0.02257261,0.00492780,0.02605644,0.00224919,0.02396237,0.01296408,0.05351022,0.01012536,0.05401655,0.04356604,0.00157872,0.02780086,0.00876456
1989-04,0.00177893,0.03781275,0.00163633,0.01668346,0.01472366,0.00384460,0.01190121,0.01865487,0.02565264,0.00445441,0.00459623,0.00621756,0.05937961,0.04324590,0.00369132,0.00295202,0.01308163,0.00481610,0.01097088,0.00106373,0.02005206,0.02483783,0.02837086,0.01749593,0.00016747,0.00330009,0.00455703,0.00151481,0.00090831,0.08073953,0.07354321,0.08453577,0.00383336,0.01441882,0.05219058,0.00821173,0.02182673,0.00487147,0.02567684,0.00226604,0.02326349,0.01290689,0.05418203,0.01018323,0.05586862,0.04485083,0.00157122,0.02778524,0.00891214
1989-05,0.00178356,0.03803951,0.00157479,0.01703289,0.01475707,0.00365196,0.01230597,0.01908285,0.02576107,0.00439811,0.00471114,0.00635331,0.05937072,0.04327025,0.00368892,0.00295952,0.01328285,0.00478863,0.01082924,0.00108919,0.01977072,0.02556642,0.02681282,0.01743947,0.00017193,0.00315520,0.00409896,0.00150214,0.00093137,0.07894596,0.07266694,0.08771847,0.00371683,0.01466343,0.05188570,0.00851905,0.02205594,0.00498906,0.02592216,0.00217121,0.02340219,0.01282614,0.05458885,0.01041271,0.05517192,0.04437702,0.00145242,0.02719244,0.00914098
1989-06,0.00178780,0.02973879,0.00160927,0.01805964,0.01544350,0.00383511,0.01212567,0.01888654,0.02545684,0.00444559,0.00462106,0.00656346,0.05947368,0.04232459,0.00347738,0.00293305,0.01331350,0.00491189,0.01064106,0.00110872,0.02009828,0.02779509,0.02633682,0.01731525,0.00017192,0.00314894,0.00368792,0.00147710,0.00090213,0.07795350,0.07409240,0.08994278,0.00381157,0.01503393,0.05036490,0.00879046,0.02249984,0.00503208,0.02581715,0.00226676,0.02348928,0.01289966,0.05576317,0.01122912,0.05702301,0.04418877,0.00143856,0.02702894,0.00964353
1989-07,0.00155608,0.03010577,0.00091785,0.01723154,0.01475078,0.00500917,0.01362499,0.01932564,0.02612458,0.00480663,0.00495657,0.00704610,0.05710293,0.04163606,0.00331423,0.00263588,0.01319667,0.00497384,0.01089875,0.00119603,0.02181708,0.02646665,0.02648831,0.01447885,0.00017467,0.00515443,0.00428010,0.00195086,0.00044976,0.07849027,0.07709144,0.09133049,0.00378088,0.01543054,0.04858476,0.00908475,0.01592181,0.00516561,0.02458347,0.00246211,0.02117076,0.01327957,0.05375538,0.01117792,0.05956379,0.04771171,0.00166391,0.02798340,0.01009667
1989-08,0.00169399,0.03119139,0.00088816,0.01877740,0.01573356,0.00514436,0.01377499,0.01913790,0.02607526,0.00489908,0.00510027,0.00716073,0.05828833,0.04136151,0.00334963,0.00263894,0.01267746,0.00501494,0.01084013,0.00116519,0.02180747,0.02721310,0.02568105,0.01451997,0.00016093,0.00506031,0.00390934,0.00184639,0.00042908,0.07599197,0.07592370,0.09270613,0.00372520,0.01511292,0.04639767,0.00859636,0.01549972,0.00510264,0.02462894,0.00254658,0.02013951,0.01310283,0.05507787,0.01131875,0.05978533,0.04863294,0.00154668,0.02800035,0.01062303
1989-09,0.00158882,0.02929340,0.00082009,0.01768827,0.01588351,0.00497968,0.01397837,0.01856451,0.02607235,0.00507257,0.00513450,0.00723411,0.05715017,0.04295321,0.00340017,0.00267223,0.01270623,0.00464359,0.01145415,0.00115982,0.02214479,0.02675959,0.02712642,0.01466320,0.00015753,0.00507899,0.00408332,0.00197563,0.00040113,0.07649832,0.07359324,0.09180298,0.00369328,0.01476536,0.04671842,0.00874714,0.01539958,0.00479585,0.02549683,0.00264591,0.02209082,0.01309181,0.05606314,0.01106939,0.05955215,0.04876145,0.00152864,0.02829392,0.01055143
1989-10,0.00158691,0.02908516,0.00084938,0.01796724,0.01597883,0.00500048,0.01439258,0.01809517,0.02505115,0.00527501,0.00512589,0.00732763,0.05889905,0.04156131,0.00334568,0.00259469,0.01256679,0.00453545,0.01109049,0.00113322,0.02148911,0.02633916,0.02566309,0.01459992,0.00015741,0.00501639,0.00435248,0.00195709,0.00040556,0.07777640,0.07387498,0.09561241,0.00360217,0.01483361,0.04424833,0.00892420,0.01565725,0.00465028,0.02450609,0.00250734,0.02125587,0.01285846,0.05461698,0.01100245,0.06123066,0.05011363,0.00150518,0.02827850,0.01150292
1989-11,0.00147953,0.02934514,0.00080514,0.01895224,0.01690562,0.00500476,0.01461660,0.01726807,0.02552258,0.00517297,0.00527852,0.00741020,0.05698425,0.04055261,0.00325659,0.00252976,0.01200966,0.00429107,0.01042573,0.00112546,0.02101196,0.02652777,0.02472812,0.01443355,0.00014098,0.00509989,0.00464641,0.00188113,0.00039693,0.08112103,0.07710679,0.09688932,0.00338740,0.01460071,0.04353949,0.00914325,0.01567600,0.00441522,0.02468870,0.00252750,0.01953058,0.01272766,0.05411376,0.01110286,0.05787633,0.05270689,0.00143672,0.02805977,0.01154679
1989-12,0.00152481,0.03004645,0.00079024,0.01939480,0.01665073,0.00491687,0.01372995,0.01686411,0.02541064,0.00493626,0.00528124,0.00773812,0.05883290,0.04091442,0.00326245,0.00253987,0.01210771,0.00449568,0.01050531,0.00106162,0.02156184,0.02872067,0.02381724,0.01415730,0.00012806,0.00443371,0.00525830,0.00191427,0.00041718,0.08288548,0.07824236,0.09778333,0.00341281,0.01380512,0.04187317,0.00919932,0.01477983,0.00432722,0.02508584,0.00248766,0.01915576,0.01262339,0.05357539,0.01116837,0.05548967,0.05281378,0.00139504,0.02712687,0.01135686
1990-01,0.00151996,0.03066994,0.00079085,0.01941670,0.01624532,0.00485395,0.01222257,0.01660619,0.02524499,0.00476590,0.00550840,0.00772255,0.05794053,0.04191802,0.00333700,0.00251073,0.01184627,0.00457570,0.01041603,0.00107577,0.02162732,0.02929194,0.02289086,0.01395626,0.00012011,0.00475798,0.00524282,0.00194248,0.00042559,0.08663093,0.08049814,0.10177363,0.00334113,0.01395312,0.04006574,0.00920156,0.01458246,0.00440628,0.02538851,0.00256293,0.01936688,0.01281368,0.05300988,0.01035924,0.05287687,0.05088011,0.00135019,0.02572200,0.01177399
1990-02,0.00146484,0.02990088,0.00076935,0.01922749,0.01615251,0.00128652,0.01184363,0.01637733,0.02525801,0.00469328,0.00507444,0.00758973,0.05907007,0.04103114,0.00326314,0.00245371,0.01160671,0.00494990,0.01027514,0.00116058,0.02212439,0.03065958,0.02392628,0.01457835,0.00011215,0.00499493,0.00615568,0.00201813,0.00044726,0.09011420,0.08259758,0.09585234,0.00324456,0.01402441,0.04404820,0.00932626,0.01518905,0.00438375,0.02543105,0.00265193,0.01917937,0.01286887,0.05439612,0.00986371,0.05180422,0.04942889,0.00136078,0.02421095,0.01155863
1990-03,0.00158031,0.02922032,0.00075302,0.01907638,0.01552551,0.00127387,0.01193031,0.01610254,0.02487379,0.00473159,0.00493612,0.00762442,0.05669263,0.04136431,0.00336934,0.00246899,0.01173379,0.00523065,0.01045167,0.00117885,0.02286530,0.03065327,0.02490578,0.01496605,0.00010119,0.00475880,0.00594976,0.00208702,0.00047371,0.09113927,0.08124802,0.09439482,0.00330688,0.01411534,0.04507571,0.00971846,0.01535688,0.00434768,0.02541456,0.00273608,0.02001022,0.01292019,0.05473937,0.00910154,0.05294378,0.04942446,0.00134705,0.02409915,0.01168125
1990-04,0.00158676,0.03007162,0.00080989,0.01976615,0.01612992,0.00133518,0.01180494,0.01564455,0.02533758,0.00496649,0.00508715,0.00768867,0.05750574,0.04059253,0.00351470,0.00247156,0.01192752,0.00517432,0.01086006,0.00120154,0.02319643,0.03123151,0.02523857,0.01583927,0.00011257,0.00481807,0.00504589,0.00213480,0.00048983,0.08863286,0.07854425,0.09603015,0.00338712,0.01423958,0.04575322,0.01027750,0.01576273,0.00448250,0.02532798,0.00277951,0.02010747,0.01295429,0.05682085,0.00887676,0.04984090,0.04831570,0.00132688,0.02298685,0.01196906
1990-05,0.00160247,0.03093076,0.00079513,0.02084484,0.01741715,0.00128597,0.01230893,0.01499174,0.02545847,0.00506328,0.00481310,0.00770150,0.05967575,0.04008561,0.00345291,0.00248126,0.01192735,0.00502788,0.01039223,0.00122681,0.02323247,0.03195664,0.02469865,0.01540767,0.00011830,0.00496553,0.00458722,0.00215007,0.00045707,0.08804604,0.07621549,0.09529428,0.00347254,0.01430288,0.04708958,0.01021562,0.01544140,0.00444975,0.02525612,0.00290455,0.01987062,0.01300672,0.05750639,0.00865922,0.04896245,0.04740033,0.00131855,0.02275502,0.01277573
1990-06,0.00149586,0.03104494,0.00079297,0.02222584,0.01618736,0.00133534,0.01283360,0.01518925,0.02563721,0.00502027,0.00509009,0.00805051,0.06157118,0.03940767,0.00343337,0.00237593,0.01187106,0.00522059,0.01023753,0.00123257,0.02257749,0.03218610,0.02438860,0.01560712,0.00010918,0.00496776,0.00463133,0.00204207,0.00047602,0.08520722,0.07341418,0.09571816,0.00353568,0.01405744,0.04805735,0.01113777,0.01587608,0.00448478,0.02453370,0.00280272,0.01909814,0.01300233,0.05909060,0.00883994,0.04968600,0.04812754,0.00121820,0.02176742,0.01310595
1990-07,0.00138880,0.04543205,0.00073876,0.02147739,0.00325605,0.00130431,0.01279156,0.01588981,0.02613163,0.00479638,0.00627430,0.00847889,0.07073893,0.03682037,0.00376921,0.00230919,0.00923170,0.00543103,0.01015270,0.00134925,0.02220679,0.02789528,0.02283455,0.01470170,0.00013535,0.00486897,0.00431807,0.00200229,0.00051117,0.08536801,0.07311151,0.08964746,0.00382013,0.01413264,0.04701774,0.01218844,0.01943426,0.00489461,0.02483282,0.00265630,0.01830533,0.01262616,0.05941799,0.00900755,0.05086803,0.04820729,0.00109850,0.02158745,0.01454127
1990-08,0.00150538,0.04623991,0.00075965,0.02180134,0.00349026,0.00120289,0.01197399,0.01521567,0.02596115,0.00462401,0.00630384,0.00859664,0.07404924,0.03764712,0.00378102,0.00231311,0.00952194,0.00564390,0.01086781,0.00132422,0.02208253,0.02874787,0.02242371,0.01451482,0.00013132,0.00459697,0.00491016,0.00216859,0.00051208,0.09365539,0.07453258,0.08657006,0.00371253,0.01371332,0.04442963,0.01044619,0.01851781,0.00455705,0.02556451,0.00267231,0.01806806,0.01227886,0.05799626,0.00847013,0.04745274,0.04823682,0.00102423,0.02065964,0.01453076
1990-09,0.00151919,0.04771934,0.00075671,0.02302454,0.00372675,0.00113931,0.01126218,0.01527941,0.02612792,0.00427495,0.00645682,0.00885876,0.07674103,0.03624851,0.00362766,0.00220722,0.00858475,0.00545639,0.01068251,0.00128476,0.02104299,0.02763739,0.02103950,0.01389320,0.00013212,0.00459999,0.00513332,0.00219883,0.00050635,0.10222052,0.07682994,0.08562337,0.00362268,0.01380943,0.04315769,0.01025483,0.01751725,0.00446794,0.02507911,0.00270554,0.01744421,0.01214144,0.05614259,0.00778908,0.04644499,0.04780217,0.00099695,0.02039255,0.01439535
1990-10,0.00139103,0.04996090,0.00072021,0.02275722,0.00399661,0.00110580,0.01153772,0.01521036,0.02568584,0.00394239,0.00642938,0.00909384,0.07792101,0.03584565,0.00360971,0.00193919,0.00812114,0.00539866,0.01064470,0.00113262,0.02021007,0.02620797,0.01985890,0.01325172,0.00013325,0.00492341,0.00540947,0.00224543,0.00055655,0.10674355,0.08163045,0.09230018,0.00337718,0.01336170,0.04311538,0.00984442,0.01754353,0.00419822,0.02462358,0.00271688,0.01709427,0.01219797,0.05404632,0.00724419,0.04180448,0.04528667,0.00095628,0.01923644,0.01343758
1990-11,0.00137356,0.05233123,0.00076750,0.02484356,0.00431822,0.00110294,0.01154562,0.01481827,0.02649842,0.00370718,0.00643050,0.00930826,0.08031164,0.03655640,0.00336785,0.00174979,0.00789148,0.00487691,0.00955520,0.00115795,0.01825223,0.02580928,0.01937173,0.01386762,0.00010869,0.00497686,0.00453788,0.00190791,0.00050900,0.10395808,0.08842298,0.09607338,0.00333504,0.01296346,0.04220366,0.01001889,0.01682864,0.00428702,0.02476331,0.00280501,0.01687955,0.01193024,0.05305803,0.00708519,0.03830056,0.04314713,0.00089893,0.01796392,0.01322329
1990-12,0.00139820,0.05172434,0.00079238,0.02451714,0.00434381,0.00113575,0.01221150,0.01537722,0.02670543,0.00402103,0.00653756,0.00983754,0.08249689,0.03761192,0.00349025,0.00178292,0.00790666,0.00507230,0.00919441,0.00121797,0.01856022,0.02579634,0.01856201,0.01322766,0.00010885,0.00510295,0.00404031,0.00189186,0.00045714,0.09815706,0.08395654,0.09214181,0.00333686,0.01262581,0.04426864,0.01085596,0.01679553,0.00438349,0.02482281,0.00273307,0.01670921,0.01188569,0.05559666,0.00719820,0.04160659,0.04674953,0.00087245,0.01812591,0.01205564
1991-01,0.00132592,0.05257185,0.00079096,0.02438906,0.00445371,0.00112775,0.01206935,0.01578580,0.02681408,0.00420702,0.00652458,0.00991023,0.08228519,0.03773420,0.00358190,0.00187430,0.00808767,0.00488010,0.00964678,0.00118860,0.01891976,0.02628432,0.01780336,0.01335638,0.00011009,0.00522213,0.00451858,0.00184482,0.00045418,0.09346449,0.08183106,0.09060860,0.00343797,0.01270129,0.04483809,0.01108208,0.01695499,0.00439013,0.02575858,0.00281461,0.01708215,0.01205454,0.05561835,0.00734269,0.04323568,0.04773193,0.00086673,0.01789866,0.01252468
1991-02,0.00135229,0.05164976,0.00079699,0.02435974,0.00436333,0.00120264,0.01022617,0.01646186,0.02570434,0.00474755,0.00690032,0.01033443,0.08141119,0.03802084,0.00365194,0.00198563,0.00851064,0.00498840,0.00993740,0.00125343,0.01906708,0.02798309,0.01810610,0.01359714,0.00010655,0.00533688,0.00359447,0.00190402,0.00041440,0.08719321,0.07669957,0.08615168,0.00345084,0.01323821,0.04940960,0.01267836,0.01819964,0.00458515,0.02569916,0.00301281,0.01828398,0.01189430,0.05920590,0.00708344,0.04438846,0.04830199,0.00085673,0.01825124,0.01344709
1991-03,0.00139067,0.05387133,0.00079741,0.02515170,0.00434443,0.00131806,0.01050196,0.01578035,0.02534635,0.00511933,0.00688424,0.01056847,0.08357669,0.03737161,0.00360530,0.00206898,0.00846470,0.00568383,0.00985074,0.00124031,0.01902615,0.02774605,0.01855202,0.01277899,0.00010909,0.00486398,0.00354551,0.00196391,0.00043721,0.08750794,0.07445877,0.08262557,0.00346986,0.01289487,0.04815972,0.01252958,0.01790380,0.00496152,0.02508574,0.00296117,0.01796592,0.01202798,0.05924892,0.00763243,0.04638448,0.04907488,0.00084094,0.01891630,0.01339025
1991-04,0.00138413,0.05550377,0.00082298,0.02580354,0.00428837,0.00133825,0.00998517,0.01542070,0.02570143,0.00520404,0.00750638,0.01119529,0.08567920,0.03621339,0.00379949,0.00208007,0.00846892,0.00518525,0.00962693,0.00126239,0.01810265,0.02759904,0.01794584,0.01246735,0.00010611,0.00502485,0.00337604,0.00191028,0.00040976,0.08628718,0.07340967,0.07989869,0.00350371,0.01317455,0.04544656,0.01277540,0.01817688,0.00496982,0.02459360,0.00311858,0.01713627,0.01205150,0.06306334,0.00814062,0.04709008,0.05019929,0.00092557,0.02011191,0.01251518
1991-05,0.00137637,0.05495434,0.00080810,0.02475971,0.00413696,0.00137764,0.00961004,0.01587540,0.02524254,0.00527914,0.00735419,0.01093338,0.08461384,0.03736043,0.00383556,0.00213553,0.00850146,0.00496486,0.00959486,0.00126450,0.01751960,0.02785949,0.01738080,0.01238136,0.00011293,0.00495648,0.00332812,0.00196716,0.00042481,0.08812819,0.07299717,0.08039098,0.00348187,0.01323500,0.04288265,0.01246273,0.01858667,0.00494757,0.02508412,0.00311686,0.01774989,0.01219969,0.06462185,0.00789697,0.04975356,0.04913701,0.00090208,0.02000074,0.01251482
1991-06,0.00146606,0.05431102,0.00080190,0.02476457,0.00411247,0.00138392,0.00962574,0.01595014,0.02522236,0.00520061,0.00748859,0.01110283,0.08483963,0.03943020,0.00391797,0.00215009,0.00879767,0.00500035,0.00961241,0.00129608,0.01825576,0.02887269,0.01935732,0.01260011,0.00010166,0.00492853,0.00332622,0.00187830,0.00037911,0.08313862,0.07002138,0.07627823,0.00366127,0.01303701,0.04193814,0.01273827,0.01900159,0.00503122,0.02635099,0.00316820,0.01843756,0.01245921,0.06729876,0.00807902,0.05122499,0.04850883,0.00087101,0.02000084,0.01258054
1991-07,0.00158133,0.05326947,0.00111629,0.02394206,0.00681874,0.00136739,0.00894338,0.01469075,0.02401779,0.00520727,0.00807089,0.01191773,0.08419025,0.03965849,0.00440836,0.00228152,0.00781336,0.00478951,0.00969391,0.00103270,0.01691541,0.02512361,0.02021831,0.01191443,0.00049830,0.00419579,0.00378303,0.00142227,0.00045704,0.08245710,0.07155555,0.07945231,0.00370817,0.01373018,0.03930575,0.01291382,0.01872957,0.00858598,0.02744427,0.00322241,0.01753815,0.01231980,0.06795106,0.00782489,0.05237957,0.04681265,0.00085529,0.02110339,0.01277072
1991-08,0.00159784,0.05375739,0.00099969,0.02500697,0.00701213,0.00131958,0.00897554,0.01430305,0.02405053,0.00516561,0.00849779,0.01232946,0.08731677,0.03980123,0.00439634,0.00241155,0.00799571,0.00462678,0.00968225,0.00105672,0.01631382,0.02414076,0.01902457,0.01206108,0.00050624,0.00407237,0.00348061,0.00137981,0.00043007,0.08219743,0.07095132,0.07793385,0.00368759,0.01333779,0.03994194,0.01321990,0.01827414,0.00826574,0.02605622,0.00326054,0.01769467,0.01245581,0.06863073,0.00758055,0.05469416,0.04517241,0.00083017,0.02165501,0.01244778
1991-09,0.00164974,0.05584237,0.00096622,0.02582378,0.00729268,0.00128333,0.00872754,0.01418397,0.02436363,0.00547490,0.00825919,0.01247295,0.08772787,0.03898178,0.00457578,0.00236315,0.00809448,0.00453160,0.00950118,0.00109517,0.01583762,0.02405996,0.01784364,0.01208051,0.00045548,0.00378398,0.00307970,0.00131607,0.00043527,0.08095824,0.07126674,0.07610874,0.00362854,0.01323327,0.03887678,0.01420344,0.01836899,0.00831905,0.02541955,0.00336569,0.01749333,0.01193923,0.07019401,0.00742938,0.05753168,0.04410876,0.00082711,0.02207758,0.01254635
1991-10,0.00159192,0.05466534,0.00088397,0.02494867,0.00725626,0.00141419,0.00872442,0.01378229,0.02496464,0.00570496,0.00821395,0.01265543,0.08881848,0.03827334,0.00473120,0.00250010,0.00781052,0.00437945,0.00932445,0.00113682,0.01553210,0.02284970,0.01769325,0.01230268,0.00041766,0.00377629,0.00317142,0.00137811,0.00044053,0.08165511,0.07471776,0.07729582,0.00374681,0.01344513,0.03749642,0.01459104,0.01728893,0.00820406,0.02534579,0.00342178,0.01769368,0.01185645,0.06833609,0.00768429,0.05763196,0.04487389,0.00079847,0.02255596,0.01201844
1991-11,0.00153039,0.05319323,0.00085566,0.02509855,0.00673952,0.00155486,0.00869519,0.01356762,0.02480552,0.00537276,0.00797359,0.01359118,0.09348331,0.03836866,0.00472579,0.00242912,0.00745274,0.00424777,0.00909099,0.00110747,0.01515890,0.02262886,0.01695917,0.01251667,0.00041639,0.00384536,0.00320850,0.00134981,0.00045327,0.08199000,0.07427812,0.07725663,0.00368544,0.01358436,0.03604464,0.01570304,0.01755499,0.00842970,0.02591445,0.00356968,0.01853903,0.01199118,0.06517094,0.00773008,0.05714785,0.04626927,0.00076747,0.02208846,0.01186382
1991-12,0.00152791,0.05536051,0.00088808,0.02689428,0.00675757,0.00165051,0.00829724,0.01335224,0.02526890,0.00540072,0.00777266,0.01389404,0.09506753,0.03745787,0.00473515,0.00241146,0.00757558,0.00404307,0.00871346,0.00107996,0.01422353,0.02221869,0.01603960,0.01221771,0.00040972,0.00387390,0.00345367,0.00133400,0.00042037,0.07826147,0.07842355,0.07662036,0.00371973,0.01366788,0.03546060,0.01595171,0.01747374,0.00825546,0.02494415,0.00354817,0.01764347,0.01195499,0.06752464,0.00769922,0.05448112,0.04709838,0.00074874,0.02216920,0.01201349
1992-01,0.00150012,0.05747071,0.00091296,0.02797301,0.00700398,0.00166881,0.00802205,0.01354053,0.02551998,0.00559955,0.00836915,0.01456119,0.09946925,0.03717517,0.00483175,0.00246364,0.00810293,0.00410539,0.00839975,0.00110215,0.01390199,0.02349751,0.01531405,0.01208848,0.00042745,0.00374111,0.00305454,0.00123359,0.00038264,0.07208367,0.07393208,0.07505424,0.00369699,0.01380504,0.03317560,0.01676990,0.01741702,0.00835251,0.02480712,0.00333501,0.01817764,0.01200583,0.06898961,0.00781863,0.05650809,0.04722856,0.00075087,0.02216270,0.01249545
1992-02,0.00152492,0.05457977,0.00090442,0.02732377,0.00668501,0.00169624,0.00919468,0.01392493,0.02765227,0.00585524,0.00835347,0.01424792,0.09381168,0.03783600,0.00481630,0.00273078,0.00834972,0.00446306,0.00872371,0.00119785,0.01480231,0.02340114,0.01702389,0.01265994,0.00045682,0.00364955,0.00334710,0.00130144,0.00034766,0.06947924,0.07083578,0.07317555,0.00377498,0.01397692,0.03553531,0.01773238,0.01943250,0.00874432,0.02582370,0.00300952,0.01808879,0.01187717,0.06917328,0.00868866,0.05593538,0.04668161,0.00080436,0.02306052,0.01330849
1992-03,0.00146027,0.05353688,0.00091931,0.02742703,0.00662208,0.00178698,0.01011600,0.01455401,0.02693838,0.00591785,0.00780448,0.01331844,0.09069574,0.03832616,0.00490241,0.00292397,0.00840746,0.00438118,0.00920903,0.00120272,0.01532241,0.02395098,0.01919333,0.01206098,0.00044601,0.00364808,0.00321169,0.00133132,0.00036687,0.06774584,0.06885735,0.07126881,0.00385371,0.01417571,0.03700574,0.01801052,0.02000117,0.00862540,0.02591675,0.00318269,0.01877460,0.01210518,0.07037900,0.00858592,0.05802834,0.04611350,0.00079508,0.02354355,0.01304909
1992-04,0.00145208,0.05315265,0.00088437,0.02844723,0.00653483,0.00178201,0.01026270,0.01475279,0.02707376,0.00582113,0.00745022,0.01301761,0.08764196,0.03952362,0.00500813,0.00311296,0.00851631,0.00409736,0.00931122,0.00117481,0.01544661,0.02368008,0.01996566,0.01226190,0.00045661,0.00353820,0.00288221,0.00136174,0.00035772,0.06758499,0.06986764,0.07222892,0.00383916,0.01424779,0.03593925,0.01724730,0.01922057,0.00875451,0.02658036,0.00321238,0.01877069,0.01234803,0.07120229,0.00868116,0.05795939,0.04672746,0.00078499,0.02414536,0.01168928
1992-05,0.00137608,0.05179249,0.00087776,0.02863790,0.00696278,0.00177879,0.00987525,0.01523564,0.02695954,0.00544708,0.00693415,0.01226268,0.08507249,0.04149246,0.00497229,0.00311143,0.00845847,0.00402664,0.00948145,0.00106751,0.01563105,0.02338470,0.02186116,0.01236072,0.00052831,0.00361887,0.00273630,0.00136047,0.00033234,0.07305149,0.07029503,0.07561958,0.00367736,0.01390433,0.03576374,0.01621449,0.01891781,0.00860335,0.02707356,0.00341722,0.01904455,0.01205671,0.06702801,0.00883015,0.05732110,0.04577619,0.00074045,0.02365283,0.01137527
1992-06,0.00141455,0.05203342,0.00085724,0.02959564,0.00693586,0.00189120,0.00997212,0.01509735,0.02692088,0.00535908,0.00667010,0.01261415,0.08569250,0.04085347,0.00480662,0.00304263,0.00847169,0.00403280,0.00952955,0.00099016,0.01552945,0.02327754,0.02138881,0.01203756,0.00048541,0.00345961,0.00302525,0.00140788,0.00033014,0.07354140,0.07153464,0.07340549,0.00360075,0.01387484,0.03531394,0.01674369,0.01868121,0.00844443,0.02663662,0.00341373,0.01889806,0.01220064,0.06665967,0.00889291,0.05886042,0.04632097,0.00072741,0.02390887,0.01061766
1992-07,0.00164542,0.05016575,0.00088215,0.02688172,0.00677778,0.00221567,0.00986201,0.01576922,0.02494646,0.00541132,0.00872014,0.01344892,0.08110368,0.03798376,0.00430449,0.00353631,0.01356163,0.00401728,0.00910170,0.00111304,0.01563980,0.02313097,0.02391232,0.01168160,0.00045716,0.00316074,0.00331928,0.00145979,0.00028932,0.06809248,0.07234584,0.07682804,0.00395535,0.01521791,0.03469205,0.01642278,0.01805925,0.00781641,0.02040650,0.00371442,0.01861887,0.01305751,0.06752888,0.00895271,0.06738592,0.04805196,0.00075503,0.02329918,0.01029951
1992-08,0.00157931,0.05097564,0.00084912,0.02705633,0.00680251,0.00218465,0.00955532,0.01558062,0.02556128,0.00549825,0.00887527,0.01345133,0.08276514,0.03808587,0.00433823,0.00364550,0.01362419,0.00414423,0.00874697,0.00117722,0.01537760,0.02214188,0.02274741,0.01148291,0.00041385,0.00322168,0.00324545,0.00135190,0.00029476,0.06894248,0.07406307,0.07763625,0.00387976,0.01517146,0.03399018,0.01631903,0.01821092,0.00768660,0.01943215,0.00351229,0.01804657,0.01308607,0.06771272,0.00866182,0.06566045,0.04907513,0.00068682,0.02293560,0.01051623
1992-09,0.00162148,0.05329201,0.00080561,0.02806443,0.00694836,0.00215402,0.00960439,0.01574538,0.02535801,0.00557226,0.00878358,0.01339030,0.08155311,0.03697953,0.00426778,0.00368040,0.01395970,0.00419395,0.00812075,0.00118919,0.01512090,0.02205818,0.02065057,0.01118277,0.00040472,0.00334041,0.00312719,0.00134102,0.00029813,0.07185162,0.07519278,0.07862256,0.00388368,0.01524181,0.03185147,0.01630381,0.01831639,0.00766801,0.01912918,0.00355427,0.01736039,0.01312293,0.06937549,0.00861581,0.06432069,0.04918543,0.00068947,0.02258849,0.01031756
1992-10,0.00154359,0.05396526,0.00083085,0.02708421,0.00696210,0.00225867,0.01000861,0.01542730,0.02591354,0.00579865,0.00760488,0.01288109,0.07630534,0.03649399,0.00441357,0.00372014,0.01421896,0.00423758,0.00797877,0.00112036,0.01523325,0.02312757,0.02003198,0.01080552,0.00039228,0.00333894,0.00304912,0.00135334,0.00033350,0.07104033,0.07455209,0.07893504,0.00380594,0.01528622,0.03111351,0.01715168,0.01934193,0.00802125,0.01901604,0.00359628,0.01784974,0.01327187,0.07151075,0.00901327,0.06439402,0.05150759,0.00071242,0.02263690,0.01081018
1992-11,0.00149121,0.05190260,0.00080219,0.02736991,0.00660332,0.00226962,0.01037331,0.01529857,0.02622484,0.00579285,0.00788252,0.01328025,0.07783129,0.03640798,0.00421687,0.00366429,0.01424157,0.00418340,0.00802120,0.00122213,0.01487384,0.02259330,0.01984035,0.01106134,0.00041649,0.00329453,0.00274085,0.00136032,0.00032870,0.06780242,0.07325881,0.07740038,0.00396080,0.01567246,0.02972426,0.01836269,0.02026377,0.00778166,0.01937894,0.00355097,0.01873505,0.01322428,0.07392377,0.00925819,0.06542771,0.05220185,0.00072594,0.02273842,0.01101800
1992-12,0.00147100,0.05164008,0.00082947,0.02643849,0.00644153,0.00230049,0.01080131,0.01575695,0.02623979,0.00615171,0.00837884,0.01332209,0.07789399,0.03559389,0.00424102,0.00372187,0.01384656,0.00416404,0.00822692,0.00122503,0.01464813,0.02352626,0.02057787,0.01068582,0.00043940,0.00334390,0.00231990,0.00134371,0.00028254,0.06288055,0.06992483,0.07721802,0.00406680,0.01575880,0.03046280,0.01875694,0.02070318,0.00784493,0.01928918,0.00360284,0.01894135,0.01352936,0.07592982,0.00966459,0.06739779,0.05266549,0.00069481,0.02340856,0.01140674
1993-01,0.00154438,0.05002885,0.00082714,0.02676805,0.00616499,0.00216767,0.01104593,0.01537686,0.02556622,0.00599117,0.00816469,0.01339891,0.07503628,0.03531509,0.00420578,0.00385142,0.01368676,0.00399791,0.00842857,0.00117230,0.01474119,0.02360125,0.02089202,0.01143929,0.00046297,0.00361776,0.00236949,0.00136743,0.00027787,0.06314530,0.07036256,0.07984613,0.00409358,0.01585860,0.02858359,0.01829473,0.02170591,0.00791882,0.01887925,0.00356556,0.01886500,0.01367533,0.07492393,0.00948216,0.06925411,0.05400697,0.00074127,0.02388283,0.01140613
1993-02,0.00155937,0.04792897,0.00080739,0.02675837,0.00573416,0.00226178,0.01164456,0.01595217,0.02585973,0.00585594,0.00795589,0.01286438,0.06822336,0.03419171,0.00425138,0.00391199,0.01357563,0.00410678,0.00889863,0.00113361,0.01519130,0.02361110,0.02267467,0.01091710,0.00045484,0.00356522,0.00220893,0.00137538,0.00026535,0.06431429,0.07122738,0.07992677,0.00406335,0.01555034,0.02946399,0.01908222,0.02322940,0.00791952,0.01885377,0.00349564,0.01922232,0.01385270,0.07400369,0.00950134,0.07127027,0.05502379,0.00074980,0.02413763,0.01137209
1993-03,0.00153297,0.04667621,0.00086268,0.02608357,0.00554850,0.00203959,0.01122814,0.01584777,0.02666058,0.00544766,0.00671939,0.01128713,0.06272868,0.03433491,0.00434130,0.00403148,0.01442195,0.00425452,0.00879299,0.00110130,0.01572771,0.02307411,0.02258746,0.01107813,0.00045041,0.00365590,0.00233287,0.00140153,0.00026008,0.06751993,0.07524043,0.08422454,0.00395473,0.01549311,0.02879338,0.01805230,0.02413123,0.00796970,0.01908085,0.00331074,0.01925557,0.01359706,0.07258132,0.00947143,0.07233625,0.05450027,0.00076350,0.02441048,0.01080368
1993-04,0.00152017,0.04433776,0.00091530,0.02609025,0.00537235,0.00205128,0.01144258,0.01566562,0.02637630,0.00557974,0.00692279,0.01091799,0.06159235,0.03425600,0.00442926,0.00403980,0.01446666,0.00411362,0.00853432,0.00113143,0.01573665,0.02383870,0.02346381,0.01104233,0.00042725,0.00376626,0.00268811,0.00138661,0.00024960,0.06879727,0.07460396,0.08412688,0.00382876,0.01545448,0.02786908,0.01846552,0.02469884,0.00792987,0.01824054,0.00327746,0.01959883,0.01359181,0.07309744,0.00963875,0.07321168,0.05548741,0.00080274,0.02458624,0.01033754
1993-05,0.00150166,0.03991799,0.00083286,0.02440285,0.00465544,0.00213846,0.01134995,0.01581551,0.02569705,0.00540694,0.00712965,0.01014829,0.06552226,0.03644359,0.00434285,0.00396264,0.01453802,0.00419438,0.00859425,0.00116761,0.01671640,0.02449661,0.02505274,0.01160116,0.00040945,0.00402122,0.00302349,0.00128088,0.00024501,0.07163079,0.07647760,0.08383161,0.00378760,0.01519621,0.02771110,0.01787503,0.02491239,0.00805987,0.01878406,0.00335500,0.02025325,0.01347828,0.06823854,0.00929338,0.07162591,0.05547582,0.00081312,0.02450218,0.01008904
1993-06,0.00149227,0.03977656,0.00084824,0.02448146,0.00471065,0.00222467,0.01231404,0.01561842,0.02527795,0.00540948,0.00761872,0.01055515,0.06504683,0.03587628,0.00433559,0.00385299,0.01426163,0.00417061,0.00869066,0.00111828,0.01693302,0.02454196,0.02442474,0.01177009,0.00042791,0.00380519,0.00322222,0.00121778,0.00025770,0.07035970,0.07403490,0.08487185,0.00388872,0.01520624,0.02952747,0.01895590,0.02658705,0.00827507,0.01837173,0.00318802,0.02016463,0.01372434,0.07022623,0.00969286,0.06886643,0.05469098,0.00079234,0.02405210,0.01024234
1993-07,0.00149824,0.03675551,0.00136469,0.02369447,0.00446618,0.00256649,0.01260303,0.01493433,0.02555764,0.00516557,0.00825441,0.01086791,0.05938792,0.03277083,0.00415943,0.00378835,0.01488054,0.00426757,0.00879781,0.00108487,0.01670214,0.02419407,0.02531730,0.01048523,0.00071226,0.00383847,0.00334585,0.00126752,0.00013721,0.06719350,0.07425474,0.08775782,0.00401133,0.01549651,0.02787341,0.02053592,0.02903735,0.00778525,0.01641424,0.00308460,0.01991480,0.01255565,0.06718663,0.00940359,0.07660511,0.06117300,0.00077763,0.02639127,0.00968182
1993-08,0.00152182,0.03490097,0.00147581,0.02376527,0.00426950,0.00260293,0.01238082,0.01503204,0.02500460,0.00493178,0.00844255,0.01039400,0.05509256,0.03318848,0.00421939,0.00366746,0.01478770,0.00433922,0.00863345,0.00105890,0.01673063,0.02476364,0.02597055,0.01088284,0.00072455,0.00392543,0.00365225,0.00128918,0.00014628,0.06765537,0.07565059,0.08955885,0.00411643,0.01586320,0.02567077,0.01888794,0.02952934,0.00778928,0.01605660,0.00297777,0.02070409,0.01266419,0.06739004,0.00963677,0.07758844,0.06334609,0.00081760,0.02721983,0.00908217
1993-09,0.00153899,0.03541814,0.00164520,0.02340330,0.00403392,0.00271400,0.01280997,0.01496455,0.02494594,0.00487395,0.00768944,0.00996646,0.05543977,0.03290780,0.00441846,0.00385914,0.01486328,0.00447133,0.00854659,0.00111875,0.01739985,0.02400963,0.02479897,0.01078647,0.00073542,0.00393179,0.00313005,0.00123415,0.00014923,0.06751414,0.07531866,0.09081524,0.00408457,0.01595484,0.02582698,0.01891698,0.03159364,0.00800449,0.01589479,0.00285320,0.02079572,0.01274460,0.06727015,0.00973682,0.07535828,0.06387101,0.00080604,0.02755183,0.00928349
1993-10,0.00154519,0.03452893,0.00150358,0.02301663,0.00388513,0.00280150,0.01377001,0.01485433,0.02455612,0.00469877,0.00741017,0.00980078,0.05569120,0.03211647,0.00439726,0.00374308,0.01480184,0.00431695,0.00818112,0.00109668,0.01716284,0.02361019,0.02505561,0.01065446,0.00072045,0.00397971,0.00279997,0.00118663,0.00015929,0.06850483,0.07466834,0.09025227,0.00418324,0.01634253,0.02507534,0.01985682,0.03251995,0.00780272,0.01531265,0.00293754,0.02058264,0.01265313,0.06702350,0.00988803,0.07783396,0.06417072,0.00085649,0.02851882,0.00897158
1993-11,0.00150333,0.03719890,0.00147191,0.02311567,0.00421037,0.00281036,0.01402014,0.01561240,0.02599014,0.00493473,0.00797167,0.01022867,0.05792926,0.03229644,0.00450420,0.00376633,0.01514597,0.00421911,0.00838248,0.00122974,0.01736633,0.02360911,0.02701204,0.01057049,0.00073384,0.00400910,0.00300984,0.00120874,0.00015602,0.06624876,0.07200593,0.09090628,0.00425334,0.01655879,0.02629999,0.02017357,0.03127881,0.00761643,0.01522951,0.00262258,0.02095178,0.01278403,0.06869855,0.01040132,0.07300972,0.06138046,0.00083137,0.02655701,0.00797444
1993-12,0.00150628,0.03825535,0.00146601,0.02341870,0.00451936,0.00286190,0.01382949,0.01595998,0.02683027,0.00510289,0.00804891,0.01028984,0.05990007,0.03319627,0.00451370,0.00385015,0.01604795,0.00423091,0.00806467,0.00121739,0.01731504,0.02415460,0.02794698,0.01100400,0.00071255,0.00394961,0.00298529,0.00120126,0.00015822,0.06302459,0.06904722,0.08714651,0.00410072,0.01637469,0.02837813,0.02051572,0.03039987,0.00757807,0.01660800,0.00281960,0.02168676,0.01288820,0.06967308,0.01054812,0.07196847,0.05954555,0.00084778,0.02611337,0.00819792
1994-01,0.00157230,0.03722737,0.00160634,0.02401922,0.00440876,0.00237586,0.01387031,0.01619874,0.02688256,0.00504753,0.00886626,0.01032980,0.05951689,0.03359172,0.00462769,0.00348048,0.01595453,0.00430785,0.00847672,0.00119759,0.01785247,0.02519507,0.02871249,0.01156802,0.00071760,0.00406026,0.00330659,0.00130757,0.00016322,0.06240301,0.06879977,0.08499821,0.00422534,0.01661655,0.02916778,0.02001161,0.03081697,0.00796479,0.01676989,0.00293508,0.02177986,0.01304628,0.06589980,0.01098559,0.07295854,0.05932285,0.00083458,0.02584190,0.00817978
1994-02,0.00161054,0.03675720,0.00163172,0.02222735,0.00470947,0.00236931,0.01403959,0.01565072,0.02674673,0.00484274,0.00941541,0.01069595,0.05768785,0.03512096,0.00463864,0.00314272,0.01596618,0.00441380,0.00909718,0.00121808,0.01843948,0.02506442,0.03036420,0.01152833,0.00070087,0.00405594,0.00315914,0.00136902,0.00015357,0.06368514,0.06551789,0.08430247,0.00411798,0.01662263,0.02982499,0.02044532,0.03137407,0.00794205,0.01750679,0.00291652,0.02218455,0.01304558,0.06419265,0.01129611,0.07423796,0.05859489,0.00080875,0.02592474,0.00864178
1994-03,0.00169786,0.03676587,0.00173615,0.02321422,0.00448550,0.00257250,0.01416456,0.01549678,0.02711042,0.00512256,0.00827920,0.01028718,0.05534717,0.03563359,0.00465379,0.00324399,0.01600385,0.00434982,0.00905584,0.00123016,0.01904909,0.02538348,0.02962311,0.01203778,0.00072841,0.00427849,0.00323501,0.00138710,0.00015477,0.06305662,0.06365273,0.08183219,0.00425914,0.01664912,0.03080263,0.02168664,0.03299581,0.00832856,0.01762331,0.00290987,0.02176080,0.01328303,0.06775464,0.01177485,0.07331892,0.05747025,0.00082693,0.02548515,0.00820060
1994-04,0.00163747,0.03693931,0.00162331,0.02349659,0.00418831,0.00252287,0.01327177,0.01561493,0.02702570,0.00534022,0.00828753,0.01006101,0.05372288,0.03614705,0.00459891,0.00337984,0.01575270,0.00440286,0.00896399,0.00121031,0.01933230,0.02534922,0.02892418,0.01212930,0.00070050,0.00433044,0.00357075,0.00140077,0.00014602,0.06380110,0.06383182,0.08255407,0.00424038,0.01659105,0.03083256,0.02178260,0.03378643,0.00825039,0.01708077,0.00309625,0.02143642,0.01311646,0.06798709,0.01131934,0.07374207,0.05813459,0.00082353,0.02545217,0.00806987
1994-05,0.00159789,0.03702212,0.00164838,0.02374853,0.00462540,0.00251223,0.01271544,0.01523902,0.02718305,0.00522835,0.00801956,0.00975447,0.05513765,0.03677348,0.00462019,0.00344845,0.01563735,0.00426853,0.00881332,0.00120954,0.01887276,0.02427271,0.02863547,0.01152163,0.00065905,0.00423325,0.00309013,0.00132598,0.00014440,0.06597361,0.06444165,0.08289065,0.00411689,0.01653416,0.02990831,0.02170463,0.03258031,0.00804150,0.01684039,0.00301057,0.02120976,0.01293597,0.06760411,0.01138932,0.07631860,0.05758727,0.00080935,0.02582502,0.00831961
1994-06,0.00157202,0.03644389,0.00160834,0.02304900,0.00424453,0.00250804,0.01281699,0.01528450,0.02717594,0.00507370,0.00805919,0.01004200,0.05706183,0.03766241,0.00452762,0.00323958,0.01579214,0.00406795,0.00903046,0.00128407,0.01813844,0.02483384,0.02782250,0.01174182,0.00068616,0.00402983,0.00310131,0.00133989,0.00014058,0.06555609,0.06020242,0.08355865,0.00408494,0.01658141,0.02970900,0.02288779,0.03262752,0.00801823,0.01710417,0.00311161,0.02060125,0.01289732,0.06531636,0.01126130,0.07952786,0.05922814,0.00080337,0.02631646,0.00822755
1994-07,0.00152071,0.03548628,0.00148286,0.02125903,0.00423559,0.00313378,0.01118134,0.01594074,0.02528345,0.00531018,0.01073671,0.00983872,0.05553370,0.03673066,0.00463126,0.00317574,0.01243629,0.00417213,0.01055692,0.00131969,0.01902625,0.02373649,0.02735755,0.01225735,0.00082447,0.00319450,0.00327308,0.00254594,0.00017931,0.06539576,0.05669570,0.08642596,0.00394166,0.01636497,0.02768800,0.02341511,0.03287703,0.00804165,0.02068886,0.00321842,0.02128912,0.01564761,0.06452570,0.01057819,0.08599875,0.05687727,0.00085254,0.02463806,0.00847893
1994-08,0.00148612,0.03537415,0.00145032,0.02182204,0.00432650,0.00309714,0.01106794,0.01446827,0.02519907,0.00532262,0.01077696,0.00977490,0.05421595,0.03720238,0.00472149,0.00304424,0.01266766,0.00415606,0.01089523,0.00127614,0.01928635,0.02474999,0.02764987,0.01197273,0.00077367,0.00307971,0.00315002,0.00253857,0.00017307,0.06568227,0.05772812,0.08644122,0.00394436,0.01631016,0.02804686,0.02277470,0.03402690,0.00808074,0.02160922,0.00308543,0.02102305,0.01551886,0.06330076,0.01024672,0.08515104,0.05778652,0.00082713,0.02425552,0.00844125
1994-09,0.00150173,0.03597935,0.00128568,0.02207418,0.00456164,0.00310770,0.01095084,0.01439854,0.02586326,0.00539047,0.01123434,0.01045238,0.05788980,0.03784792,0.00472439,0.00307195,0.01298813,0.00394243,0.01103571,0.00129274,0.01925069,0.02392970,0.02606188,0.01197814,0.00081574,0.00309803,0.00318384,0.00254082,0.00017533,0.06263890,0.05560347,0.08397538,0.00409541,0.01643208,0.03029758,0.02404633,0.03508594,0.00824875,0.02200130,0.00298527,0.02057508,0.01538775,0.06286661,0.01026359,0.08469859,0.05685992,0.00083312,0.02402488,0.00845272
1994-10,0.00149819,0.03687898,0.00129813,0.02314548,0.00455204,0.00313384,0.00947294,0.01427452,0.02618080,0.00539426,0.01154982,0.01095469,0.06023358,0.03835498,0.00470460,0.00297225,0.01301369,0.00384052,0.01136145,0.00125807,0.01917273,0.02398401,0.02525778,0.01163179,0.00081015,0.00293855,0.00353663,0.00269586,0.00017978,0.06288789,0.05516038,0.08290929,0.00415919,0.01682837,0.03114183,0.02483691,0.03513467,0.00843569,0.02257572,0.00317895,0.01964142,0.01567025,0.06280370,0.01013497,0.08071936,0.05675708,0.00086667,0.02342395,0.00845357
1994-11,0.00144069,0.03716158,0.00134449,0.02367126,0.00435765,0.00327432,0.00920003,0.01419165,0.02591751,0.00540434,0.01118284,0.01030889,0.06030922,0.03783381,0.00475167,0.00296455,0.01263010,0.00382552,0.01073636,0.00120419,0.01965028,0.02384495,0.02445564,0.01174930,0.00076092,0.00297414,0.00311062,0.00246996,0.00017147,0.06653695,0.05478837,0.08138417,0.00405496,0.01684602,0.03342145,0.02666106,0.03670883,0.00833552,0.02136093,0.00318753,0.01977011,0.01534285,0.06263763,0.01038919,0.07933373,0.05605734,0.00083454,0.02314368,0.00830721
1994-12,0.00144116,0.03790311,0.00135166,0.02482743,0.00444286,0.00314528,0.00965553,0.01445751,0.02638819,0.00539691,0.01096805,0.01084912,0.06366468,0.03435433,0.00475183,0.00299758,0.01262535,0.00365598,0.01021919,0.00125652,0.01891248,0.02348701,0.02410818,0.01184185,0.00076253,0.00300367,0.00285354,0.00237908,0.00016339,0.06548530,0.05691039,0.08018848,0.00381858,0.01681091,0.03427526,0.02741293,0.03726082,0.00832919,0.02126995,0.00311236,0.01967019,0.01526365,0.06361487,0.01022304,0.07675138,0.05619879,0.00072306,0.02289766,0.00791920
1995-01,0.00143010,0.03794147,0.00098184,0.02505368,0.00431546,0.00296071,0.01004606,0.01471686,0.02638811,0.00539035,0.01077464,0.01108204,0.06307256,0.03525782,0.00486244,0.00300416,0.01268153,0.00360518,0.01057418,0.00122857,0.01902526,0.02518403,0.02495312,0.01234210,0.00080346,0.00312229,0.00288175,0.00243479,0.00017126,0.06424168,0.05616695,0.07965940,0.00396832,0.01702643,0.03494668,0.02761177,0.03779115,0.00853691,0.02188355,0.00311467,0.01942861,0.01439116,0.06006875,0.01025734,0.07560980,0.05777917,0.00072773,0.02264906,0.00785506
1995-02,0.00151524,0.03794444,0.00102358,0.02528741,0.00442959,0.00290624,0.01063019,0.01445451,0.02652996,0.00508651,0.01112200,0.01140775,0.06571364,0.03364420,0.00473154,0.00291148,0.01251687,0.00362912,0.00970568,0.00126231,0.01843761,0.02473171,0.02294096,0.01214551,0.00077107,0.00314908,0.00252512,0.00233992,0.00016262,0.06319773,0.05834052,0.08103440,0.00389849,0.01667691,0.03333923,0.02664667,0.03737750,0.00851868,0.02114056,0.00313925,0.01968656,0.01424801,0.05938707,0.01074755,0.07794116,0.05986044,0.00069863,0.02285838,0.00760640
1995-03,0.00138597,0.03709665,0.00103840,0.02558100,0.00418892,0.00292354,0.01067005,0.01371375,0.02638419,0.00503975,0.01101743,0.01108347,0.06464912,0.03426740,0.00481558,0.00287903,0.01275322,0.00365458,0.00965405,0.00126894,0.01874789,0.02525357,0.02319303,0.01239569,0.00078338,0.00314855,0.00255672,0.00233966,0.00014657,0.06330142,0.05644040,0.07931095,0.00389256,0.01700402,0.03384426,0.02734301,0.03893905,0.00869078,0.02208164,0.00320532,0.02037064,0.01441982,0.05804947,0.01072491,0.07997287,0.05891798,0.00071586,0.02328836,0.00685661
1995-04,0.00143688,0.03705902,0.00103214,0.02556301,0.00432602,0.00291838,0.01057707,0.01359146,0.02631549,0.00500021,0.01091761,0.01145470,0.06432421,0.03537272,0.00487352,0.00273662,0.01266702,0.00348985,0.00964528,0.00131261,0.01943334,0.02451144,0.02300791,0.01308128,0.00077423,0.00218777,0.00296895,0.00239138,0.00014672,0.06521088,0.05398071,0.07760452,0.00406116,0.01709783,0.03484446,0.02835454,0.03936757,0.00885481,0.02206349,0.00334112,0.02054736,0.01434192,0.05904009,0.01072945,0.07839361,0.05891220,0.00070587,0.02252612,0.00690544
1995-05,0.00146405,0.03761033,0.00103461,0.02578787,0.00404481,0.00271357,0.01068530,0.01294449,0.02661982,0.00480907,0.00973129,0.01154872,0.06514330,0.03562615,0.00475252,0.00269670,0.01262287,0.00353955,0.00944148,0.00123902,0.01989965,0.02465513,0.02298954,0.01331690,0.00074896,0.00231953,0.00281381,0.00232886,0.00013502,0.06506956,0.05379814,0.07679675,0.00398340,0.01685854,0.03730637,0.02941664,0.04236755,0.00907082,0.02191402,0.00313071,0.02023510,0.01437282,0.05557018,0.01071824,0.07951799,0.05631001,0.00067493,0.02286814,0.00675720
1995-06,0.00144736,0.03720248,0.00097578,0.02712673,0.00405008,0.00278102,0.01052036,0.01289023,0.02645637,0.00467962,0.00897036,0.01129509,0.06481725,0.03554640,0.00477680,0.00271591,0.01242609,0.00357303,0.00928488,0.00126197,0.01970017,0.02467786,0.02347855,0.01366217,0.00069279,0.00236051,0.00271921,0.00220243,0.00013294,0.06522896,0.05490733,0.07508349,0.00370234,0.01616747,0.03681326,0.02911580,0.04271142,0.00909296,0.02168053,0.00304937,0.01945919,0.01422659,0.05513790,0.01079354,0.08304030,0.05684102,0.00069261,0.02293436,0.00689711
1995-07,0.00144074,0.03640990,0.00094767,0.02460745,0.00246864,0.00570531,0.01340220,0.00955888,0.02522878,0.00464055,0.01035310,0.01217989,0.06427473,0.03205720,0.00463463,0.00256768,0.01290609,0.00347988,0.00975733,0.00141799,0.02068227,0.02304697,0.02809046,0.01170227,0.00075385,0.00216904,0.00255785,0.00223402,0.00019218,0.06008602,0.05176319,0.07721886,0.00419752,0.01694432,0.03965909,0.03460126,0.04829766,0.00922590,0.02120691,0.00314129,0.01774415,0.01468311,0.05715989,0.01103607,0.08021061,0.05462096,0.00078968,0.02093705,0.00700889
1995-08,0.00143723,0.03471636,0.00090474,0.02428595,0.00229437,0.00574676,0.01342446,0.00951383,0.02402132,0.00479350,0.01090282,0.01252036,0.06323181,0.03178764,0.00472528,0.00258055,0.01266069,0.00355080,0.01004706,0.00145697,0.02160158,0.02303308,0.02768413,0.01198735,0.00080729,0.00210883,0.00251217,0.00186829,0.00018411,0.05920260,0.04957039,0.07790051,0.00414262,0.01679865,0.04150119,0.03465187,0.05101044,0.00933238,0.02100818,0.00296374,0.01867745,0.01458274,0.05723936,0.01083936,0.08074950,0.05419104,0.00079331,0.02115376,0.00730161
1995-09,0.00147320,0.03481406,0.00095040,0.02370567,0.00235355,0.00574565,0.01325012,0.00963988,0.02398573,0.00479297,0.01077649,0.01278442,0.06300269,0.03133101,0.00477726,0.00253033,0.01259381,0.00365068,0.00989221,0.00144188,0.02116856,0.02288008,0.02736759,0.01166229,0.00082539,0.00207450,0.00254957,0.00181158,0.00019158,0.05739298,0.04938503,0.08034095,0.00427562,0.01706272,0.04141117,0.03452196,0.05018767,0.00925629,0.02099550,0.00291273,0.01856641,0.01427591,0.05461002,0.01039780,0.08416762,0.05666086,0.00078466,0.02191075,0.00686023
1995-10,0.00153433,0.03623732,0.00096650,0.02495866,0.00234280,0.00537350,0.01263477,0.00952734,0.02443730,0.00481042,0.01052910,0.01335291,0.06565011,0.03105641,0.00450860,0.00236473,0.01238881,0.00349638,0.00908209,0.00138283,0.01990689,0.02334192,0.02631366,0.01189855,0.00080996,0.00208925,0.00244290,0.00177862,0.00018706,0.05617920,0.05049109,0.08163076,0.00433909,0.01725006,0.04024063,0.03376034,0.04928386,0.00909036,0.02042475,0.00250079,0.01767275,0.01384837,0.05454087,0.01031685,0.08548893,0.05820140,0.00078577,0.02213572,0.00641468
1995-11,0.00160150,0.03679409,0.00103324,0.02633258,0.00244615,0.00513851,0.01254420,0.00937612,0.02541498,0.00471314,0.01034176,0.01329979,0.06802278,0.02977319,0.00439795,0.00217686,0.01229644,0.00355263,0.00865046,0.00134559,0.01951013,0.02356173,0.02516667,0.01186748,0.00078404,0.00200009,0.00216321,0.00170285,0.00016515,0.05689955,0.05186603,0.08155955,0.00436476,0.01625845,0.04333410,0.03590784,0.04751740,0.00915555,0.02020982,0.00233073,0.01760479,0.01388360,0.05076741,0.01059729,0.08444950,0.05825939,0.00076398,0.02182810,0.00626885
1995-12,0.00162744,0.03668770,0.00105784,0.02653081,0.00241414,0.00516590,0.01214664,0.00968331,0.02596044,0.00454248,0.01049925,0.01324576,0.06718951,0.03044351,0.00447944,0.00224525,0.01240347,0.00356523,0.00902518,0.00135034,0.01970251,0.02393918,0.02549396,0.01243285,0.00079850,0.00210786,0.00233946,0.00172387,0.00016244,0.05702449,0.05047267,0.07988186,0.00445344,0.01648652,0.04168779,0.03483653,0.04392605,0.00911014,0.02048001,0.00255978,0.01798813,0.01375080,0.05220728,0.01074573,0.08679934,0.06022717,0.00069912,0.02143701,0.00626190
1996-01,0.00165511,0.03733648,0.00102626,0.02606254,0.00250052,0.00511977,0.01173162,0.00966852,0.02523871,0.00464792,0.01067977,0.01373369,0.07091490,0.03069301,0.00429863,0.00222088,0.01204072,0.00381189,0.00879228,0.00136001,0.01945856,0.02513732,0.02634073,0.01282609,0.00079122,0.00222027,0.00238763,0.00170943,0.00017222,0.05976784,0.05232203,0.08194509,0.00435516,0.01686093,0.03948401,0.03354517,0.04059277,0.00911527,0.01855645,0.00260944,0.01754124,0.01387463,0.05088668,0.01064335,0.08465596,0.06100742,0.00073007,0.02066196,0.00626778
1996-02,0.00160186,0.03786625,0.00097954,0.02635373,0.00249264,0.00531468,0.01185746,0.00920648,0.02530471,0.00441404,0.01097585,0.01402928,0.07350457,0.03155179,0.00434088,0.00210808,0.01216663,0.00380467,0.00875841,0.00133316,0.01942858,0.02590445,0.02650575,0.01264939,0.00076946,0.00238799,0.00292862,0.00172293,0.00016446,0.05826507,0.05205361,0.08177234,0.00424424,0.01671936,0.04070333,0.03336007,0.03936431,0.00903199,0.01845465,0.00254515,0.01708811,0.01350142,0.04904918,0.01107123,0.08459418,0.06050565,0.00072745,0.02036434,0.00615795
1996-03,0.00172031,0.03793130,0.00102350,0.02752513,0.00253226,0.00532978,0.01195660,0.00936807,0.02475943,0.00450733,0.01096708,0.01348247,0.07146794,0.03199863,0.00440141,0.00209330,0.01179089,0.00377643,0.00856398,0.00141507,0.01987038,0.02546025,0.02658570,0.01286886,0.00077818,0.00233414,0.00292000,0.00174718,0.00016772,0.05781973,0.04983862,0.07569634,0.00418809,0.01682227,0.04448990,0.03495564,0.04051276,0.00877171,0.01775779,0.00269462,0.01759055,0.01374206,0.05112156,0.01135556,0.08564826,0.06058075,0.00075408,0.02012213,0.00619428
1996-04,0.00168213,0.03586942,0.00108862,0.02774931,0.00230617,0.00527063,0.01206852,0.00937107,0.02483817,0.00493706,0.01103408,0.01335537,0.07078196,0.03305997,0.00451774,0.00212897,0.01193442,0.00380622,0.00900032,0.00137178,0.02003550,0.02586712,0.02790898,0.01326982,0.00076980,0.00238973,0.00289010,0.00174098,0.00017200,0.06019613,0.04895988,0.07342278,0.00434265,0.01722636,0.04061499,0.03426561,0.03927950,0.00887186,0.01754389,0.00278516,0.01788063,0.01396012,0.05483854,0.01135006,0.08737318,0.05844621,0.00079641,0.02008455,0.00654554
1996-05,0.00175561,0.03515905,0.00106158,0.02709677,0.00223678,0.00523573,0.01225508,0.00948467,0.02535925,0.00513683,0.01093244,0.01294310,0.06924473,0.03231345,0.00449661,0.00216527,0.01226936,0.00374073,0.00898545,0.00147173,0.02035038,0.02564979,0.02822794,0.01314634,0.00083396,0.00234289,0.00287394,0.00170801,0.00016883,0.06135473,0.04682078,0.07413480,0.00459577,0.01787880,0.04399944,0.03668718,0.04204090,0.00922014,0.01779845,0.00273768,0.01807563,0.01400011,0.05638274,0.01147387,0.08069981,0.05672665,0.00080198,0.01928429,0.00663992
1996-06,0.00167867,0.03630536,0.00108833,0.02902337,0.00227987,0.00530631,0.01223585,0.00953363,0.02548165,0.00538658,0.01082283,0.01290188,0.07056668,0.03135676,0.00454857,0.00222492,0.01221293,0.00369740,0.00872364,0.00151197,0.02002542,0.02656091,0.02790993,0.01317393,0.00080486,0.00231095,0.00294040,0.00166555,0.00018850,0.05972448,0.04606911,0.07229471,0.00476687,0.01809744,0.04443873,0.03680459,0.04322153,0.00919348,0.01744365,0.00278652,0.01755705,0.01419661,0.05769119,0.01124389,0.07991385,0.05534424,0.00081660,0.01922549,0.00670236
1996-07,0.00163765,0.02209359,0.00106014,0.02867642,0.01448266,0.00591883,0.01295241,0.01045270,0.02424194,0.00534655,0.01136058,0.01327605,0.07216423,0.02891810,0.00425220,0.00228971,0.01038175,0.00358087,0.00818865,0.00080149,0.01903490,0.02543562,0.02470434,0.00951214,0.00104398,0.00443852,0.00264311,0.00190481,0.00013320,0.05866399,0.04590120,0.07036188,0.00506601,0.02220070,0.04065553,0.04176854,0.04217704,0.00925851,0.01979803,0.00369666,0.01837083,0.01398287,0.05364397,0.01334197,0.08826931,0.05578017,0.00077837,0.01811305,0.00724419
1996-08,0.00164258,0.02293447,0.00110395,0.02872410,0.01542576,0.00566804,0.01208300,0.01036885,0.02486116,0.00539356,0.01071808,0.01275029,0.07265526,0.02980298,0.00435140,0.00230342,0.01055897,0.00350146,0.00811171,0.00080541,0.01854437,0.02563054,0.02498259,0.01000297,0.00108749,0.00451642,0.00279496,0.00189352,0.00013003,0.05945930,0.04581703,0.06821114,0.00503685,0.02201111,0.04061193,0.04038050,0.04025134,0.00910897,0.02073344,0.00383980,0.01810845,0.01362488,0.05235638,0.01311389,0.09282421,0.05512008,0.00075179,0.01846314,0.00682844
1996-09,0.00164721,0.02201458,0.00117568,0.02852111,0.01300625,0.00556602,0.01173730,0.01041085,0.02451646,0.00554018,0.01115513,0.01305910,0.07317186,0.02964790,0.00437682,0.00233231,0.01056366,0.00350973,0.00815856,0.00084348,0.01882480,0.02534936,0.02500771,0.01010163,0.00109413,0.00442027,0.00285484,0.00184535,0.00012663,0.05912653,0.04557732,0.06540222,0.00505684,0.02186927,0.04144620,0.03975595,0.04136451,0.00919096,0.02098318,0.00377197,0.01822064,0.01372080,0.05454134,0.01320848,0.09418164,0.05555393,0.00077901,0.01843001,0.00724031
1996-10,0.00162466,0.02295702,0.00121920,0.02730106,0.01242590,0.00565405,0.01208012,0.01016912,0.02482542,0.00560791,0.01101068,0.01358163,0.07484184,0.02891210,0.00426239,0.00224028,0.01080404,0.00330826,0.00789278,0.00082025,0.01904836,0.02643641,0.02334226,0.01008927,0.00112547,0.00452271,0.00249214,0.00181280,0.00013452,0.05855805,0.04351686,0.06309768,0.00517617,0.02171304,0.04429322,0.04204077,0.04351861,0.00914058,0.02096827,0.00367323,0.01696579,0.01369321,0.05371637,0.01260507,0.09527547,0.05528506,0.00076148,0.01838886,0.00706955
1996-11,0.00170044,0.02311877,0.00117710,0.02724482,0.01270333,0.00551432,0.01175326,0.01011846,0.02475922,0.00551831,0.01012651,0.01273058,0.07458188,0.02903828,0.00423782,0.00224288,0.01073006,0.00335670,0.00759084,0.00079090,0.01872818,0.02757113,0.02415944,0.01027047,0.00111166,0.00439677,0.00239574,0.00180455,0.00013147,0.06132921,0.04446530,0.06114504,0.00488737,0.02066197,0.04343618,0.04000027,0.04274248,0.00870163,0.02139072,0.00361304,0.01713492,0.01350489,0.05200862,0.01203341,0.10038414,0.05649571,0.00073052,0.01859917,0.00713151
1996-12,0.00161211,0.02305588,0.00113844,0.02623519,0.01320989,0.00548858,0.01210643,0.00960581,0.02448273,0.00519516,0.00999608,0.01222721,0.07523669,0.02858972,0.00436388,0.00211123,0.01030552,0.00330085,0.00761929,0.00074285,0.01917429,0.02769284,0.02418224,0.01005845,0.00111347,0.00443410,0.00225918,0.00175781,0.00012963,0.06045842,0.04264036,0.06053313,0.00485942,0.01949529,0.04685355,0.04073017,0.04586810,0.00905741,0.02091544,0.00365647,0.01716128,0.01326245,0.04986617,0.01161441,0.10278018,0.05633971,0.00070446,0.01882683,0.00695117
1997-01,0.00165140,0.02276916,0.00121246,0.02684630,0.01456388,0.00521157,0.01142238,0.00959645,0.02502138,0.00539002,0.01036996,0.01263782,0.07353073,0.02838463,0.00433389,0.00220114,0.01078823,0.00332874,0.00765691,0.00075617,0.01932190,0.02727718,0.02278595,0.01082593,0.00109818,0.00269574,0.00226407,0.00172928,0.00014743,0.06192075,0.04331415,0.06328297,0.00457911,0.01955167,0.04514393,0.03992465,0.04662383,0.00923353,0.02121191,0.00401769,0.01722538,0.01347877,0.04828854,0.01147597,0.10089816,0.05711219,0.00076115,0.01948859,0.00664819
1997-02,0.00165338,0.02226666,0.00128677,0.02853296,0.01453607,0.00515505,0.01130993,0.00921693,0.02537984,0.00541195,0.00992744,0.01257277,0.07811590,0.02785995,0.00414655,0.00221726,0.01075174,0.00351976,0.00761435,0.00075391,0.01944216,0.02603028,0.02245090,0.01050831,0.00106920,0.00260046,0.00202424,0.00163184,0.00015446,0.06163436,0.04158450,0.05999969,0.00452616,0.01881410,0.04594938,0.04107964,0.05135226,0.00922408,0.02047715,0.00383439,0.01679136,0.01283848,0.04614770,0.01114056,0.10203244,0.05693218,0.00076574,0.01946027,0.00727454
1997-03,0.00163613,0.02277042,0.00138013,0.02937320,0.01636568,0.00513148,0.01133648,0.00947517,0.02611980,0.00559580,0.01010364,0.01244440,0.07904703,0.02814116,0.00414973,0.00226944,0.01055594,0.00325956,0.00762816,0.00073270,0.01909018,0.02586229,0.02248260,0.01033181,0.00108127,0.00250655,0.00247082,0.00181607,0.00015041,0.05790361,0.04117893,0.06162202,0.00434107,0.01842182,0.04227032,0.03845141,0.04657570,0.00910806,0.02143461,0.00393730,0.01651082,0.01273659,0.04852054,0.01084345,0.10637808,0.05846689,0.00079610,0.02046304,0.00673157
1997-04,0.00161696,0.02367866,0.00139128,0.02877410,0.01470301,0.00524300,0.01144647,0.00995137,0.02570952,0.00557825,0.00942788,0.01205062,0.07709215,0.02875406,0.00418372,0.00232896,0.01045870,0.00326112,0.00766291,0.00074723,0.01964251,0.02624108,0.02262296,0.01075748,0.00110868,0.00250550,0.00219317,0.00179987,0.00015002,0.06400508,0.04183584,0.05920754,0.00441472,0.01852716,0.04114922,0.03742427,0.04765737,0.00877721,0.02124738,0.00421333,0.01730033,0.01246715,0.05046628,0.01152441,0.10283962,0.05846978,0.00081678,0.01983622,0.00673905
1997-05,0.00164151,0.02349972,0.00135904,0.03078208,0.01457335,0.00520297,0.01135334,0.00945599,0.02675365,0.00521231,0.00919221,0.01167430,0.07925413,0.02852238,0.00418165,0.00212272,0.01091632,0.00319336,0.00740944,0.00071912,0.01960803,0.02768352,0.02259292,0.01040264,0.00111810,0.00256489,0.00188061,0.00169028,0.00015098,0.06146058,0.03948914,0.05594109,0.00440253,0.01810880,0.04212203,0.04040365,0.04826256,0.00901971,0.02100447,0.00431921,0.01755069,0.01198108,0.04884002,0.01169293,0.10464537,0.05913446,0.00075469,0.01991942,0.00623605
1997-06,0.00155945,0.02248245,0.00134229,0.03069907,0.01501916,0.00515309,0.01113325,0.00943289,0.02706166,0.00517500,0.00941973,0.01191469,0.07893827,0.02786631,0.00424584,0.00209802,0.01090201,0.00319478,0.00754128,0.00073178,0.02046788,0.02830304,0.02234822,0.01040669,0.00112463,0.00253990,0.00168124,0.00166299,0.00013614,0.06150783,0.03815072,0.05575677,0.00424064,0.01890249,0.04455159,0.04164963,0.04860362,0.00897595,0.02117679,0.00434811,0.01742610,0.01219768,0.04834160,0.01107053,0.10190811,0.05957926,0.00074242,0.01993086,0.00635755
1997-07,0.00160637,0.02171946,0.00136141,0.02822151,0.01345013,0.00308915,0.01068913,0.01081910,0.02671034,0.00511110,0.01021816,0.01277963,0.08109841,0.02726520,0.00433398,0.00187450,0.01362378,0.00242626,0.00810010,0.00070973,0.01955380,0.02904413,0.01984050,0.01242329,0.00117970,0.00264388,0.00177308,0.00163590,0.00012753,0.06056714,0.03601829,0.05955039,0.00584044,0.02153960,0.04190880,0.04330640,0.04703510,0.00878479,0.01882675,0.00330807,0.01555127,0.01322341,0.04984443,0.01123381,0.10205318,0.06089743,0.00101961,0.02002556,0.00603624
1997-08,0.00146795,0.02118911,0.00160760,0.02677554,0.01264582,0.00298498,0.01007577,0.01053513,0.02598097,0.00491667,0.00920709,0.01266377,0.07699665,0.02711454,0.00405477,0.00176754,0.01376057,0.00256724,0.00825071,0.00066761,0.02002969,0.02931950,0.01990710,0.01249258,0.00123690,0.00255871,0.00171706,0.00152624,0.00013031,0.06051543,0.03415726,0.05655328,0.00551230,0.02066701,0.04787210,0.04456161,0.05190510,0.00871614,0.01831947,0.00325671,0.01564178,0.01292319,0.05054481,0.01120797,0.10534525,0.06079856,0.00102383,0.02053986,0.00579023
1997-09,0.00167149,0.02114877,0.00153075,0.02452232,0.01285537,0.00307527,0.01033317,0.01073134,0.02493514,0.00486657,0.00938374,0.01305121,0.07476926,0.02703060,0.00424455,0.00186146,0.01332436,0.00275443,0.00849691,0.00071209,0.02114499,0.02779887,0.02105042,0.01047395,0.00124047,0.00264314,0.00184332,0.00158329,0.00012967,0.06311860,0.03448945,0.05507282,0.00563127,0.02123445,0.04958357,0.04519555,0.05401301,0.00924152,0.01815722,0.00328168,0.01571961,0.01365783,0.05137291,0.01116352,0.10330184,0.05891313,0.00106624,0.02075790,0.00582095
1997-10,0.00169040,0.02138251,0.00146616,0.02509015,0.01165634,0.00298368,0.01038441,0.01097903,0.02488510,0.00488742,0.00910779,0.01259200,0.07629394,0.02574045,0.00413030,0.00187195,0.01301812,0.00274328,0.00810652,0.00069489,0.02030561,0.02844615,0.02107496,0.01011894,0.00134962,0.00258686,0.00189883,0.00152737,0.00011773,0.06361148,0.03407935,0.05700639,0.00606414,0.02094958,0.04888028,0.04392104,0.05232790,0.00915861,0.01779066,0.00291105,0.01618372,0.01350623,0.05123616,0.01118109,0.10532049,0.05943277,0.00113098,0.02224692,0.00593067
1997-11,0.00172224,0.02182792,0.00155465,0.02449474,0.01157961,0.00319583,0.01061683,0.01134730,0.02486739,0.00468678,0.00888193,0.01216699,0.08036425,0.02557726,0.00411609,0.00186076,0.01300329,0.00279316,0.00776139,0.00068502,0.01915366,0.02795888,0.02098310,0.00920551,0.00135121,0.00243439,0.00156274,0.00145044,0.00010280,0.06427722,0.03556130,0.06046543,0.00602884,0.02053107,0.04619172,0.04483089,0.04741452,0.00847119,0.01726568,0.00286956,0.01655312,0.01370365,0.05250166,0.01096714,0.10749284,0.05907926,0.00108766,0.02208047,0.00532060
1997-12,0.00178092,0.02266141,0.00161148,0.02549847,0.01228424,0.00316181,0.01120341,0.01147022,0.02534516,0.00459585,0.00864993,0.01228476,0.07878735,0.02555053,0.00423514,0.00176710,0.01307835,0.00265247,0.00717456,0.00062584,0.01804496,0.03031287,0.01987507,0.00954345,0.00133072,0.00239960,0.00125370,0.00136333,0.00009186,0.05990076,0.03666400,0.06496099,0.00590408,0.02002674,0.04604541,0.04485979,0.04539594,0.00824539,0.01732400,0.00277564,0.01585194,0.01343042,0.05426839,0.01101726,0.10816468,0.05881984,0.00105258,0.02150219,0.00515541
1998-01,0.00179506,0.02282054,0.00178921,0.02619581,0.01268449,0.00297142,0.01152981,0.01204239,0.02574294,0.00410232,0.00840699,0.01232363,0.08073040,0.02504928,0.00446451,0.00173622,0.01341383,0.00269651,0.00701669,0.00062499,0.01784210,0.02974539,0.02047426,0.00914100,0.00128093,0.00237697,0.00120474,0.00122890,0.00009198,0.05820567,0.03890844,0.06660833,0.00612373,0.02090533,0.04317842,0.04225261,0.04185369,0.00832960,0.01589445,0.00261465,0.01593317,0.01313259,0.05312541,0.01054239,0.11241004,0.06069560,0.00098912,0.02124547,0.00552796
1998-02,0.00168465,0.02211361,0.00163091,0.02563109,0.01170234,0.00303273,0.01225357,0.01194644,0.02581640,0.00410454,0.00754827,0.01269746,0.08668668,0.02438629,0.00434194,0.00172212,0.01323162,0.00289626,0.00716767,0.00046023,0.01723819,0.03113406,0.02053657,0.00923467,0.00125167,0.00249434,0.00119179,0.00120770,0.00008375,0.05452389,0.03672816,0.06948055,0.00605055,0.02068034,0.04487812,0.04472300,0.04476107,0.00820866,0.01640375,0.00248881,0.01566449,0.01288340,0.05381173,0.01017384,0.10650973,0.06040301,0.00098728,0.02010576,0.00510628
1998-03,0.00178832,0.02129439,0.00159297,0.02506113,0.01143782,0.00310107,0.01211455,0.01177908,0.02629917,0.00424854,0.00774433,0.01262251,0.08476841,0.02457324,0.00438161,0.00172024,0.01343468,0.00292552,0.00693019,0.00046812,0.01800100,0.02954704,0.02148442,0.00976890,0.00120091,0.00260697,0.00113344,0.00115251,0.00008451,0.05412021,0.03508262,0.06642646,0.00593269,0.02102963,0.04612175,0.04652978,0.04573527,0.00838757,0.01602230,0.00258828,0.01519769,0.01289689,0.05575866,0.00958255,0.10766059,0.06111692,0.00090900,0.02065964,0.00497590
1998-04,0.00169750,0.02117049,0.00167670,0.02683664,0.01046286,0.00294976,0.01154808,0.01186127,0.02610206,0.00424080,0.00776677,0.01227550,0.08374780,0.02470790,0.00429273,0.00173962,0.01394458,0.00297954,0.00670906,0.00046918,0.01765092,0.03078684,0.02170351,0.00927670,0.00117836,0.00243244,0.00115423,0.00124745,0.00008447,0.05371551,0.03548568,0.06948064,0.00607742,0.02135085,0.04255553,0.04824472,0.04267312,0.00800447,0.01559708,0.00260243,0.01547697,0.01263237,0.05697339,0.00971429,0.10850755,0.06171433,0.00086477,0.02064110,0.00499403
1998-05,0.00178090,0.01999280,0.00170182,0.02582867,0.00925168,0.00306412,0.01266182,0.01193565,0.02615051,0.00427498,0.00781682,0.01226258,0.08485128,0.02522244,0.00367169,0.00179047,0.01360715,0.00281754,0.00691697,0.00046218,0.01772621,0.03026908,0.02180090,0.00931912,0.00114533,0.00241218,0.00121164,0.00125632,0.00008356,0.05531015,0.03410121,0.06657760,0.00544842,0.02098003,0.04674796,0.04816648,0.04506610,0.00790925,0.01601683,0.00248742,0.01489992,0.01275071,0.05623969,0.00967951,0.10702495,0.06201719,0.00085257,0.02111244,0.00532518
1998-06,0.00191818,0.02068579,0.00178013,0.02732928,0.00957447,0.00297677,0.01200474,0.01211063,0.02655005,0.00436484,0.00754059,0.01237849,0.08517584,0.02617673,0.00365253,0.00178642,0.01363517,0.00271745,0.00643940,0.00044663,0.01722031,0.03034729,0.02453088,0.00921898,0.00119429,0.00247889,0.00099912,0.00121935,0.00008364,0.05419833,0.03439954,0.06720485,0.00526427,0.02032651,0.04595192,0.04600576,0.04160486,0.00752557,0.01552086,0.00257515,0.01459661,0.01258639,0.05999906,0.00912662,0.10681238,0.06284641,0.00084054,0.02091877,0.00515872
1998-07,0.00192853,0.01973332,0.00157983,0.02616524,0.00869685,0.00212258,0.01131933,0.01226585,0.02526148,0.00429367,0.00730856,0.01228606,0.08493128,0.02345771,0.00226552,0.00157852,0.01300597,0.00334248,0.00565388,0.00044028,0.01477388,0.02986261,0.01924186,0.01012814,0.00106936,0.00216398,0.00098365,0.00103154,0.00106498,0.05008891,0.03510869,0.07229220,0.00531213,0.02208283,0.04505177,0.05618651,0.04285727,0.00701336,0.01372778,0.00243665,0.01415836,0.01254779,0.06055676,0.00997878,0.11756287,0.05642236,0.00098607,0.02209934,0.00557260
1998-08,0.00170166,0.01877015,0.00139055,0.02561442,0.00985662,0.00194885,0.01147111,0.01221665,0.02496346,0.00391827,0.00684606,0.01275657,0.08719736,0.02143584,0.00222450,0.00147030,0.01238461,0.00340811,0.00542801,0.00042323,0.01357212,0.02981979,0.01931922,0.00981252,0.00104676,0.00208700,0.00083596,0.00108154,0.00118197,0.04780344,0.03394853,0.07649749,0.00500525,0.02125699,0.04896554,0.05465990,0.04582066,0.00663799,0.01316252,0.00229783,0.01362694,0.01234436,0.06072661,0.00963509,0.12137011,0.05488953,0.00092542,0.02199951,0.00424306
1998-09,0.00197665,0.02044146,0.00122419,0.02445512,0.01112832,0.00193256,0.01040311,0.01306628,0.02645855,0.00363067,0.00615731,0.01272730,0.09198067,0.02241104,0.00217627,0.00145963,0.01203203,0.00308827,0.00502966,0.00036676,0.01295187,0.03145622,0.01838819,0.00924144,0.00112041,0.00218725,0.00074919,0.00109296,0.00105702,0.05035258,0.04101653,0.07965465,0.00472923,0.02093089,0.04950691,0.05278787,0.04284759,0.00669252,0.01341614,0.00213977,0.01347338,0.01204060,0.06213170,0.00968991,0.10950757,0.05496678,0.00090264,0.01891145,0.00391091
1998-10,0.00170638,0.02033133,0.00120870,0.02187133,0.01170502,0.00168850,0.00979717,0.01230611,0.02372060,0.00356750,0.00544052,0.01297927,0.09862089,0.02126769,0.00199296,0.00125710,0.01101277,0.00317925,0.00516254,0.00035962,0.01228105,0.02961267,0.01767123,0.00924205,0.00110224,0.00234311,0.00119566,0.00108056,0.00099071,0.05325436,0.04173591,0.07949988,0.00458701,0.02119401,0.05477635,0.05930486,0.04382697,0.00666976,0.01343472,0.00196400,0.01291755,0.01258884,0.05825129,0.00922841,0.10773531,0.05324927,0.00079358,0.01615714,0.00413622
1998-11,0.00157364,0.02082359,0.00158576,0.02391059,0.01224851,0.00187727,0.00972207,0.01249177,0.02653597,0.00357043,0.00531489,0.01220150,0.09648265,0.02023832,0.00216048,0.00120960,0.01170537,0.00327564,0.00527498,0.00035496,0.01318192,0.03061907,0.01843202,0.00994333,0.00121573,0.00241217,0.00065458,0.00111200,0.00096357,0.05083881,0.03858288,0.07946071,0.00447205,0.02089663,0.05571369,0.05546119,0.04657856,0.00715795,0.01375554,0.00220690,0.01318876,0.01235096,0.06177241,0.00964062,0.10057100,0.05377504,0.00072501,0.01784944,0.00390948
1998-12,0.00150323,0.02054933,0.00157937,0.02395868,0.01269370,0.00177131,0.01059532,0.01287418,0.02537681,0.00357140,0.00540690,0.01217690,0.09708469,0.02000041,0.00215697,0.00124659,0.01149878,0.00325591,0.00488269,0.00033573,0.01287173,0.03020164,0.01550033,0.01036233,0.00117047,0.00217082,0.00057107,0.00108961,0.00096981,0.04822218,0.03696932,0.07760835,0.00493268,0.02063179,0.05756316,0.06055174,0.05015502,0.00691621,0.01369211,0.00227846,0.01287611,0.01193820,0.06475397,0.00947158,0.09712431,0.05365642,0.00072115,0.01885375,0.00365677
1999-01,0.00107985,0.01905479,0.00143447,0.02249429,0.01149307,0.00137743,0.00991486,0.01333360,0.02518339,0.00350553,0.00510708,0.01250375,0.09568528,0.01793634,0.00209682,0.00122744,0.01113957,0.00349800,0.00453966,0.00030438,0.01215903,0.03170351,0.01514699,0.00910917,0.00114781,0.00173644,0.00050905,0.00104928,0.00111937,0.04460967,0.03571930,0.08360483,0.00485911,0.02087145,0.06300902,0.06702029,0.05367254,0.00658680,0.01283300,0.00219141,0.01258760,0.01173242,0.06742844,0.00955313,0.09487692,0.04983512,0.00070311,0.01811020,0.00360538
1999-02,0.00107718,0.01776461,0.00133751,0.02156117,0.00981595,0.00135583,0.01048496,0.01292037,0.02399710,0.00361623,0.00413581,0.01181321,0.09408819,0.01653191,0.00195240,0.00111075,0.01198437,0.00364277,0.00458782,0.00029826,0.01253740,0.03157920,0.01587139,0.00893105,0.00108415,0.00144725,0.00049118,0.00093036,0.00129854,0.03635121,0.03254278,0.08878531,0.00426196,0.02076423,0.07135050,0.07659087,0.05829559,0.00664991,0.01208132,0.00218647,0.01237348,0.01134605,0.06788086,0.00942381,0.09128699,0.04593053,0.00069005,0.01977043,0.00319073
1999-03,0.00099093,0.01787752,0.00124163,0.02214368,0.00858681,0.00147855,0.01142054,0.01344181,0.02460887,0.00381219,0.00381997,0.01171976,0.09903192,0.01735165,0.00192033,0.00105611,0.01157585,0.00354177,0.00450809,0.00026970,0.01260963,0.03142781,0.01557890,0.00966334,0.00111033,0.00158209,0.00049607,0.00095370,0.00143625,0.03628950,0.03248357,0.08974385,0.00389809,0.02030558,0.06384836,0.07121619,0.05385196,0.00658381,0.01234219,0.00222336,0.01270721,0.01057632,0.06995170,0.01047117,0.09442293,0.04918385,0.00065624,0.02066737,0.00332096
1999-04,0.00122473,0.01650052,0.00116791,0.02114911,0.00751235,0.00147012,0.01043442,0.01347925,0.02509605,0.00371721,0.00363680,0.01205213,0.09846350,0.01746139,0.00137292,0.00095789,0.01192519,0.00363742,0.00427230,0.00025503,0.01255367,0.03325075,0.01500342,0.00982815,0.00111212,0.00153561,0.00046205,0.00095412,0.00181469,0.04034498,0.03074591,0.08108181,0.00383029,0.02032014,0.06570081,0.07855034,0.05504958,0.00632286,0.01207338,0.00231515,0.01268689,0.00995154,0.07016035,0.01055070,0.09336236,0.04891623,0.00060935,0.02199018,0.00313634
1999-05,0.00120661,0.01594078,0.00124675,0.02132714,0.00721798,0.00159707,0.01038278,0.01364715,0.02505370,0.00386847,0.00418307,0.01162321,0.08766249,0.02044903,0.00157435,0.00099211,0.01140808,0.00403880,0.00528131,0.00030723,0.01356926,0.03115135,0.01570419,0.01085556,0.00117035,0.00167912,0.00055664,0.00109152,0.00214104,0.04468251,0.03157663,0.08367727,0.00389396,0.02012518,0.06542817,0.07213714,0.05619555,0.00678166,0.01425803,0.00228990,0.01360590,0.00999823,0.06683704,0.01008641,0.09663589,0.04800339,0.00062335,0.02266291,0.00357377
1999-06,0.00121716,0.01689196,0.00133198,0.02165262,0.00811543,0.00155219,0.01001101,0.01369887,0.02481624,0.00385041,0.00438504,0.01171786,0.08722812,0.01960020,0.00162599,0.00103114,0.01138686,0.00415901,0.00498756,0.00033983,0.01355076,0.03100896,0.01522789,0.01084878,0.00117918,0.00164726,0.00037410,0.00106014,0.00192049,0.04419532,0.03429891,0.08560574,0.00390430,0.02002547,0.06791470,0.07195218,0.05609218,0.00704764,0.01344194,0.00227588,0.01312700,0.01047236,0.06520602,0.00959140,0.09242908,0.04914809,0.00065543,0.02251631,0.00368298
1999-07,0.00092815,0.01497236,0.00136948,0.01827888,0.00768061,0.00155451,0.01006726,0.01290669,0.01991796,0.00346789,0.00362622,0.01134280,0.08188049,0.01782661,0.00126085,0.00084354,0.00985029,0.00193480,0.00634876,0.00033728,0.01353888,0.03046005,0.01329365,0.01020755,0.00105773,0.00133926,0.00043522,0.00105500,0.00165969,0.03978227,0.02927297,0.09240333,0.00246625,0.02247987,0.05199553,0.10090379,0.06127803,0.00661869,0.01279466,0.00134150,0.01106752,0.01136742,0.06512550,0.00840672,0.10525441,0.04607920,0.00067153,0.02578108,0.00546728
1999-08,0.00093719,0.01484044,0.00141496,0.01898025,0.00740551,0.00150122,0.00969690,0.01327576,0.02038577,0.00326555,0.00342271,0.01176506,0.08056695,0.01844263,0.00115198,0.00080785,0.01011364,0.00188288,0.00649966,0.00032538,0.01381779,0.03056234,0.01266678,0.01057769,0.00107220,0.00131878,0.00042274,0.00099331,0.00153486,0.04208156,0.02987559,0.09369572,0.00237465,0.02212454,0.05463577,0.09714920,0.06582046,0.00678042,0.01341356,0.00129208,0.01112324,0.01156195,0.06326892,0.00848737,0.10261941,0.04559334,0.00065060,0.02347514,0.00432773
1999-09,0.00092865,0.01479841,0.00133704,0.01849815,0.00755416,0.00140114,0.00980056,0.01212056,0.02117782,0.00292504,0.00324621,0.01185643,0.08547369,0.01758570,0.00106368,0.00074704,0.01004648,0.00175855,0.00654743,0.00029660,0.01369313,0.03146732,0.01333902,0.01014924,0.00092970,0.00134115,0.00045940,0.00097626,0.00173363,0.04296399,0.03020699,0.08686679,0.00216026,0.02154048,0.05949660,0.10149865,0.07235797,0.00688505,0.01308412,0.00121588,0.01033772,0.01115797,0.05997549,0.00819262,0.09874099,0.04370283,0.00060444,0.02235070,0.00340825
1999-10,0.00092050,0.01466525,0.00114146,0.01613370,0.00713067,0.00134485,0.00985884,0.01265720,0.01960475,0.00312224,0.00305157,0.01105283,0.08181343,0.01700410,0.00105132,0.00066178,0.00913594,0.00174486,0.00654399,0.00028833,0.01386684,0.03375679,0.01277150,0.00974227,0.00094440,0.00124091,0.00057503,0.00096529,0.00158516,0.04255696,0.02961024,0.09266454,0.00205199,0.02280683,0.05983131,0.10789422,0.07166966,0.00715653,0.01306421,0.00113634,0.00991117,0.01078450,0.06291694,0.00851380,0.09704501,0.04009388,0.00062214,0.02200156,0.00329240
1999-11,0.00030445,0.01524397,0.00117871,0.01786029,0.00508628,0.00113265,0.00963847,0.01339969,0.02076912,0.00298336,0.00298163,0.01010481,0.08750858,0.01651709,0.00094052,0.00064420,0.00873282,0.00152942,0.00621911,0.00024290,0.01349246,0.03599962,0.01239020,0.00934657,0.00082311,0.00081509,0.00047532,0.00093196,0.00188128,0.03940547,0.02824932,0.08945569,0.00186223,0.02195086,0.05725901,0.10481364,0.07209591,0.00666385,0.01301292,0.00110217,0.01014837,0.00954635,0.06319420,0.00772231,0.10436173,0.04316316,0.00055905,0.02316188,0.00309820
1999-12,0.00027125,0.01382189,0.00100872,0.01887917,0.00512248,0.00118660,0.00966305,0.01190169,0.02023763,0.00261936,0.00319296,0.01030439,0.08548561,0.01592689,0.00090494,0.00063919,0.00872654,0.00152395,0.00635331,0.00017604,0.01260616,0.03382732,0.01159947,0.00865788,0.00073402,0.00078437,0.00048058,0.00089564,0.00180259,0.03965137,0.02489358,0.09082388,0.00182021,0.02228559,0.06569646,0.11370822,0.07777359,0.00691923,0.01254786,0.00104653,0.00935832,0.00969276,0.06392801,0.00786491,0.09543041,0.04027363,0.00055028,0.02355342,0.00284806
2000-01,0.00024002,0.01221361,0.00090224,0.01617381,0.00423681,0.00108954,0.00984023,0.01269441,0.01971958,0.00251166,0.00318980,0.00957983,0.07493365,0.01569214,0.00088067,0.00059255,0.00846781,0.00149014,0.00729020,0.00016903,0.01323245,0.03723595,0.01125611,0.00846410,0.00068280,0.00078900,0.00044641,0.00081181,0.00203138,0.03139601,0.02275673,0.08918027,0.00170934,0.02399388,0.07316539,0.13482728,0.08447881,0.00660996,0.01255158,0.00102150,0.00876512,0.00980892,0.06503387,0.00666117,0.08482619,0.03840477,0.00051804,0.02444948,0.00298394
2000-02,0.00024361,0.01144589,0.00113928,0.01656604,0.00405156,0.00098456,0.01079361,0.01323528,0.01926651,0.00232022,0.00335386,0.01091969,0.08458236,0.01492648,0.00084369,0.00057401,0.00780275,0.00143403,0.00746275,0.00017454,0.01378479,0.03412523,0.01161770,0.00806484,0.00063626,0.00072179,0.00039442,0.00083433,0.00299588,0.03247178,0.02464330,0.08946331,0.00164291,0.02314261,0.07436249,0.12647776,0.08719724,0.00759792,0.01203850,0.00092890,0.00815137,0.01117355,0.05839830,0.00647122,0.08589258,0.03724966,0.00053997,0.02372631,0.00313438
2000-03,0.00025621,0.01043992,0.00102462,0.01440060,0.00382994,0.00097222,0.01026630,0.01297766,0.01673014,0.00204004,0.00268549,0.01144809,0.08061630,0.01356287,0.00082449,0.00053024,0.00709086,0.00143484,0.00786927,0.00017307,0.01482835,0.03334991,0.01039603,0.00733217,0.00058995,0.00066799,0.00040931,0.00074713,0.00284646,0.02995706,0.02212756,0.08432224,0.00147961,0.02282369,0.08868276,0.13778926,0.10846988,0.00873796,0.01042146,0.00079208,0.00749730,0.01079854,0.05502767,0.00560387,0.07480642,0.03184132,0.00054209,0.02489885,0.00303990
2000-04,0.00024929,0.01071969,0.00095154,0.01342528,0.00367394,0.00097668,0.01062812,0.01363652,0.01331419,0.00237412,0.00302485,0.01076751,0.07459943,0.01421125,0.00072873,0.00051618,0.00739272,0.00153558,0.00759701,0.00017143,0.01446422,0.03631848,0.01066722,0.00752292,0.00060581,0.00070205,0.00037240,0.00075715,0.00246586,0.03180996,0.02154300,0.08505081,0.00152473,0.02135479,0.08931372,0.13006480,0.10562805,0.00825658,0.01051737,0.00083342,0.00783969,0.01079551,0.05869217,0.00607283,0.08016242,0.03645625,0.00051034,0.02657338,0.00263001
2000-05,0.00024721,0.01069075,0.00099599,0.01465916,0.00401714,0.00102902,0.01167893,0.01325206,0.01463934,0.00259139,0.00346446,0.01145465,0.08054106,0.01439104,0.00078095,0.00057766,0.00785663,0.00163372,0.00791435,0.00017462,0.01598355,0.03849441,0.01251034,0.00826753,0.00072049,0.00088228,0.00040175,0.00074312,0.00219787,0.03129880,0.02408277,0.08199372,0.00161542,0.02143248,0.08839987,0.11054291,0.10522445,0.00827291,0.01097788,0.00080512,0.00853789,0.01073631,0.05839128,0.00661880,0.08181222,0.03814451,0.00052433,0.02477347,0.00302343
2000-06,0.00025328,0.01298183,0.00095831,0.01702097,0.00496370,0.00107319,0.01228864,0.01285731,0.01555189,0.00253795,0.00337782,0.01177024,0.08744367,0.01490125,0.00076953,0.00057254,0.00752436,0.00159330,0.00737018,0.00016392,0.01486197,0.04006028,0.01099696,0.00847988,0.00075317,0.00091143,0.00042646,0.00077778,0.00198898,0.03591476,0.02587927,0.07341056,0.00155807,0.02159188,0.07807847,0.10297777,0.09925755,0.00760011,0.01115057,0.00081077,0.00850136,0.01127575,0.05869932,0.00657926,0.09149621,0.04204801,0.00052610,0.02394498,0.00346842
2000-07,0.00047738,0.01528848,0.00088087,0.01158398,0.00418775,0.00104068,0.01530936,0.00582355,0.01253674,0.00199208,0.00337522,0.01141772,0.09234480,0.01385132,0.00107181,0.00042906,0.00617982,0.00158946,0.00850087,0.00022805,0.01426529,0.00583329,0.00898772,0.00644426,0.00084329,0.00071856,0.00036688,0.00067056,0.00009459,0.03676555,0.02164789,0.08317510,0.00151513,0.02047290,0.08591284,0.12778344,0.10867000,0.00870198,0.00870697,0.00079685,0.00724317,0.01027645,0.05173902,0.00537866,0.07511356,0.03686598,0.00063674,0.02514942,0.03711490
2000-08,0.00046531,0.01535210,0.00102216,0.01263826,0.00409879,0.00095909,0.01548862,0.00586786,0.01248787,0.00215041,0.00385641,0.01180479,0.08669944,0.01428747,0.00107771,0.00045921,0.00616756,0.00158741,0.00816175,0.00024874,0.01365923,0.00594874,0.00957864,0.00706515,0.00092530,0.00082335,0.00030306,0.00068323,0.00010784,0.03625259,0.02287726,0.07838118,0.00160010,0.02046238,0.08883625,0.11853299,0.10512032,0.00782168,0.00934443,0.00075364,0.00812944,0.01095857,0.05170121,0.00539206,0.08291772,0.04108914,0.00066740,0.02789344,0.03729267
2000-09,0.00042967,0.01376108,0.00093312,0.01049734,0.00455027,0.00091172,0.01508733,0.00544984,0.01208149,0.00206582,0.00384081,0.01173033,0.08307083,0.01365644,0.00102414,0.00039136,0.00589903,0.00169472,0.00951198,0.00027725,0.01390762,0.00594658,0.00943628,0.00724714,0.00095027,0.00077674,0.00029393,0.00066518,0.00011711,0.03650097,0.02344883,0.07106941,0.00165993,0.01948928,0.09388133,0.12427278,0.10982853,0.00867495,0.00887593,0.00071130,0.00736224,0.01128004,0.04565245,0.00499678,0.08507372,0.03996015,0.00062251,0.03087305,0.03956039
2000-10,0.00045201,0.01533666,0.00088478,0.01163982,0.00475582,0.00096058,0.01439720,0.00577493,0.01254490,0.00216018,0.00447330,0.01211130,0.09079476,0.01384025,0.00083199,0.00043664,0.00597192,0.00173752,0.00879298,0.00025581,0.01223316,0.00559794,0.00936589,0.00828307,0.00101087,0.00094264,0.00028503,0.00065407,0.00010649,0.03972583,0.02670510,0.07151135,0.00169757,0.01955993,0.08678758,0.11787552,0.08778623,0.00831497,0.00864561,0.00065804,0.00751507,0.01230873,0.04923742,0.00535100,0.09295126,0.04492399,0.00062555,0.03008490,0.04110184
2000-11,0.00041370,0.01537639,0.00103025,0.01294768,0.00599568,0.00105272,0.01414048,0.00574592,0.01404998,0.00230334,0.00487552,0.01204027,0.09528678,0.01456253,0.00074006,0.00043559,0.00652839,0.00185084,0.00792914,0.00025301,0.01190017,0.00511769,0.00985333,0.00972049,0.00116689,0.00104950,0.00023320,0.00069350,0.00011716,0.03961790,0.02624827,0.07316329,0.00165951,0.01978065,0.08381974,0.10953901,0.08318645,0.00797739,0.00985296,0.00066320,0.00825150,0.01230745,0.04941523,0.00568640,0.09390483,0.04798673,0.00064011,0.02895482,0.03993438
2000-12,0.00045601,0.01774521,0.00132605,0.01500584,0.00695496,0.00109452,0.01366842,0.00601753,0.01569304,0.00267340,0.00571027,0.01331318,0.10675361,0.01628235,0.00082750,0.00048087,0.00681280,0.00205133,0.00744643,0.00027266,0.01189550,0.00514371,0.00943174,0.01064515,0.00138123,0.00112133,0.00030275,0.00077837,0.00014117,0.04287860,0.02941710,0.06800588,0.00175359,0.02064517,0.07025934,0.09370623,0.06924070,0.00755024,0.01057336,0.00062737,0.00932215,0.01277320,0.05494961,0.00664370,0.10076421,0.05305400,0.00072673,0.02487404,0.04080787
2001-01,0.00050267,0.01767789,0.00122379,0.01446026,0.00795464,0.00111059,0.01218116,0.00659321,0.01599478,0.00302774,0.00631972,0.01380172,0.10834632,0.01765950,0.00093035,0.00050275,0.00758873,0.00226344,0.00750063,0.00024591,0.01293170,0.00541118,0.00929311,0.01049943,0.00139735,0.00111822,0.00030350,0.00082480,0.00020103,0.04549107,0.03028526,0.06434409,0.00195893,0.02035917,0.05945878,0.08461450,0.06577631,0.00846802,0.01155640,0.00073333,0.00959833,0.01425251,0.05668933,0.00671667,0.10739727,0.05530362,0.00074379,0.02862983,0.03975667
2001-02,0.00051400,0.01631489,0.00122090,0.01344437,0.00776779,0.00118709,0.00868641,0.00657937,0.01490085,0.00305325,0.00532937,0.01287958,0.09639870,0.01638428,0.00101499,0.00036275,0.00720664,0.00228256,0.00775216,0.00026579,0.01396438,0.00540180,0.01039013,0.00967336,0.00126616,0.00109504,0.00027716,0.00082544,0.00019131,0.04285774,0.02517637,0.07238423,0.00204914,0.02054876,0.06384104,0.10022407,0.07593433,0.00851040,0.01079040,0.00076612,0.00985556,0.01363564,0.06070081,0.00629851,0.10455471,0.04869886,0.00075401,0.02847974,0.03730902
2001-03,0.00054132,0.01826950,0.00145322,0.01395694,0.00943186,0.00138079,0.00887727,0.00728186,0.01631275,0.00300932,0.00627708,0.01423691,0.10574736,0.01721055,0.00110187,0.00039162,0.00791035,0.00252295,0.00654073,0.00027420,0.01407115,0.00511999,0.01140836,0.01114732,0.00136517,0.00132277,0.00033959,0.00087957,0.00025947,0.04690639,0.02951365,0.07107873,0.00231331,0.02141198,0.04677620,0.08990893,0.05649769,0.00748553,0.01230006,0.00079901,0.01027620,0.01427130,0.06310880,0.00697814,0.10855605,0.05379513,0.00085145,0.02664616,0.04188347
2001-04,0.00059661,0.01857116,0.00135113,0.01354647,0.01001191,0.00147083,0.00864429,0.00731206,0.01595286,0.00319547,0.00634342,0.01437662,0.10329031,0.01763555,0.00118117,0.00040216,0.00818672,0.00284999,0.00643548,0.00030237,0.01479682,0.00483266,0.01200125,0.01084320,0.00135293,0.00136070,0.00034529,0.00093470,0.00033152,0.05027689,0.03171880,0.07181350,0.00211829,0.02069430,0.04080003,0.08260611,0.05526089,0.00654944,0.01240157,0.00082653,0.01079207,0.01439585,0.06644937,0.00712603,0.11383458,0.05676465,0.00089787,0.02493694,0.04128065
2001-05,0.00054203,0.01682247,0.00128257,0.01229855,0.00981478,0.00136293,0.00934323,0.00713195,0.01498850,0.00317654,0.00605756,0.01332368,0.10037343,0.01734099,0.00114691,0.00039264,0.00768591,0.00277872,0.00676482,0.00027499,0.01580418,0.00491583,0.01191389,0.01121124,0.00152623,0.00125828,0.00036801,0.00090117,0.00033348,0.05130180,0.03096694,0.06914469,0.00204107,0.02069547,0.04251121,0.09300239,0.06047224,0.00716402,0.01216786,0.00081790,0.01037328,0.01443177,0.06440604,0.00701511,0.10794271,0.05409339,0.00086477,0.02602417,0.04342764
2001-06,0.00057854,0.01710837,0.00127097,0.01277778,0.00997093,0.00148046,0.01022193,0.00728601,0.01567953,0.00328124,0.00613707,0.01355765,0.10233235,0.01738909,0.00112643,0.00039919,0.00788860,0.00269964,0.00671670,0.00026846,0.01556426,0.00508541,0.01140532,0.01140632,0.00152840,0.00134563,0.00039975,0.00100000,0.00028464,0.05077599,0.03073863,0.06594733,0.00224190,0.02149610,0.04066500,0.09233602,0.05435699,0.00701592,0.01220079,0.00084671,0.01076587,0.01426339,0.06504208,0.00724928,0.11170609,0.05482642,0.00089708,0.02680375,0.04363400
2001-07,0.00034201,0.01783579,0.00112746,0.01173243,0.00913210,0.00147095,0.00306647,0.00821701,0.01498932,0.00321789,0.00750112,0.01363034,0.10127615,0.01283029,0.00107025,0.00042083,0.00777481,0.00252052,0.00605283,0.00024890,0.01513457,0.00465075,0.00989478,0.00921396,0.00146158,0.00135575,0.00043668,0.00084910,0.00038255,0.04645181,0.03174141,0.07930760,0.00236243,0.02144802,0.03920844,0.10375492,0.05757804,0.00746510,0.01134293,0.00073564,0.01072468,0.01379240,0.06145338,0.00662096,0.11338873,0.05465184,0.00086287,0.02689035,0.04238126
2001-08,0.00034827,0.01881986,0.00113976,0.01206041,0.00846573,0.00145369,0.00286915,0.00804018,0.01595827,0.00328744,0.00782918,0.01410749,0.10575615,0.01270771,0.00101459,0.00047278,0.00790830,0.00259600,0.00603599,0.00023647,0.01507396,0.00446944,0.01047738,0.00970036,0.00154978,0.00147983,0.00044253,0.00078876,0.00032572,0.04639617,0.03109963,0.07953949,0.00250443,0.02094669,0.03681005,0.09372474,0.05787489,0.00717104,0.01221609,0.00079852,0.01096993,0.01410115,0.06612074,0.00701195,0.11647159,0.05471046,0.00084890,0.02628117,0.03898717
2001-09,0.00039510,0.01966578,0.00127712,0.01373981,0.00952273,0.00158396,0.00303572,0.00777209,0.01731506,0.00337246,0.00825410,0.01468531,0.10954227,0.01344452,0.00112026,0.00048914,0.00868996,0.00253356,0.00606108,0.00022394,0.01532883,0.00467188,0.00963586,0.00972757,0.00164446,0.00160314,0.00051822,0.00083605,0.00037148,0.04758935,0.03343439,0.07438083,0.00260357,0.02148864,0.03305342,0.08535269,0.05694759,0.00726301,0.01283250,0.00084889,0.01121173,0.01424107,0.06504613,0.00760925,0.11715482,0.05494329,0.00091075,0.02652409,0.03950253
2001-10,0.00039822,0.02153506,0.00142589,0.01461892,0.01067227,0.00143935,0.00275679,0.00757681,0.01812737,0.00305307,0.00897612,0.01588289,0.12018893,0.01336552,0.00112940,0.00041064,0.00836763,0.00230639,0.00520687,0.00020254,0.01352314,0.00445750,0.00871824,0.00759226,0.00195815,0.00195004,0.00064687,0.00082495,0.00034521,0.04850955,0.03433030,0.08001397,0.00268018,0.02068268,0.02729957,0.08105260,0.04703426,0.00651469,0.01291254,0.00081806,0.01014864,0.01433671,0.06465203,0.00723501,0.11986367,0.06027912,0.00090720,0.02504658,0.03802559
2001-11,0.00038439,0.02115289,0.00148838,0.01451474,0.01015973,0.00161661,0.00282657,0.00744139,0.01785250,0.00321763,0.00813555,0.01535693,0.12021790,0.01355945,0.00122720,0.00042507,0.00830838,0.00237236,0.00521564,0.00020760,0.01462941,0.00438135,0.00836788,0.00791459,0.00182236,0.00211110,0.00060006,0.00078345,0.00043960,0.04595961,0.03414653,0.07070052,0.00254733,0.02143044,0.03353088,0.08911543,0.05410034,0.00714553,0.01276714,0.00085374,0.01033364,0.01299686,0.06549837,0.00728681,0.11495092,0.05732312,0.00090608,0.02508362,0.03659237
2001-12,0.00037839,0.01985527,0.00132468,0.01345065,0.00956653,0.00157739,0.00300198,0.00775971,0.01759818,0.00326296,0.00769467,0.01554635,0.11690119,0.01397023,0.00112795,0.00042361,0.00827171,0.00244019,0.00561266,0.00019491,0.01468296,0.00448521,0.00910368,0.00801278,0.00172027,0.00186932,0.00049430,0.00081171,0.00034950,0.04046452,0.03075329,0.06960399,0.00252445,0.02179938,0.03853016,0.09284628,0.05992589,0.00734510,0.01297168,0.00085726,0.01076250,0.01165014,0.06883952,0.00715620,0.11336950,0.05614084,0.00088405,0.02579920,0.03628714
2002-01,0.00039525,0.01897616,0.00140447,0.01348491,0.00916010,0.00156574,0.00311854,0.00789803,0.01767887,0.00344224,0.00772848,0.01600345,0.11052847,0.01355924,0.00118239,0.00046899,0.00868205,0.00272645,0.00538425,0.00020289,0.01543047,0.00461787,0.00866917,0.00845493,0.00165415,0.00185532,0.00031094,0.00084512,0.00037984,0.04227004,0.03147656,0.07029559,0.00263245,0.02288770,0.03534544,0.09402851,0.05616081,0.00775246,0.01302170,0.00091530,0.01089376,0.01160857,0.07126412,0.00735114,0.11513151,0.05606025,0.00093826,0.02689326,0.03726380
2002-02,0.00039613,0.01962803,0.00130236,0.01316425,0.01007620,0.00168359,0.00333309,0.00771510,0.01835905,0.00367804,0.00791322,0.01599166,0.10876537,0.01351088,0.00120404,0.00049573,0.00890993,0.00283085,0.00544737,0.00019035,0.01599401,0.00477057,0.00904749,0.00896033,0.00163265,0.00212081,0.00036019,0.00083320,0.00034889,0.04114785,0.03044261,0.06601953,0.00274067,0.02259484,0.03787648,0.09101941,0.05887917,0.00750093,0.01289493,0.00100636,0.01180514,0.01213414,0.07378606,0.00792618,0.11540985,0.05581351,0.00096246,0.02648730,0.03488922
2002-03,0.00040058,0.02025368,0.00144214,0.01456965,0.01083987,0.00169653,0.00348730,0.00844121,0.01927082,0.00373492,0.00768907,0.01559248,0.11170956,0.01444380,0.00132593,0.00053647,0.00954328,0.00301034,0.00556524,0.00019920,0.01701776,0.00481946,0.00978586,0.01000849,0.00169140,0.00230546,0.00041058,0.00086543,0.00035065,0.04429313,0.03043396,0.06560594,0.00290581,0.02303186,0.03064956,0.08386464,0.05034010,0.00757634,0.01384554,0.00109795,0.01228822,0.01208685,0.07579866,0.00800893,0.11636755,0.05780492,0.00098663,0.02565952,0.03634669
2002-04,0.00040099,0.01963436,0.00146568,0.01510359,0.01045185,0.00176667,0.00364813,0.00834006,0.01932346,0.00375153,0.00833931,0.01554674,0.10630606,0.01453571,0.00139638,0.00051845,0.00922909,0.00290775,0.00566020,0.00021064,0.01793209,0.00485948,0.01009143,0.00989671,0.00168635,0.00228805,0.00045326,0.00087213,0.00038640,0.04572136,0.03213640,0.06314720,0.00284396,0.02399907,0.03219515,0.08267593,0.05320119,0.00788297,0.01291555,0.00117084,0.01213640,0.01217814,0.07368629,0.00810131,0.12032983,0.05605433,0.00097004,0.02715308,0.03449837
2002-05,0.00044333,0.02089772,0.00165775,0.01674077,0.01139157,0.00190520,0.00403067,0.00837945,0.02035261,0.00407284,0.00955398,0.01586048,0.10144367,0.01459040,0.00145135,0.00059973,0.00995643,0.00327800,0.00554515,0.00022619,0.01842091,0.00505421,0.01082289,0.00997537,0.00183832,0.00262263,0.00049789,0.00089952,0.00038101,0.04603129,0.03370838,0.05795392,0.00295129,0.02389676,0.03092576,0.07321828,0.05157971,0.00739715,0.01393970,0.00124201,0.01202288,0.01276446,0.07602073,0.00888784,0.12593768,0.06062047,0.00105421,0.02567266,0.03128477
2002-06,0.00046479,0.02148468,0.00187790,0.01691619,0.01210199,0.00188281,0.00390474,0.00851420,0.02061439,0.00407191,0.00965486,0.01620808,0.09991832,0.01508929,0.00151306,0.00060946,0.01007315,0.00316968,0.00564099,0.00019654,0.01786560,0.00529174,0.01101942,0.01012199,0.00190799,0.00263053,0.00056217,0.00086505,0.00040669,0.04621596,0.03173761,0.06064428,0.00297469,0.02378260,0.02977744,0.07050508,0.05044352,0.00699614,0.01423693,0.00121490,0.01219340,0.01228200,0.07625974,0.00902182,0.12883152,0.06052468,0.00105245,0.02538845,0.03133859
2002-07,0.00078152,0.02392851,0.00193694,0.01746695,0.00956389,0.00196002,0.00977324,0.00847841,0.02079401,0.00426522,0.00999978,0.01661968,0.09421016,0.01522803,0.00165977,0.00072709,0.00977621,0.00369521,0.00580827,0.00022723,0.01663858,0.00473098,0.01066574,0.00965465,0.00211493,0.00309835,0.00085507,0.00094912,0.00048610,0.05206707,0.03227204,0.05763539,0.00367318,0.02179068,0.02944486,0.06684732,0.04200178,0.00680624,0.01464573,0.00122670,0.01369776,0.01271093,0.07640245,0.00901208,0.13344152,0.06667605,0.00106008,0.02163906,0.03085545
2002-08,0.00078035,0.02375520,0.00178251,0.01764926,0.01083199,0.00190376,0.00899208,0.00875331,0.02204049,0.00418238,0.00999856,0.01706477,0.09980152,0.01505018,0.00152396,0.00061127,0.00978378,0.00330499,0.00502496,0.00017589,0.01553971,0.00468492,0.01014792,0.00998130,0.00178118,0.00312198,0.00085367,0.00092109,0.00036925,0.05011841,0.03081611,0.05528363,0.00375374,0.02099622,0.02992151,0.06499997,0.04148736,0.00635468,0.01505560,0.00116549,0.01367442,0.01238474,0.07326413,0.00889085,0.13446367,0.06870781,0.00106853,0.02116480,0.03601611
2002-09,0.00073331,0.02320187,0.00197008,0.01798049,0.01174828,0.00197756,0.00941648,0.00903063,0.02232849,0.00411869,0.00957555,0.01719531,0.10020345,0.01522018,0.00162708,0.00059374,0.00945494,0.00330917,0.00475870,0.00017391,0.01529664,0.00462583,0.00991809,0.00881672,0.00172693,0.00310077,0.00099646,0.00091212,0.00040287,0.04994592,0.03132690,0.05509083,0.00387903,0.02082463,0.03000570,0.06599592,0.03863878,0.00592311,0.01474785,0.00121589,0.01331124,0.01281294,0.07433268,0.00850518,0.13798200,0.06775828,0.00108796,0.02201203,0.03418875
2002-10,0.00079864,0.02479318,0.00206827,0.01891958,0.01015700,0.00197001,0.01008810,0.00973085,0.02429895,0.00428839,0.01092567,0.01877031,0.10371287,0.01505721,0.00162760,0.00061927,0.00944164,0.00341097,0.00431372,0.00017176,0.01536818,0.00466040,0.00960203,0.00867569,0.00198519,0.00353175,0.00107065,0.00089915,0.00041278,0.04969480,0.03109466,0.05544070,0.00419451,0.02082506,0.02709110,0.06180549,0.03556019,0.00599752,0.01467493,0.00130007,0.01390905,0.01339341,0.07510341,0.00820429,0.13676684,0.06959804,0.00115558,0.02104885,0.03177170
2002-11,0.00071443,0.02481022,0.00216208,0.01747351,0.00988433,0.00185109,0.01057229,0.00961398,0.02312944,0.00436158,0.00865738,0.01784561,0.10410145,0.01474658,0.00150232,0.00059698,0.00902237,0.00324642,0.00425754,0.00014505,0.01565299,0.00455199,0.00811913,0.00807778,0.00179571,0.00292470,0.00089478,0.00076760,0.00039878,0.04720998,0.02856062,0.06242113,0.00384854,0.02064369,0.02957618,0.07103085,0.03811982,0.00600126,0.01420046,0.00121436,0.01347769,0.01308402,0.07407542,0.00758026,0.13660801,0.06768334,0.00105786,0.02151666,0.03021174
2002-12,0.00073920,0.02350265,0.00198824,0.01597405,0.00874348,0.00195121,0.01092081,0.00894229,0.02146938,0.00434727,0.00733909,0.01766044,0.10315487,0.01517710,0.00144322,0.00063338,0.00901876,0.00316348,0.00475016,0.00015100,0.01660112,0.00477610,0.00899121,0.00820863,0.00176481,0.00251720,0.00080643,0.00082316,0.00041472,0.04577533,0.02731963,0.06391948,0.00357393,0.02086897,0.03389249,0.07546404,0.04433384,0.00661456,0.01441476,0.00126551,0.01321337,0.01196782,0.07215897,0.00755300,0.13171263,0.06504658,0.00102229,0.02312144,0.03078791
2003-01,0.00077048,0.02506242,0.00202218,0.01643768,0.00997069,0.00193758,0.00994253,0.00935741,0.02280561,0.00439227,0.00767458,0.01867588,0.10413315,0.01539624,0.00149760,0.00064014,0.00942249,0.00325908,0.00452733,0.00015225,0.01598480,0.00484606,0.00814172,0.00847869,0.00182599,0.00294328,0.00106478,0.00088606,0.00049394,0.04898463,0.03005933,0.06137766,0.00386151,0.02139257,0.03173319,0.07175939,0.03749650,0.00637892,0.01448004,0.00130159,0.01389190,0.01236399,0.07047612,0.00757443,0.13492506,0.06649783,0.00110738,0.02188149,0.02971357
2003-02,0.00077692,0.02468675,0.00207951,0.01593839,0.00963126,0.00202910,0.00900497,0.00976138,0.02278702,0.00432243,0.00787920,0.01906074,0.10630706,0.01491167,0.00143696,0.00062742,0.00907700,0.00344124,0.00443866,0.00014476,0.01549416,0.00475440,0.00810924,0.00865228,0.00158316,0.00268026,0.00108741,0.00090031,0.00043619,0.04922872,0.02938949,0.06038506,0.00390920,0.02113908,0.03265748,0.07276085,0.03816920,0.00621852,0.01478822,0.00122185,0.01356610,0.01236049,0.06884836,0.00733607,0.13765742,0.06623787,0.00111627,0.02172277,0.02924712
2003-03,0.00074655,0.02398990,0.00195371,0.01612578,0.00996350,0.00212570,0.00889341,0.00950257,0.02262029,0.00427193,0.00775725,0.01996757,0.10552879,0.01453740,0.00145226,0.00061424,0.00927993,0.00351333,0.00460045,0.00014030,0.01608100,0.00482942,0.00775889,0.00805102,0.00145801,0.00245283,0.00104539,0.00084575,0.00050827,0.05092965,0.02866050,0.05769047,0.00396595,0.02055385,0.03426899,0.07355464,0.04069352,0.00632331,0.01484345,0.00117961,0.01335450,0.01218141,0.06992023,0.00712961,0.13733569,0.06338071,0.00113453,0.02179813,0.03048581
2003-04,0.00056902,0.02396621,0.00169091,0.01609914,0.00777788,0.00217487,0.00875327,0.00921248,0.02388011,0.00447148,0.00773501,0.01952125,0.10957655,0.01478827,0.00145524,0.00060006,0.00919842,0.00357284,0.00440971,0.00013170,0.01563958,0.00457213,0.00740982,0.00755237,0.00136345,0.00254199,0.00098829,0.00082909,0.00048613,0.05125603,0.02956364,0.05691715,0.00414162,0.02075137,0.03303198,0.07310093,0.03948977,0.00620374,0.01477657,0.00120112,0.01380521,0.01200656,0.07309836,0.00743482,0.13311882,0.06422261,0.00114582,0.02193683,0.03182976
2003-05,0.00051853,0.02317824,0.00169459,0.01531583,0.00743738,0.00211179,0.00956038,0.00927206,0.02291341,0.00447709,0.00650476,0.01913748,0.10089484,0.01513167,0.00147014,0.00062932,0.00899538,0.00378001,0.00451235,0.00013157,0.01581738,0.00468373,0.00817208,0.00763756,0.00141136,0.00247862,0.00095243,0.00083654,0.00046293,0.04745997,0.02910558,0.05868210,0.00413331,0.02084158,0.03419558,0.07347918,0.04044778,0.00638594,0.01418973,0.00114296,0.01423154,0.01163817,0.07466049,0.00757946,0.13756553,0.06603832,0.00113566,0.02299788,0.03396980
2003-06,0.00054881,0.02302984,0.00157108,0.01590241,0.00929393,0.00203891,0.00971639,0.00925170,0.02219410,0.00439033,0.00672986,0.01916489,0.09792989,0.01433538,0.00137281,0.00061549,0.00915406,0.00415785,0.00481197,0.00013491,0.01582063,0.00465386,0.00795722,0.00802538,0.00143365,0.00217571,0.00098505,0.00089538,0.00054583,0.04831186,0.03007730,0.05883668,0.00406634,0.02114740,0.03655459,0.07313626,0.04367509,0.00671877,0.01360391,0.00109864,0.01403892,0.01172971,0.07215482,0.00774622,0.13694129,0.06471501,0.00116341,0.02360804,0.03183844
2003-07,0.00054141,0.02198287,0.00147047,0.01514064,0.00932166,0.00185383,0.01096680,0.00821498,0.02075961,0.00427109,0.00624748,0.01922705,0.10621044,0.01412840,0.00135190,0.00057863,0.00856414,0.00425499,0.00504673,0.00014515,0.01594082,0.00445207,0.00791283,0.00832562,0.00146913,0.00216433,0.00125712,0.00089258,0.00053347,0.04860539,0.03142882,0.06398138,0.00419140,0.02069811,0.03562794,0.07266335,0.04224289,0.00678998,0.01330609,0.00114890,0.01612348,0.01129459,0.07028354,0.00805234,0.13220831,0.06338493,0.00090474,0.02360131,0.03023625
2003-08,0.00053818,0.02151434,0.00145483,0.01453906,0.00809279,0.00189066,0.01054863,0.00792172,0.02039490,0.00433159,0.00672788,0.01981400,0.10274393,0.01490619,0.00126414,0.00064338,0.00854031,0.00405431,0.00527719,0.00015662,0.01713643,0.00463776,0.00820324,0.00840263,0.00158307,0.00232173,0.00138250,0.00095960,0.00045639,0.04630423,0.02897232,0.06129803,0.00439173,0.02091463,0.03711011,0.07275706,0.04568899,0.00715023,0.01369358,0.00112154,0.01608158,0.01089178,0.07171002,0.00804971,0.13334633,0.06498442,0.00088300,0.02470495,0.02950775
2003-09,0.00054086,0.02092137,0.00153765,0.01392542,0.00811407,0.00191205,0.01082013,0.00780013,0.02019706,0.00439926,0.00685731,0.01927557,0.09658564,0.01479290,0.00126381,0.00067185,0.00861871,0.00424216,0.00539304,0.00015475,0.01806032,0.00481920,0.00869954,0.00883306,0.00168496,0.00221943,0.00149081,0.00100681,0.00047887,0.04791178,0.02877451,0.06076516,0.00443229,0.02118793,0.03669810,0.07345175,0.05109651,0.00751402,0.01386512,0.00111787,0.01549519,0.01099625,0.07571102,0.00793972,0.12971874,0.06253375,0.00089148,0.02451452,0.03006753
2003-10,0.00054660,0.02160793,0.00150263,0.01384786,0.00874812,0.00192198,0.01060200,0.00788712,0.02090793,0.00438855,0.00686976,0.01952904,0.09823008,0.01404741,0.00117381,0.00065723,0.00855657,0.00445910,0.00529059,0.00015863,0.01684180,0.00466653,0.00836598,0.00836953,0.00156883,0.00203866,0.00149026,0.00104535,0.00047351,0.04747766,0.03021703,0.05792818,0.00448794,0.02070519,0.03708927,0.07563186,0.04952946,0.00726888,0.01372696,0.00111343,0.01541119,0.01119757,0.07225189,0.00817364,0.13276228,0.06281054,0.00091711,0.02495705,0.03054948
2003-11,0.00057104,0.02114820,0.00150492,0.01381882,0.00876700,0.00203340,0.01032783,0.00801823,0.02052879,0.00464937,0.00685454,0.01907327,0.09265733,0.01413289,0.00117578,0.00064157,0.00864768,0.00490605,0.00595235,0.00015150,0.01791681,0.00484410,0.00861365,0.00884867,0.00156976,0.00195554,0.00157588,0.00113707,0.00049009,0.04547605,0.02887923,0.05817511,0.00439162,0.02044551,0.03847267,0.07315492,0.05424788,0.00755455,0.01401943,0.00109978,0.01589746,0.01105160,0.07486152,0.00824807,0.13431775,0.06214382,0.00087601,0.02571837,0.02845649
2003-12,0.00059807,0.02132936,0.00153560,0.01392371,0.00965693,0.00204272,0.01079790,0.00805455,0.02010772,0.00475462,0.00726856,0.01951513,0.09187362,0.01434838,0.00116287,0.00062897,0.00876262,0.00513257,0.00608205,0.00015219,0.01841136,0.00512045,0.00880351,0.00871611,0.00151395,0.00191877,0.00174107,0.00120565,0.00049136,0.04503281,0.02868993,0.05708414,0.00466753,0.02070889,0.03875414,0.07225429,0.05559682,0.00775917,0.01396998,0.00107798,0.01550581,0.01140036,0.07345677,0.00843012,0.13352112,0.06240627,0.00088804,0.02500352,0.02814193
2004-01,0.00060233,0.02071731,0.00156034,0.01426872,0.00968782,0.00193968,0.01110656,0.00796248,0.01975302,0.00460488,0.00706812,0.01956950,0.09367404,0.01504139,0.00116080,0.00061097,0.00897549,0.00492855,0.00646524,0.00016013,0.01829127,0.00521654,0.00969093,0.00927392,0.00163167,0.00206066,0.00170283,0.00122235,0.00059682,0.04908751,0.02911361,0.05745649,0.00433571,0.02078385,0.03811528,0.07246649,0.05246270,0.00769225,0.01458616,0.00114427,0.01500939,0.01128439,0.06819592,0.00806711,0.13220680,0.06344519,0.00087339,0.02503808,0.02909101
2004-02,0.00057085,0.02046998,0.00161520,0.01358083,0.00969116,0.00189816,0.01091246,0.00787310,0.01971595,0.00442289,0.00724452,0.02036433,0.09363975,0.01445297,0.00118961,0.00060670,0.00869232,0.00459873,0.00633862,0.00016771,0.01762958,0.00506923,0.00923465,0.00932350,0.00161959,0.00192978,0.00144015,0.00113373,0.00054179,0.04823675,0.02900239,0.05704910,0.00466870,0.02061226,0.03918479,0.07398788,0.05361032,0.00823411,0.01378272,0.00110880,0.01411906,0.01138647,0.06668626,0.00795304,0.13244347,0.06521658,0.00090773,0.02536855,0.03047321
2004-03,0.00057613,0.02149906,0.00168823,0.01375219,0.00994821,0.00194563,0.01089184,0.00784811,0.02005437,0.00460675,0.00694680,0.02006867,0.09358135,0.01462018,0.00120688,0.00066142,0.00899410,0.00502438,0.00665123,0.00016954,0.01749407,0.00483135,0.00898403,0.00910096,0.00159998,0.00183854,0.00150094,0.00119520,0.00057220,0.04958123,0.02914032,0.05612569,0.00448860,0.02008427,0.03695934,0.07037655,0.05235493,0.00780898,0.01402527,0.00116604,0.01396501,0.01151637,0.07030273,0.00842556,0.13295214,0.06695670,0.00091844,0.02567556,0.02932393
2004-04,0.00060944,0.02207407,0.00177650,0.01387246,0.00956462,0.00191217,0.01128947,0.00794423,0.02042826,0.00480780,0.00683860,0.02054681,0.09005125,0.01454544,0.00116657,0.00065667,0.00936093,0.00534692,0.00644115,0.00015898,0.01793635,0.00493157,0.00892033,0.00877047,0.00156929,0.00185230,0.00162756,0.00118076,0.00062034,0.05023990,0.02982540,0.05573821,0.00481106,0.02067261,0.03747640,0.06929916,0.05050805,0.00784626,0.01430490,0.00117870,0.01408749,0.01188850,0.07117030,0.00860640,0.13399903,0.06690190,0.00094316,0.02544834,0.02825292
2004-05,0.00062459,0.02330733,0.00190937,0.01429121,0.00999751,0.00183881,0.01138924,0.00814353,0.02136009,0.00485655,0.00710278,0.02157477,0.09593615,0.01482872,0.00118911,0.00064778,0.00952044,0.00486958,0.00603035,0.00015829,0.01792184,0.00493539,0.00947354,0.00916800,0.00170186,0.00197519,0.00131793,0.00105447,0.00065524,0.05292139,0.02944361,0.05617754,0.00496658,0.02143263,0.03481825,0.07012045,0.04775356,0.00758097,0.01490508,0.00118082,0.01448116,0.01230005,0.07060748,0.00873851,0.12565780,0.06582562,0.00090014,0.02394455,0.02846412
2004-06,0.00062554,0.02264643,0.00193077,0.01445451,0.00865014,0.00187335,0.01118471,0.00808026,0.02144701,0.00482707,0.00695949,0.02130846,0.09435482,0.01472569,0.00116907,0.00061173,0.00966481,0.00485479,0.00630804,0.00015431,0.01812737,0.00490223,0.00908335,0.00910820,0.00171298,0.00202231,0.00138650,0.00107444,0.00069044,0.05220848,0.02939793,0.05396858,0.00497665,0.02130700,0.03620009,0.07123671,0.05139914,0.00778951,0.01475180,0.00122476,0.01460702,0.01219415,0.07031153,0.00825029,0.12717462,0.06519471,0.00090566,0.02379657,0.02916598
2004-07,0.00061202,0.02225116,0.00192735,0.01356225,0.00879020,0.00171758,0.01132035,0.00762229,0.02128140,0.00509470,0.00695346,0.02152129,0.09037013,0.01508412,0.00144831,0.00057244,0.00910141,0.00576156,0.00605600,0.00016973,0.01859198,0.00514194,0.00948386,0.01013403,0.00173557,0.00212660,0.00130922,0.00125500,0.00083787,0.05225767,0.02965191,0.05624437,0.00479540,0.02178135,0.03629932,0.07295996,0.05118446,0.00836597,0.01469511,0.00128030,0.01606671,0.01250838,0.06813022,0.00789118,0.12252319,0.05558269,0.00089823,0.02413898,0.04091076
2004-08,0.00060449,0.02227529,0.00160076,0.01272815,0.00882827,0.00168926,0.01101915,0.00760251,0.02098926,0.00501312,0.00680335,0.02088628,0.08891975,0.01521248,0.00139993,0.00058668,0.00902917,0.00590039,0.00626931,0.00016505,0.01818317,0.00497289,0.00951448,0.01070210,0.00179706,0.00220928,0.00140553,0.00133880,0.00086121,0.05627264,0.03119354,0.05788332,0.00461874,0.02162566,0.03502180,0.07095646,0.04690670,0.00773553,0.01448732,0.00129665,0.01600001,0.01156770,0.06860128,0.00844514,0.12583392,0.05567787,0.00094549,0.02350669,0.04291635
2004-09,0.00061629,0.02224986,0.00160406,0.01296637,0.00912138,0.00171117,0.01082411,0.00761670,0.02198494,0.00501618,0.00681175,0.02070267,0.09070429,0.01564100,0.00141478,0.00059432,0.00939668,0.00612976,0.00624712,0.00016525,0.01774755,0.00501305,0.00916914,0.01071362,0.00176665,0.00221015,0.00154039,0.00138546,0.00081742,0.05536163,0.03223744,0.05828993,0.00433456,0.02096630,0.03312792,0.06898700,0.04374318,0.00715468,0.01447732,0.00129649,0.01586329,0.01118712,0.06797607,0.00823378,0.13084841,0.05622353,0.00100922,0.02425272,0.04254729
2004-10,0.00062561,0.02168857,0.00151360,0.01171854,0.00863875,0.00182339,0.01110258,0.00758384,0.02103878,0.00507491,0.00679829,0.02166195,0.08632428,0.01606571,0.00135749,0.00060626,0.00951847,0.00652964,0.00664446,0.00016071,0.01852181,0.00504025,0.00922138,0.01053533,0.00183299,0.00228139,0.00158511,0.00146699,0.00087587,0.05922365,0.03213705,0.05817603,0.00431238,0.02146337,0.03328209,0.07114679,0.04423282,0.00726910,0.01420543,0.00132507,0.01608912,0.01100755,0.06892923,0.00850484,0.12691645,0.05610286,0.00101383,0.02424516,0.04258022
2004-11,0.00063532,0.02219134,0.00160236,0.01173813,0.00881252,0.00180839,0.01133816,0.00770388,0.02002869,0.00528403,0.00671034,0.02091655,0.08331205,0.01583177,0.00139392,0.00063877,0.00946972,0.00653090,0.00632910,0.00015627,0.01816255,0.00513128,0.00872670,0.01013671,0.00182388,0.00223029,0.00162774,0.00134351,0.00086690,0.05903324,0.03311697,0.05622282,0.00418592,0.02147737,0.03450716,0.07412619,0.04652944,0.00761130,0.01352164,0.00135795,0.01704447,0.01118424,0.07049388,0.00862922,0.12704612,0.05276525,0.00104385,0.02514451,0.04247670
2004-12,0.00061031,0.02205596,0.00155366,0.01113743,0.00992851,0.00185159,0.01164625,0.00752509,0.02000971,0.00527927,0.00698443,0.02034625,0.07968437,0.01649504,0.00144465,0.00064441,0.00964853,0.00673171,0.00685840,0.00016999,0.01876949,0.00530807,0.00901691,0.01034664,0.00188208,0.00239843,0.00155094,0.00138992,0.00104470,0.06006511,0.03322910,0.05587351,0.00447469,0.02159360,0.03557733,0.07336592,0.04632689,0.00757919,0.01363587,0.00143885,0.01725380,0.01163695,0.06932763,0.00885004,0.12418169,0.05468052,0.00105895,0.02549641,0.04204121
2005-01,0.00061785,0.02252122,0.00149395,0.01123586,0.01022652,0.00186965,0.01218452,0.00737266,0.02021026,0.00540449,0.00706921,0.02059503,0.08184197,0.01629001,0.00145344,0.00065122,0.00963591,0.00723125,0.00653018,0.00017740,0.01877137,0.00535255,0.00915342,0.01014903,0.00177631,0.00217106,0.00140292,0.00137359,0.00098289,0.05692542,0.03267903,0.05491942,0.00447250,0.02159467,0.03594019,0.07346568,0.04581156,0.00757015,0.01368144,0.00145511,0.01743247,0.01195616,0.06925832,0.00895498,0.12444905,0.05403579,0.00116021,0.02611203,0.04238009
2005-02,0.00061752,0.02322693,0.00158367,0.01147749,0.01098060,0.00188007,0.01189436,0.00732842,0.02043778,0.00541565,0.00740448,0.02104012,0.07938028,0.01650351,0.00137495,0.00064751,0.01020773,0.00766481,0.00668442,0.00017061,0.01830561,0.00548453,0.00864401,0.01033875,0.00177622,0.00224496,0.00134921,0.00142484,0.00105681,0.06028292,0.03414552,0.05390426,0.00454532,0.02145944,0.03522103,0.06967156,0.04348896,0.00743724,0.01362006,0.00143472,0.01669061,0.01195096,0.07053546,0.00923910,0.12365623,0.05495021,0.00121937,0.02668496,0.04331623
2005-03,0.00062140,0.02254213,0.00154910,0.01140718,0.01111940,0.00184597,0.01154361,0.00715593,0.02005871,0.00542288,0.00745682,0.02093439,0.07968547,0.01750016,0.00137960,0.00064081,0.00997017,0.00821788,0.00718949,0.00017067,0.01901245,0.00552841,0.00842331,0.01058800,0.00177421,0.00223788,0.00143118,0.00154063,0.00118329,0.07051032,0.03417104,0.05264411,0.00436001,0.02123953,0.03428962,0.06675861,0.04431141,0.00746550,0.01353956,0.00154280,0.01677188,0.01209339,0.06926128,0.00917151,0.11914261,0.05531748,0.00129106,0.02594017,0.04204699
2005-04,0.00063982,0.02267138,0.00157486,0.01148795,0.01127308,0.00176404,0.01180143,0.00722025,0.02036626,0.00547350,0.00811645,0.02026871,0.08132833,0.01747286,0.00141276,0.00061252,0.01009987,0.00779434,0.00678421,0.00016787,0.01853070,0.00550664,0.00785834,0.01108076,0.00184554,0.00234479,0.00137250,0.00149518,0.00116523,0.06953677,0.03501619,0.05259494,0.00443824,0.02148910,0.03464986,0.06629711,0.04383197,0.00713611,0.01376173,0.00154265,0.01695643,0.01211832,0.07022851,0.00939601,0.11709437,0.05384764,0.00125984,0.02612371,0.04315035
2005-05,0.00064856,0.02322904,0.00163748,0.01205488,0.01141318,0.00160166,0.01103386,0.00718671,0.02030053,0.00520867,0.00829923,0.02143470,0.08712808,0.01659637,0.00137718,0.00059006,0.01028586,0.00772590,0.00600555,0.00016052,0.01794484,0.00520283,0.00714956,0.01132834,0.00182730,0.00238105,0.00126177,0.00138520,0.00112354,0.06739634,0.03663855,0.05271295,0.00441814,0.02124141,0.03327861,0.06460878,0.04389114,0.00692355,0.01296239,0.00150551,0.01631016,0.01209873,0.06799179,0.00907553,0.12028429,0.05421300,0.00128020,0.02560276,0.04404370
2005-06,0.00065360,0.02283575,0.00164027,0.01190607,0.01136040,0.00159697,0.01113554,0.00683830,0.01991741,0.00536114,0.00816829,0.02063185,0.08531042,0.01601539,0.00140321,0.00060330,0.01014529,0.00821371,0.00579671,0.00015274,0.01830789,0.00537349,0.00757331,0.01146206,0.00183221,0.00245320,0.00119827,0.00141018,0.00119535,0.06576071,0.03584303,0.05166157,0.00447824,0.02094188,0.03552077,0.06602973,0.04656490,0.00727423,0.01255699,0.00145164,0.01643890,0.01211366,0.06995441,0.00946965,0.11877315,0.05541021,0.00134952,0.02501604,0.04289845
2005-07,0.00069187,0.01344230,0.00159567,0.01746325,0.01108390,0.00177380,0.01489267,0.00661968,0.01781842,0.00556768,0.00830532,0.02034010,0.08230577,0.01737709,0.00130982,0.00270927,0.00982589,0.00891593,0.00551583,0.00015220,0.01797922,0.00511151,0.00736920,0.01108420,0.00183763,0.00242067,0.00125021,0.00166190,0.00151961,0.06739079,0.03670656,0.05164946,0.00462852,0.02127640,0.03347836,0.06679303,0.04508242,0.00708568,0.00956666,0.00147335,0.01580411,0.01257353,0.06945530,0.01060991,0.12288534,0.05712618,0.00305359,0.02436471,0.04105557
2005-08,0.00069649,0.01319194,0.00160231,0.01709335,0.01107656,0.00175789,0.01485979,0.00654051,0.01768608,0.00552046,0.00765241,0.02082479,0.08200038,0.01738727,0.00129341,0.00268239,0.01021246,0.00954345,0.00600912,0.00016293,0.01904617,0.00524972,0.00761754,0.01085924,0.00188537,0.00227999,0.00115724,0.00176338,0.00176942,0.06843366,0.03632839,0.05109076,0.00452961,0.02155832,0.03325851,0.06688442,0.04743245,0.00741856,0.00968562,0.00148589,0.01645414,0.01273732,0.07038642,0.01067887,0.11855931,0.05677139,0.00290134,0.02453385,0.03944910
2005-09,0.00067815,0.01315447,0.00159622,0.01747856,0.01178193,0.00183354,0.01489845,0.00673657,0.01780799,0.00539663,0.00778596,0.02128934,0.08279290,0.01659084,0.00123242,0.00267147,0.01023628,0.00937915,0.00605863,0.00016011,0.01948304,0.00534075,0.00740579,0.01101300,0.00191758,0.00231399,0.00123420,0.00181398,0.00195781,0.07159503,0.03731337,0.04813290,0.00457192,0.02171281,0.03291355,0.06764603,0.04792899,0.00763360,0.00946604,0.00152581,0.01605484,0.01276040,0.06603798,0.01032938,0.11828570,0.05721482,0.00283820,0.02465894,0.03933995
2005-10,0.00068427,0.01332083,0.00145123,0.01738871,0.01212952,0.00175674,0.01452745,0.00644236,0.01796460,0.00524764,0.00764882,0.02026939,0.08094382,0.01614505,0.00120641,0.00251957,0.01060106,0.00942508,0.00620066,0.00015933,0.01931190,0.00542555,0.00697807,0.01105304,0.00199332,0.00224774,0.00146126,0.00198948,0.00213039,0.07626534,0.03863023,0.04710428,0.00424796,0.02180553,0.03310935,0.06710169,0.04804332,0.00755499,0.00946799,0.00143455,0.01652522,0.01266522,0.06418524,0.01021499,0.11566907,0.05930678,0.00277877,0.02617093,0.03909525
2005-11,0.00066945,0.01319810,0.00147203,0.01790082,0.01263692,0.00166406,0.01424530,0.00617851,0.01772477,0.00524962,0.00746987,0.02043906,0.07978596,0.01691160,0.00123548,0.00247533,0.00635556,0.00859120,0.00607396,0.00016127,0.01881750,0.00533804,0.00655643,0.01077548,0.00197842,0.00226551,0.00134572,0.00197309,0.00196919,0.07010162,0.03679471,0.04643812,0.00436009,0.02224580,0.03338278,0.06960474,0.04591237,0.00746454,0.00978095,0.00145530,0.01735001,0.01261842,0.06666529,0.01047261,0.12116873,0.06195547,0.00260640,0.02764162,0.04052218
2005-12,0.00062164,0.01264517,0.00148748,0.01750450,0.01189430,0.00169448,0.01446833,0.00611464,0.01765148,0.00537360,0.00754866,0.02013404,0.07757728,0.01685762,0.00123815,0.00251648,0.00632677,0.00890010,0.00657640,0.00015588,0.01946115,0.00547228,0.00624130,0.01096030,0.00189908,0.00220363,0.00140999,0.00201740,0.00191364,0.06822962,0.03533206,0.04493509,0.00436067,0.02243327,0.03311818,0.07090080,0.04910603,0.00779793,0.01011651,0.00151113,0.01799821,0.01269525,0.06641017,0.01074944,0.12139859,0.06253908,0.00259157,0.02784687,0.04106375
2006-01,0.00062123,0.01265996,0.00148583,0.01716501,0.01231499,0.00168097,0.01437185,0.00600254,0.01797808,0.00537017,0.00745641,0.02040463,0.08027551,0.01697673,0.00126526,0.00253297,0.00635117,0.00889166,0.00683265,0.00015221,0.01948259,0.00545433,0.00614405,0.01133539,0.00191762,0.00230873,0.00162324,0.00207223,0.00194930,0.06857756,0.03580189,0.04420641,0.00422474,0.02246769,0.03333274,0.06896623,0.04793585,0.00769058,0.00945225,0.00151314,0.01836659,0.01281965,0.06579938,0.01089290,0.12181857,0.06177119,0.00257333,0.02801786,0.04069413
2006-02,0.00062059,0.01248325,0.00149234,0.01657849,0.01170326,0.00174730,0.01448522,0.00558866,0.01789769,0.00535452,0.00727794,0.02043676,0.07912579,0.01704814,0.00127906,0.00238926,0.00664157,0.00958178,0.00763959,0.00016183,0.02113787,0.00565535,0.00626056,0.01118694,0.00195385,0.00238957,0.00184184,0.00236401,0.00218377,0.07477465,0.03583954,0.04399075,0.00409310,0.02261321,0.03402700,0.06891140,0.04871342,0.00791262,0.00891832,0.00147275,0.01876253,0.01332662,0.06441471,0.01105533,0.11656665,0.05940658,0.00250489,0.02972240,0.03846674
2006-03,0.00062414,0.01269947,0.00150341,0.01693909,0.01173474,0.00177061,0.01465175,0.00567411,0.01814453,0.00514438,0.00735245,0.02003965,0.08063502,0.01701121,0.00132023,0.00247896,0.00681856,0.00889456,0.00739951,0.00016620,0.02087515,0.00584004,0.00611881,0.01172494,0.00207773,0.00255720,0.00161029,0.00221573,0.00200225,0.06865061,0.03589424,0.04529734,0.00407064,0.02302171,0.03473850,0.06610118,0.04817134,0.00810834,0.00897526,0.00146888,0.01901336,0.01356906,0.06530254,0.01132469,0.11875563,0.05987790,0.00255534,0.03042287,0.03865586
2006-04,0.00064318,0.01282296,0.00157912,0.01664247,0.01144521,0.00181495,0.01492669,0.00557375,0.01779536,0.00523036,0.00684717,0.01926795,0.07863647,0.01693386,0.00134118,0.00237793,0.00700402,0.00894438,0.00816436,0.00017031,0.02119614,0.00604212,0.00615841,0.01198854,0.00210759,0.00260186,0.00158734,0.00242428,0.00208662,0.07028145,0.03396767,0.04500764,0.00415835,0.02319591,0.03504982,0.06700395,0.04891169,0.00820469,0.00913092,0.00149110,0.01958551,0.01367173,0.06567072,0.01138748,0.11648634,0.05870783,0.00271087,0.03094890,0.04007282
2006-05,0.00063048,0.01305178,0.00158445,0.01675328,0.01180215,0.00166889,0.01542277,0.00537653,0.01781833,0.00515407,0.00673587,0.01739032,0.07584517,0.01737152,0.00137626,0.00239797,0.00696332,0.00879743,0.00873765,0.00018184,0.02234829,0.00606932,0.00605929,0.01258748,0.00218809,0.00262183,0.00176488,0.00254316,0.00251261,0.07054514,0.03383007,0.04519683,0.00422124,0.02328508,0.03427891,0.06494017,0.04922828,0.00830454,0.00974352,0.00143664,0.01960160,0.01313574,0.06441102,0.01132991,0.12160759,0.05743774,0.00271484,0.03113444,0.03986168
2006-06,0.00061196,0.01398980,0.00169974,0.01798207,0.01209973,0.00168757,0.01571366,0.00542855,0.01768242,0.00505077,0.00698218,0.01711196,0.07681458,0.01755842,0.00137789,0.00252004,0.00626272,0.00825094,0.00860139,0.00018408,0.02229748,0.00600540,0.00642134,0.01288573,0.00218979,0.00259665,0.00161501,0.00231606,0.00256051,0.07027937,0.03545784,0.04487243,0.00421285,0.02310544,0.03337369,0.06267329,0.04632829,0.00817250,0.00982131,0.00142939,0.01994006,0.01324955,0.06562447,0.01130787,0.12231629,0.05735532,0.00258626,0.03003717,0.04135817
2006-07,0.00211689,0.01312406,0.00170291,0.01711146,0.01222643,0.00168237,0.01579501,0.00480317,0.02036338,0.00528575,0.00702000,0.01703831,0.07655977,0.01534756,0.00137321,0.00051511,0.00602894,0.00783251,0.00877935,0.00018120,0.02195133,0.00599829,0.00638879,0.01315706,0.00226612,0.00238887,0.00164204,0.00269203,0.00250544,0.07334920,0.03754804,0.04907049,0.00382562,0.02318063,0.03096997,0.06332370,0.04388386,0.00787864,0.01107977,0.00121367,0.02119511,0.01295776,0.06519231,0.01241355,0.12069117,0.05726853,0.00220509,0.03095449,0.03792105
2006-08,0.00218571,0.01336817,0.00176927,0.01797315,0.01341529,0.00162502,0.01469403,0.00479459,0.02048236,0.00515205,0.00715269,0.01784040,0.08003497,0.01476646,0.00138704,0.00050182,0.00554601,0.00735222,0.00846394,0.00018719,0.02070450,0.00566185,0.00617566,0.01276993,0.00222936,0.00263140,0.00159899,0.00264318,0.00220230,0.07781030,0.03953303,0.05006752,0.00362140,0.02212868,0.03009199,0.06202470,0.04147457,0.00771975,0.01050829,0.00123295,0.01886656,0.01276076,0.06242740,0.01172268,0.12373179,0.05774590,0.00207181,0.03132280,0.03782760
2006-09,0.00235442,0.01337320,0.00167132,0.01799411,0.01369847,0.00165191,0.01471275,0.00482485,0.02142045,0.00525913,0.00739094,0.01768896,0.07993376,0.01498800,0.00141984,0.00045922,0.00554411,0.00728247,0.00806691,0.00017134,0.02012863,0.00560867,0.00622165,0.01234538,0.00220988,0.00265636,0.00159015,0.00266599,0.00193115,0.07264115,0.03914483,0.05016496,0.00350706,0.02233668,0.03297012,0.06375050,0.04383210,0.00782951,0.01049776,0.00125354,0.01821477,0.01269990,0.06254518,0.01182338,0.12170227,0.05862036,0.00190749,0.03073373,0.03856070
2006-10,0.00227662,0.01314109,0.00161285,0.01751902,0.01243268,0.00169839,0.01509229,0.00477185,0.02132780,0.00560929,0.00710502,0.01720462,0.08010286,0.01499967,0.00144431,0.00045827,0.00547811,0.00686877,0.00789066,0.00017324,0.01972457,0.00568022,0.00629110,0.01252825,0.00225894,0.00271294,0.00131090,0.00255913,0.00160643,0.06862213,0.03744738,0.05089980,0.00350788,0.02233920,0.03360952,0.06534667,0.04386261,0.00772661,0.01046146,0.00125560,0.01852770,0.01249494,0.06507555,0.01240887,0.12252406,0.05853927,0.00184704,0.03291227,0.03871157
2006-11,0.00210080,0.01294894,0.00147084,0.01704068,0.01269178,0.00184808,0.01582377,0.00490953,0.02123712,0.00586944,0.00657434,0.01729879,0.07889882,0.01536359,0.00147813,0.00044501,0.00552710,0.00703597,0.00831307,0.00018110,0.01966478,0.00577064,0.00632303,0.01252454,0.00221929,0.00264956,0.00134527,0.00272115,0.00178052,0.06972131,0.03816589,0.05166456,0.00337305,0.02242865,0.03408776,0.06719066,0.04209724,0.00794358,0.01062217,0.00128267,0.01905784,0.01261927,0.06489837,0.01293828,0.11839161,0.05715787,0.00190764,0.03386418,0.03853171
2006-12,0.00223351,0.01276613,0.00144348,0.01665957,0.01295513,0.00182274,0.01635395,0.00491375,0.02102613,0.00602077,0.00536968,0.01728915,0.07696499,0.01553540,0.00151103,0.00045485,0.00568984,0.00745802,0.00890503,0.00017530,0.02018349,0.00578544,0.00627526,0.01284737,0.00229629,0.00270818,0.00138632,0.00288808,0.00185739,0.07446358,0.03861670,0.05122240,0.00340908,0.02244675,0.03616314,0.06750571,0.04210569,0.00792947,0.01067643,0.00133388,0.01911960,0.01192228,0.06198888,0.01285432,0.11536599,0.05688559,0.00194231,0.03388366,0.03838825
2007-01,0.00237396,0.01269989,0.00146712,0.01690592,0.01311788,0.00178576,0.01701891,0.00496101,0.02111640,0.00597546,0.00548098,0.01755175,0.07559134,0.01554368,0.00152270,0.00044463,0.00576177,0.00723054,0.00840136,0.00017800,0.01983875,0.00570830,0.00629168,0.01278515,0.00224470,0.00272367,0.00132528,0.00277732,0.00160936,0.07262483,0.03852686,0.05295272,0.00340099,0.02257510,0.03562379,0.06590795,0.03956942,0.00797879,0.01065378,0.00136430,0.01854176,0.01178203,0.06250190,0.01298950,0.11814655,0.05836273,0.00186098,0.03460436,0.03959838
2007-02,0.00244385,0.01254534,0.00149915,0.01701329,0.01317128,0.00179225,0.01784559,0.00485539,0.02124177,0.00609404,0.00547961,0.01832021,0.07691741,0.01596109,0.00149280,0.00046746,0.00597607,0.00723663,0.00897820,0.00016463,0.01989491,0.00584927,0.00660525,0.01315527,0.00232544,0.00284253,0.00129552,0.00305118,0.00161738,0.07070936,0.03828113,0.04849227,0.00361022,0.02267104,0.03531120,0.06719122,0.03958570,0.00804432,0.01061888,0.00143599,0.01915726,0.01212307,0.06431313,0.01273869,0.11618158,0.05725442,0.00205167,0.03560661,0.03848946
2007-03,0.00243064,0.01279953,0.00147694,0.01687947,0.01299698,0.00187539,0.01723019,0.00494218,0.02134619,0.00630722,0.00575314,0.01807171,0.07564905,0.01655244,0.00148327,0.00050081,0.00621879,0.00712111,0.00933027,0.00015838,0.02080739,0.00549506,0.00678440,0.01315061,0.00233955,0.00290871,0.00133220,0.00337836,0.00167927,0.07024542,0.04038344,0.04807804,0.00364751,0.02297282,0.03472254,0.06512620,0.04060125,0.00814682,0.01094368,0.00149642,0.01934031,0.01234758,0.06515779,0.01278312,0.11464381,0.05844172,0.00213349,0.03394466,0.03784413
2007-04,0.00252639,0.01306997,0.00153313,0.01712893,0.01343109,0.00187165,0.01709695,0.00470110,0.02102982,0.00630976,0.00553192,0.01804583,0.07491666,0.01676029,0.00151165,0.00047919,0.00587680,0.00676769,0.00820757,0.00015721,0.02121971,0.00544946,0.00670207,0.01315508,0.00233168,0.00289580,0.00124939,0.00353376,0.00171051,0.07403365,0.04183429,0.04831747,0.00359519,0.02282727,0.03497029,0.06571821,0.03995158,0.00827655,0.01097472,0.00152498,0.01916483,0.01261140,0.06322744,0.01285762,0.11223415,0.05836424,0.00215313,0.03395077,0.03821118
2007-05,0.00258579,0.01285261,0.00155488,0.01729614,0.01329724,0.00197176,0.01661180,0.00462239,0.02090927,0.00617685,0.00541585,0.01799426,0.07756652,0.01637484,0.00150461,0.00050126,0.00584927,0.00680070,0.00817363,0.00016335,0.02177848,0.00558137,0.00683285,0.01353787,0.00232521,0.00278013,0.00119474,0.00365977,0.00188499,0.07485171,0.04184336,0.04721846,0.00358283,0.02295390,0.03533767,0.06529703,0.04057437,0.00818898,0.01110761,0.00159541,0.01902079,0.01216812,0.06221647,0.01268593,0.11049416,0.05833977,0.00214021,0.03468915,0.03789564
2007-06,0.00259939,0.01244799,0.00158095,0.01732071,0.01322269,0.00190495,0.01634714,0.00467932,0.02006496,0.00628028,0.00537017,0.01763115,0.07570457,0.01662415,0.00147841,0.00053312,0.00598569,0.00712604,0.00874017,0.00016825,0.02220191,0.00579880,0.00686748,0.01396942,0.00231495,0.00276819,0.00111832,0.00384957,0.00206833,0.07735516,0.04006623,0.04909015,0.00363835,0.02357656,0.03642543,0.06510790,0.04014322,0.00816972,0.01117547,0.00162309,0.01913348,0.01205332,0.06122443,0.01269025,0.10876847,0.05842637,0.00217980,0.03486810,0.03751743
2007-07,0.00267569,0.01463006,0.00158985,0.01672446,0.01069882,0.00180631,0.01143947,0.00464845,0.01929759,0.00633013,0.00554935,0.01767078,0.07260807,0.01705222,0.00157190,0.00070371,0.00605564,0.00494200,0.00784886,0.00023877,0.02125609,0.00559922,0.00736132,0.01470245,0.00244820,0.00263520,0.00111046,0.00492298,0.00202477,0.07864973,0.03863721,0.06219457,0.00440362,0.02231930,0.03742173,0.06391131,0.04295376,0.00907697,0.01119386,0.00165056,0.01958060,0.01188720,0.06047503,0.01160515,0.10660503,0.05632057,0.00152884,0.03560529,0.03783686
2007-08,0.00240744,0.01443566,0.00161608,0.01716229,0.01055873,0.00174176,0.01175903,0.00442262,0.01989635,0.00627303,0.00507791,0.01798461,0.07189461,0.01757431,0.00152135,0.00070326,0.00600608,0.00475495,0.00777252,0.00024430,0.02232837,0.00582418,0.00703920,0.01598488,0.00251088,0.00285535,0.00122599,0.00548388,0.00181192,0.08080641,0.03856080,0.06235504,0.00425748,0.02202041,0.03988470,0.06473607,0.04364112,0.00940734,0.01134540,0.00168191,0.01987919,0.01173902,0.05886219,0.01180683,0.10201938,0.05392775,0.00143483,0.03338687,0.03937574
2007-09,0.00256036,0.01454077,0.00168699,0.01757054,0.01088348,0.00161136,0.01213447,0.00409348,0.02017709,0.00599654,0.00495667,0.01806256,0.07268579,0.01773927,0.00148542,0.00067821,0.00586618,0.00445499,0.00750861,0.00023110,0.02223214,0.00582275,0.00685063,0.01553979,0.00244326,0.00285613,0.00121001,0.00512951,0.00177384,0.08003770,0.03830727,0.06122782,0.00405377,0.02112651,0.04181445,0.06520911,0.04403600,0.00942492,0.01116678,0.00166867,0.01917510,0.01183042,0.05897085,0.01199075,0.10358867,0.05415237,0.00135775,0.03209430,0.03998484
2007-10,0.00299714,0.01437830,0.00176279,0.01814075,0.01058049,0.00148860,0.01318458,0.00390306,0.02068768,0.00593897,0.00496186,0.01768080,0.07281695,0.01804699,0.00147646,0.00062317,0.00567577,0.00420722,0.00759517,0.00023290,0.02257201,0.00591265,0.00704415,0.01628262,0.00248493,0.00301089,0.00126206,0.00571820,0.00195616,0.08366323,0.03839647,0.06057895,0.00406082,0.01888157,0.04217470,0.06640830,0.04406645,0.00961511,0.01102022,0.00162266,0.01858215,0.01159407,0.05617286,0.01195889,0.09970121,0.05385402,0.00131137,0.03304860,0.04066501
2007-11,0.00335383,0.01388939,0.00193687,0.01864607,0.01091741,0.00142480,0.01303471,0.00383647,0.02059281,0.00577270,0.00481310,0.01697156,0.07328252,0.01838557,0.00150824,0.00064904,0.00573634,0.00444721,0.00768956,0.00023764,0.02198977,0.00581944,0.00698486,0.01575984,0.00259696,0.00298601,0.00140384,0.00622282,0.00230062,0.08449226,0.03852552,0.05827346,0.00437414,0.01915918,0.04454122,0.07269521,0.04324919,0.00948841,0.01087567,0.00165215,0.01859757,0.01164067,0.05481306,0.01122328,0.09436717,0.05196579,0.00128572,0.03426470,0.04132557
2007-12,0.00356675,0.01483100,0.00188396,0.02000731,0.01225370,0.00137251,0.01224526,0.00367594,0.02248086,0.00558118,0.00505037,0.01735856,0.07672631,0.01848794,0.00146006,0.00064266,0.00538062,0.00412199,0.00756452,0.00023436,0.02253298,0.00631353,0.00635563,0.01598540,0.00258628,0.00316086,0.00146142,0.00561620,0.00251673,0.08454651,0.04013089,0.05595058,0.00423482,0.01828856,0.04190607,0.07066210,0.04247361,0.00952325,0.01072486,0.00168285,0.01878457,0.01135545,0.05600556,0.01100559,0.09079362,0.05411153,0.00119242,0.03282083,0.04235144
2008-01,0.00402296,0.01492820,0.00186566,0.01996611,0.01199267,0.00131969,0.01185216,0.00317121,0.02241676,0.00521530,0.00477733,0.01765106,0.07340634,0.01868577,0.00144676,0.00060934,0.00525939,0.00425225,0.00765222,0.00024216,0.02347807,0.00636283,0.00622598,0.01607253,0.00261773,0.00303904,0.00145301,0.00562759,0.00289351,0.09180779,0.04082411,0.05631112,0.00400624,0.01788141,0.04233011,0.07341063,0.04321363,0.00960817,0.01065748,0.00176198,0.01823241,0.01139853,0.05474307,0.01061047,0.08426003,0.05467060,0.00110693,0.03257903,0.04208263
2008-02,0.00426619,0.01466776,0.00172020,0.01963289,0.01272242,0.00134949,0.01038961,0.00315340,0.02180957,0.00556725,0.00474853,0.01818082,0.07414431,0.01879091,0.00147366,0.00065933,0.00543400,0.00448209,0.00733580,0.00022424,0.02256754,0.00589701,0.00633231,0.01582944,0.00269100,0.00328566,0.00169493,0.00539443,0.00298994,0.08887956,0.04049646,0.05516925,0.00422907,0.01766792,0.03747076,0.07034716,0.04045904,0.00901988,0.01083751,0.00184342,0.02004182,0.01165712,0.05933190,0.01059604,0.09300121,0.05468669,0.00118280,0.03272970,0.04291795
2008-03,0.00453500,0.01559979,0.00183102,0.02051168,0.01276799,0.00128201,0.01011819,0.00292878,0.02255619,0.00545237,0.00468269,0.01889093,0.07527617,0.02019680,0.00146128,0.00066929,0.00517427,0.00445803,0.00818686,0.00026418,0.02394055,0.00600626,0.00608184,0.01591648,0.00270984,0.00325528,0.00169255,0.00634405,0.00335693,0.09783582,0.04044152,0.05452675,0.00378079,0.01800522,0.03844570,0.06808577,0.04035404,0.00953052,0.01070294,0.00192157,0.01976783,0.01179281,0.05772832,0.01087280,0.08413231,0.05180546,0.00114837,0.02970628,0.04326789
2008-04,0.00440719,0.01606355,0.00180461,0.02138519,0.01272531,0.00133465,0.00991595,0.00277756,0.02357225,0.00567704,0.00450637,0.01853846,0.07440332,0.01997639,0.00150093,0.00067005,0.00542792,0.00452588,0.00827089,0.00027160,0.02395188,0.00608238,0.00590073,0.01532861,0.00276912,0.00316460,0.00152248,0.00600378,0.00312981,0.09605908,0.04106810,0.05499342,0.00355473,0.01777492,0.03899169,0.06946513,0.04088806,0.00961878,0.01067809,0.00198042,0.02053016,0.01154278,0.05963856,0.01130458,0.08269603,0.04885534,0.00116719,0.02806831,0.04551611
2008-05,0.00433110,0.01593430,0.00167406,0.01993821,0.01103834,0.00134413,0.00933905,0.00272416,0.02169332,0.00558083,0.00460304,0.01802349,0.07100195,0.02091441,0.00142022,0.00069468,0.00539357,0.00450762,0.00829507,0.00029952,0.02464673,0.00597894,0.00643472,0.01606478,0.00287682,0.00322138,0.00140172,0.00653071,0.00363107,0.10150940,0.04183262,0.05486596,0.00388707,0.01768225,0.04007663,0.07036238,0.04197122,0.00952363,0.01005902,0.00198336,0.02091769,0.01116788,0.06036527,0.01133173,0.08339289,0.04834462,0.00110410,0.02918625,0.04089810
2008-06,0.00472274,0.01576539,0.00151510,0.01986178,0.01194542,0.00137351,0.00906210,0.00267622,0.02132094,0.00567794,0.00451429,0.01761124,0.07043797,0.02116856,0.00140440,0.00066709,0.00549260,0.00463994,0.00890253,0.00031078,0.02562573,0.00651594,0.00611642,0.01566109,0.00292982,0.00324794,0.00146318,0.00661325,0.00440798,0.10304811,0.04242669,0.05632936,0.00375800,0.01789506,0.04190896,0.07264292,0.04366146,0.00989257,0.01000178,0.00205260,0.02130262,0.01149704,0.05943004,0.01099800,0.07649394,0.04689574,0.00108869,0.02765881,0.03936570
2008-07,0.00514210,0.01526846,0.00180969,0.02023514,0.01272704,0.00125312,0.00509782,0.00255261,0.02103723,0.00540849,0.00463689,0.01664301,0.07792105,0.02199118,0.00137952,0.00061924,0.00510263,0.00482477,0.00928245,0.00036774,0.02543947,0.00624928,0.00608517,0.01368254,0.00287708,0.00314220,0.00184265,0.00764602,0.00615428,0.11517805,0.04592060,0.05605840,0.00372091,0.01841685,0.03966410,0.07321638,0.04241353,0.01034736,0.00926978,0.00190566,0.02008087,0.01131294,0.05660173,0.01021858,0.07130409,0.04204957,0.00109751,0.02682082,0.03798342
2008-08,0.00492709,0.01633505,0.00180471,0.02096137,0.01331109,0.00138623,0.00502504,0.00245845,0.02283282,0.00525269,0.00485879,0.01742227,0.08445693,0.02206386,0.00146334,0.00056014,0.00510788,0.00473813,0.00827556,0.00038745,0.02433529,0.00629647,0.00590750,0.01377992,0.00311161,0.00333285,0.00172598,0.00656464,0.00478836,0.09845469,0.04290403,0.05315926,0.00409014,0.01851604,0.03965465,0.07190384,0.04328779,0.01071921,0.00977041,0.00198796,0.02149759,0.01155971,0.05751568,0.01046880,0.08022635,0.04341928,0.00104116,0.02781917,0.03853273
2008-09,0.00468873,0.01602752,0.00191763,0.02092058,0.01357077,0.00131751,0.00524791,0.00250160,0.02387216,0.00564095,0.00505286,0.01780156,0.08408722,0.02113631,0.00154476,0.00063293,0.00526405,0.00485782,0.00748799,0.00036251,0.02409037,0.00611411,0.00583095,0.01405918,0.00315922,0.00366020,0.00153834,0.00613220,0.00443210,0.09689440,0.04199121,0.05449232,0.00412263,0.01896310,0.04079192,0.07095272,0.04350083,0.01069696,0.00987986,0.00204183,0.02154451,0.01175676,0.06014602,0.01072415,0.07888890,0.04362114,0.00108916,0.02673490,0.03821667
2008-10,0.00450871,0.01734920,0.00212620,0.02340913,0.01392132,0.00137825,0.00480410,0.00237832,0.02623583,0.00615512,0.00520678,0.01826060,0.08721477,0.01895704,0.00154319,0.00066152,0.00534195,0.00456444,0.00569107,0.00028755,0.02100105,0.00565321,0.00574511,0.01336669,0.00280617,0.00378950,0.00144518,0.00484235,0.00303109,0.09525211,0.04042711,0.05254079,0.00417153,0.01887850,0.03793546,0.07191769,0.03962280,0.01045150,0.01045758,0.00186749,0.02146194,0.01165979,0.06292429,0.01109385,0.08944261,0.04124243,0.00112468,0.02484330,0.04100910
2008-11,0.00484816,0.01754483,0.00199627,0.02363608,0.01575910,0.00127860,0.00394187,0.00216900,0.02737722,0.00581869,0.00502625,0.01773633,0.09615687,0.01807434,0.00151159,0.00057627,0.00439224,0.00407655,0.00465671,0.00024811,0.01779823,0.00515540,0.00441268,0.01385695,0.00267146,0.00359486,0.00116248,0.00380701,0.00259554,0.09637563,0.04344821,0.05337750,0.00468564,0.01747674,0.03816824,0.07122157,0.03945084,0.00970445,0.01034412,0.00181885,0.02294479,0.01102026,0.06485868,0.01174550,0.09150239,0.03628814,0.00086261,0.02219669,0.04062945
2008-12,0.00473572,0.01774485,0.00186104,0.02207604,0.01595897,0.00123628,0.00325553,0.00210292,0.02919386,0.00544823,0.00475184,0.01573232,0.09897590,0.01631013,0.00156273,0.00045415,0.00467324,0.00427369,0.00445327,0.00022103,0.01787067,0.00559635,0.00451461,0.01326883,0.00252628,0.00358032,0.00160328,0.00391619,0.00200323,0.10598095,0.04785664,0.05741673,0.00497685,0.01824251,0.03768225,0.06926711,0.03680340,0.00916224,0.01077123,0.00184777,0.02243107,0.01049756,0.06549948,0.01195931,0.08161492,0.03709419,0.00068082,0.02060768,0.03970581
2009-01,0.00421850,0.01786791,0.00216213,0.02134510,0.01573612,0.00134489,0.00347077,0.00199784,0.02818921,0.00554868,0.00503799,0.01643581,0.10318545,0.01563627,0.00153523,0.00050510,0.00466172,0.00456651,0.00510769,0.00020863,0.01813644,0.00582463,0.00431453,0.01406332,0.00275664,0.00384934,0.00192349,0.00429976,0.00189046,0.10187244,0.04610340,0.05848699,0.00506274,0.01853098,0.03645401,0.07005964,0.03829591,0.00881660,0.00970049,0.00203980,0.02174952,0.01099589,0.06674505,0.01309023,0.07673125,0.04071737,0.00073196,0.02118667,0.03680891
2009-02,0.00492929,0.01944639,0.00218881,0.02161661,0.01493538,0.00125985,0.00331322,0.00194894,0.02731939,0.00534990,0.00530608,0.01834424,0.10945089,0.01598008,0.00142664,0.00041304,0.00426445,0.00440423,0.00458690,0.00020647,0.01782890,0.00560735,0.00424277,0.01470467,0.00286000,0.00408873,0.00205012,0.00415264,0.00211104,0.10732163,0.04989434,0.05695045,0.00552855,0.01867346,0.03859061,0.07434814,0.04040353,0.00959227,0.00954924,0.00200356,0.02002096,0.01184323,0.06661887,0.01318878,0.05895395,0.03771694,0.00074528,0.01960512,0.03411408
2009-03,0.00547220,0.01925541,0.00236391,0.02297211,0.01522021,0.00120548,0.00311995,0.00187548,0.02708972,0.00545467,0.00532357,0.01778660,0.10871832,0.01628686,0.00125590,0.00032873,0.00392411,0.00430548,0.00413843,0.00018355,0.01731472,0.00526656,0.00423329,0.01333180,0.00248998,0.00358133,0.00238191,0.00459885,0.00223280,0.10405841,0.04794028,0.05907721,0.00548980,0.01930388,0.03988194,0.08048191,0.04198829,0.00977386,0.00904789,0.00213630,0.01949773,0.01189446,0.07336185,0.01354760,0.05488707,0.03368658,0.00062564,0.02097467,0.03063272
2009-04,0.00555227,0.01804509,0.00251950,0.02271311,0.01498994,0.00118218,0.00315740,0.00188737,0.02536025,0.00585475,0.00506055,0.01731337,0.09796021,0.01761140,0.00123671,0.00039701,0.00402999,0.00461797,0.00430514,0.00018045,0.01797604,0.00528063,0.00441364,0.01324765,0.00224235,0.00361253,0.00240440,0.00509102,0.00208533,0.10080627,0.04575067,0.05804310,0.00532577,0.01959580,0.04238552,0.08226664,0.04458551,0.00972728,0.00905423,0.00211326,0.01961707,0.01152483,0.07589087,0.01376453,0.05895247,0.03473057,0.00058268,0.02329184,0.03166283
2009-05,0.00520500,0.01698406,0.00295539,0.02041701,0.01397611,0.00132421,0.00405693,0.00224545,0.02496082,0.00649567,0.00533621,0.01680000,0.08630007,0.01715667,0.00148834,0.00057639,0.00493646,0.00483056,0.00494048,0.00022811,0.01957456,0.00590943,0.00600295,0.01391674,0.00260944,0.00375587,0.00200916,0.00509758,0.00218279,0.09587698,0.04251421,0.05763931,0.00461837,0.02006725,0.04544136,0.08300159,0.04570764,0.00969951,0.01018829,0.00217123,0.02059041,0.01207519,0.07567345,0.01369030,0.06432251,0.03590888,0.00087694,0.02426787,0.03339623
2009-06,0.00481919,0.01741359,0.00284693,0.02132727,0.01500351,0.00129533,0.00420497,0.00212646,0.02488712,0.00638490,0.00529421,0.01689563,0.08734011,0.01745258,0.00145216,0.00051115,0.00451774,0.00460580,0.00516522,0.00023559,0.01945456,0.00551158,0.00553227,0.01442777,0.00267013,0.00380473,0.00232625,0.00564714,0.00281166,0.10008995,0.04221195,0.05553285,0.00436633,0.01922886,0.04361424,0.08219959,0.04486613,0.00957536,0.00999516,0.00220435,0.02001919,0.01207697,0.06990507,0.01381898,0.06761859,0.03704992,0.00083629,0.02593612,0.03288855
2009-07,0.00435823,0.01800737,0.00276371,0.02098028,0.01401682,0.00128974,0.00363696,0.00197942,0.02387541,0.00601150,0.00534015,0.01729567,0.08930863,0.01626153,0.00143149,0.00046623,0.00426984,0.00482699,0.00573403,0.00024558,0.01845271,0.00551916,0.00837879,0.01343071,0.00037374,0.00361584,0.00212889,0.00552135,0.00242983,0.09183457,0.04428638,0.05468837,0.00495079,0.01822970,0.04495145,0.08513221,0.04533213,0.00993872,0.01015156,0.00220999,0.02015482,0.01137988,0.06834494,0.01309715,0.07720730,0.03573329,0.00087713,0.02761588,0.03193317
2009-08,0.00454069,0.01789628,0.00274489,0.02022520,0.01400125,0.00132713,0.00391359,0.00212878,0.02431625,0.00625340,0.00528885,0.01643019,0.08782008,0.01768262,0.00158266,0.00059008,0.00466600,0.00496400,0.00552838,0.00024124,0.01969096,0.00578342,0.00905396,0.01315985,0.00039431,0.00314380,0.00202262,0.00601924,0.00260799,0.08960212,0.04290307,0.05328338,0.00466118,0.01801843,0.04692267,0.08317378,0.04594304,0.00984124,0.01092540,0.00229654,0.02083478,0.01153538,0.06807678,0.01244730,0.07804842,0.03636467,0.00089498,0.02743201,0.03277711
2009-09,0.00439796,0.01732532,0.00282638,0.01947470,0.01361445,0.00135025,0.00421618,0.00220111,0.02339449,0.00627338,0.00528579,0.01678155,0.08617751,0.01741416,0.00164201,0.00058191,0.00479710,0.00498523,0.00555411,0.00025256,0.01940842,0.00571081,0.00892949,0.01409700,0.00043099,0.00306693,0.00192420,0.00612441,0.00241343,0.08723827,0.04148527,0.05204024,0.00466892,0.01788335,0.04669903,0.08252243,0.04528357,0.00965701,0.01109839,0.00223420,0.02088346,0.01170115,0.06845290,0.01240443,0.08487083,0.03906526,0.00099086,0.02725833,0.03291023
2009-10,0.00394881,0.01695887,0.00287565,0.02003852,0.01351651,0.00135046,0.00456136,0.00205999,0.02394180,0.00676579,0.00526160,0.01649077,0.08433331,0.01785789,0.00168283,0.00056602,0.00468680,0.00463744,0.00567425,0.00026594,0.02027189,0.00584060,0.00881033,0.01432327,0.00045090,0.00306978,0.00206734,0.00644656,0.00269942,0.08792451,0.04068984,0.05326697,0.00476887,0.01796347,0.04840764,0.08333158,0.04473326,0.00992546,0.01086382,0.00227373,0.02080767,0.01169687,0.06720061,0.01235777,0.08160076,0.03752593,0.00102227,0.02806789,0.03411640
2009-11,0.00356359,0.01768293,0.00285117,0.02090799,0.01392765,0.00141712,0.00410044,0.00210989,0.02476149,0.00680432,0.00527788,0.01609146,0.07821393,0.01767064,0.00166457,0.00054610,0.00460889,0.00435888,0.00515058,0.00024944,0.02090574,0.00568561,0.00885541,0.01412761,0.00043230,0.00283874,0.00210233,0.00681690,0.00278865,0.09307492,0.04082574,0.05250458,0.00440398,0.01786214,0.04923581,0.08717657,0.04309301,0.00990740,0.01116214,0.00222234,0.02029534,0.01173114,0.06995098,0.01238615,0.07924304,0.03676827,0.00094780,0.02788071,0.03281567
2009-12,0.00401994,0.01719043,0.00272891,0.02093731,0.01357550,0.00138838,0.00423457,0.00207197,0.02534643,0.00660730,0.00523718,0.01683781,0.07633157,0.01842324,0.00165265,0.00053722,0.00460460,0.00399076,0.00528390,0.00024686,0.02103293,0.00572214,0.00937859,0.01467642,0.00043513,0.00300712,0.00249092,0.00728418,0.00294016,0.09120962,0.04054518,0.05178377,0.00435898,0.01787797,0.04866080,0.08721920,0.04336361,0.00981492,0.01159781,0.00212890,0.02163514,0.01168094,0.06979751,0.01268351,0.07926284,0.03680150,0.00099473,0.02703209,0.03333685
2010-01,0.00399220,0.01720531,0.00280067,0.02020376,0.01349315,0.00140275,0.00405438,0.00235675,0.02420590,0.00671487,0.00546961,0.01700509,0.07566655,0.01828062,0.00164048,0.00058110,0.00479668,0.00412876,0.00594594,0.00024786,0.02123170,0.00586337,0.00972513,0.01480968,0.00044731,0.00289099,0.00214058,0.00697002,0.00307472,0.08768081,0.04172047,0.05359161,0.00455484,0.01836495,0.04977469,0.08961678,0.04551289,0.01014298,0.01173364,0.00218740,0.02207544,0.01193564,0.06879457,0.01256514,0.07624916,0.03686722,0.00108010,0.02650849,0.03169720
2010-02,0.00385516,0.01791450,0.00283135,0.02019088,0.01353773,0.00142173,0.00427530,0.00253411,0.02518141,0.00674308,0.00546062,0.01755840,0.07873485,0.01821302,0.00157565,0.00055186,0.00482793,0.00427657,0.00539589,0.00023893,0.02056599,0.00579261,0.01017499,0.01550393,0.00042134,0.00295466,0.00197371,0.00605498,0.00295894,0.08665070,0.04129819,0.05152894,0.00456769,0.01811799,0.04710647,0.08574456,0.04280980,0.00995728,0.01156612,0.00207376,0.02191206,0.01207361,0.06995925,0.01288107,0.08000247,0.03851198,0.00107867,0.02493021,0.03550905
2010-03,0.00350146,0.01791051,0.00312973,0.01968084,0.01372894,0.00157774,0.00426424,0.00237777,0.02533710,0.00697585,0.00542557,0.01744701,0.07617532,0.01862363,0.00162545,0.00062095,0.00485701,0.00424052,0.00547844,0.00025115,0.02164335,0.00619706,0.01055222,0.01559018,0.00043094,0.00300654,0.00219462,0.00660801,0.00317864,0.08580153,0.03976457,0.05144683,0.00449784,0.01715971,0.04906660,0.08607012,0.04361701,0.01033911,0.01145186,0.00217261,0.01988036,0.01242958,0.07091296,0.01304141,0.07936792,0.03877751,0.00112597,0.02516253,0.03528321
2010-04,0.00337447,0.01757468,0.00217892,0.01958552,0.01359073,0.00158191,0.00462113,0.00236539,0.02427358,0.00733183,0.00548664,0.01717226,0.07397405,0.01882847,0.00160533,0.00063332,0.00499352,0.00424006,0.00578104,0.00024088,0.02136940,0.00626348,0.01084540,0.01632977,0.00047931,0.00300778,0.00214864,0.00692185,0.00306026,0.08339130,0.03861344,0.05225144,0.00453080,0.01722767,0.05049545,0.08511934,0.04435463,0.01050571,0.01142217,0.00217286,0.02026889,0.01241261,0.07093804,0.01335099,0.08125681,0.03964721,0.00120696,0.02546835,0.03550574
2010-05,0.00296803,0.01726646,0.00210546,0.01891479,0.01303210,0.00153805,0.00528616,0.00236429,0.02401442,0.00752170,0.00553142,0.01692434,0.07040421,0.01872375,0.00171279,0.00069374,0.00545582,0.00456651,0.00551394,0.00025168,0.02224963,0.00643150,0.01115225,0.01641023,0.00057499,0.00300494,0.00234054,0.00654115,0.00294939,0.08496590,0.03897922,0.05280618,0.00458758,0.01729820,0.05203042,0.08395110,0.04416574,0.01096621,0.01174821,0.00217504,0.02063204,0.01259109,0.07097783,0.01405507,0.08224334,0.03835721,0.00125557,0.02477345,0.03499631
2010-06,0.00264033,0.01801217,0.00228578,0.01976875,0.01307581,0.00158075,0.00529423,0.00228479,0.02500711,0.00769204,0.00578954,0.01684668,0.06994559,0.01825058,0.00177063,0.00068102,0.00526312,0.00443187,0.00554377,0.00024778,0.02167646,0.00626476,0.01090231,0.01605775,0.00055452,0.00304075,0.00241449,0.00665405,0.00271846,0.08272277,0.03952080,0.05396969,0.00460785,0.01740087,0.05241706,0.08351146,0.04425891,0.01096640,0.01158507,0.00216093,0.02108246,0.01311789,0.07255042,0.01446284,0.07981152,0.03908828,0.00119917,0.02463507,0.03423462
2010-07,0.00276720,0.01959071,0.00231538,0.01997797,0.01314623,0.00158441,0.00508301,0.00188154,0.02439196,0.00725060,0.00558072,0.01750405,0.07561624,0.01776040,0.00154206,0.00059769,0.00453890,0.00413314,0.00514177,0.00021937,0.02182033,0.00732837,0.00973688,0.01575166,0.00038275,0.00277244,0.00302135,0.00601474,0.00298357,0.07942583,0.04092201,0.05362124,0.00468738,0.01734851,0.05158417,0.08094186,0.04240546,0.01071111,0.01218904,0.00217394,0.02054090,0.01253196,0.06609327,0.01377895,0.09159288,0.03802390,0.00110587,0.02373829,0.03614800
2010-08,0.00307151,0.01879211,0.00231826,0.02031104,0.01365989,0.00151441,0.00522033,0.00186355,0.02368210,0.00735947,0.00490629,0.01621167,0.07307968,0.01911579,0.00156295,0.00059718,0.00463347,0.00414320,0.00522105,0.00021547,0.02334501,0.00780971,0.01059400,0.01629909,0.00040363,0.00263769,0.00258215,0.00659154,0.00319251,0.07988227,0.04093787,0.05477174,0.00473291,0.01699978,0.05133321,0.08199392,0.04282130,0.00969290,0.01232146,0.00219304,0.02134456,0.01211389,0.06485151,0.01377718,0.09086189,0.03768758,0.00118486,0.02428515,0.03527821
2010-09,0.00293693,0.01998491,0.00243278,0.02139340,0.01438163,0.00155883,0.00544156,0.00174789,0.02398460,0.00717256,0.00486399,0.01566027,0.07664581,0.01921601,0.00160908,0.00059441,0.00460705,0.00404782,0.00501501,0.00020590,0.02255647,0.00761365,0.00998581,0.01568855,0.00038439,0.00257926,0.00303750,0.00677057,0.00314983,0.08102164,0.04304803,0.05647594,0.00399696,0.01667199,0.04898892,0.08279522,0.04103516,0.00959470,0.01210445,0.00221117,0.02129861,0.01171702,0.06526432,0.01450266,0.08572071,0.03795414,0.00115925,0.02351891,0.03565371
2010-10,0.00253220,0.01866270,0.00231020,0.02039591,0.01426247,0.00157871,0.00573742,0.00182044,0.02276288,0.00770335,0.00499907,0.01596493,0.07535884,0.01927353,0.00161072,0.00061613,0.00466666,0.00405815,0.00513175,0.00021566,0.02390675,0.00794749,0.01037579,0.01580058,0.00041980,0.00245015,0.00290204,0.00707381,0.00326967,0.08069831,0.04067502,0.05566655,0.00433284,0.01698740,0.05078233,0.08419305,0.04258842,0.01012375,0.01211512,0.00214139,0.02145411,0.01174647,0.06782266,0.01425929,0.08329281,0.03768137,0.00119447,0.02321612,0.03522071
2010-11,0.00291130,0.01868818,0.00202551,0.02007558,0.01451743,0.00155521,0.00640774,0.00187978,0.02283250,0.00769829,0.00497570,0.01544314,0.07380761,0.02017333,0.00158847,0.00061449,0.00472212,0.00384439,0.00518641,0.00022878,0.02411557,0.00806008,0.01100106,0.01619461,0.00041106,0.00238045,0.00274009,0.00772472,0.00337570,0.08138627,0.03996337,0.05592279,0.00388254,0.01663845,0.05155035,0.08831345,0.04265990,0.01035034,0.01206564,0.00219215,0.02156648,0.01189076,0.06634362,0.01431988,0.08016451,0.03703339,0.00113350,0.02404133,0.03340201
2010-12,0.00292812,0.01809939,0.00203446,0.02033662,0.01390192,0.00169293,0.00676665,0.00183201,0.02217970,0.00822822,0.00488452,0.01528573,0.07016758,0.02024068,0.00130373,0.00060499,0.00484899,0.00393089,0.00532041,0.00024950,0.02562008,0.00833292,0.01168106,0.01599391,0.00040877,0.00228189,0.00275525,0.00797827,0.00385214,0.08483002,0.03910896,0.05467662,0.00387613,0.01674592,0.05057087,0.08549692,0.04379099,0.01057210,0.01205084,0.00216703,0.02191926,0.01187015,0.06936766,0.01481193,0.07992668,0.03649650,0.00112993,0.02374890,0.03310124
2011-01,0.00318714,0.01771767,0.00191855,0.01971398,0.01345430,0.00160064,0.00626316,0.00186377,0.02201646,0.00776946,0.00495700,0.01569200,0.06867792,0.02041062,0.00125320,0.00059169,0.00500084,0.00422691,0.00564989,0.00025970,0.02652967,0.00826668,0.01191754,0.01564084,0.00043896,0.00220650,0.00274001,0.00870939,0.00414156,0.08692450,0.03770916,0.05464673,0.00405422,0.01658249,0.04932200,0.08571562,0.04322828,0.01086076,0.01179971,0.00214999,0.02117268,0.01189720,0.06724171,0.01387171,0.08435231,0.03670612,0.00114363,0.02433001,0.03347510
2011-02,0.00327491,0.01702602,0.00191864,0.01865432,0.01276956,0.00146552,0.00637723,0.00188202,0.02127113,0.00735664,0.00494620,0.01576210,0.06621390,0.02034487,0.00125282,0.00055895,0.00505007,0.00442519,0.00555559,0.00027463,0.02739832,0.00821534,0.01168573,0.01612764,0.00044237,0.00241212,0.00239738,0.00798979,0.00413640,0.09143340,0.03778193,0.05337766,0.00396263,0.01655258,0.05051074,0.08600962,0.04518132,0.01094980,0.01192891,0.00218824,0.02068315,0.01199455,0.06511071,0.01322816,0.08481381,0.03711366,0.00114738,0.02423132,0.03461506
2011-03,0.00313246,0.01753471,0.00191662,0.01815895,0.01341854,0.00150553,0.00623701,0.00186335,0.02086380,0.00772532,0.00511564,0.01595149,0.06552684,0.02063772,0.00126126,0.00057973,0.00502734,0.00426997,0.00558724,0.00028939,0.02757669,0.00814111,0.01096513,0.01598292,0.00044856,0.00232273,0.00243281,0.00769818,0.00400514,0.09517061,0.03675150,0.05543620,0.00426252,0.01684262,0.04971688,0.08433457,0.04526416,0.01121788,0.01187340,0.00220596,0.02021033,0.01193779,0.06386510,0.01328084,0.08328526,0.03772580,0.00120653,0.02413697,0.03509890
2011-04,0.00313512,0.01746104,0.00199069,0.01859522,0.01408073,0.00151834,0.00614870,0.00185470,0.02082792,0.00737494,0.00525188,0.01598439,0.06668772,0.02092396,0.00133295,0.00060359,0.00518701,0.00432040,0.00560403,0.00031586,0.02864716,0.00819052,0.01112471,0.01628838,0.00052808,0.00235098,0.00243812,0.00768622,0.00435112,0.09662593,0.03685547,0.05615898,0.00434383,0.01702575,0.04797973,0.08354607,0.04367827,0.01140176,0.01202327,0.00220697,0.02078499,0.01205423,0.06359442,0.01350460,0.08139344,0.03741466,0.00121450,0.02345299,0.03393568
2011-05,0.00291732,0.01796151,0.00204040,0.01883319,0.01445850,0.00150105,0.00638672,0.00180788,0.02119389,0.00776821,0.00516414,0.01634250,0.06813293,0.02129917,0.00135542,0.00061730,0.00505593,0.00419573,0.00548725,0.00029141,0.02836976,0.00800406,0.01107365,0.01654688,0.00052281,0.00226696,0.00250371,0.00726694,0.00411400,0.09581667,0.03729163,0.05545671,0.00429258,0.01679837,0.04736530,0.08379647,0.04449863,0.01156102,0.01194192,0.00216479,0.02086848,0.01222682,0.06513220,0.01330008,0.07858959,0.03797061,0.00124552,0.02267655,0.03352682
2011-06,0.00304808,0.01863401,0.00214861,0.01923414,0.01533723,0.00150629,0.00645808,0.00185082,0.02191691,0.00794004,0.00526776,0.01656774,0.07073778,0.02081188,0.00140115,0.00064448,0.00502755,0.00414796,0.00527359,0.00028637,0.02710740,0.00759167,0.01086528,0.01639994,0.00049777,0.00226549,0.00239551,0.00690429,0.00393277,0.09262218,0.03820288,0.05673114,0.00432230,0.01673535,0.04707599,0.08289442,0.04444732,0.01158061,0.01201458,0.00232063,0.02084844,0.01257575,0.06608955,0.01406366,0.07745790,0.03784090,0.00121456,0.02207607,0.03268520
2011-07,0.00288038,0.01842064,0.00186617,0.01913399,0.01407171,0.00146689,0.00657949,0.00182787,0.02111415,0.00819199,0.00616728,0.01579421,0.07007240,0.02044685,0.00142445,0.00061230,0.00509455,0.00396783,0.00551970,0.00038194,0.02537118,0.00778536,0.01450746,0.01653681,0.00060651,0.00222154,0.00244880,0.00728872,0.00330647,0.09336507,0.04031553,0.05618414,0.00429646,0.01665916,0.04553984,0.08393159,0.04260519,0.01126873,0.01226222,0.00224561,0.02103480,0.01243964,0.06299013,0.01418949,0.07884681,0.03982438,0.00120519,0.02376690,0.03192151
2011-08,0.00298576,0.01884021,0.00180223,0.01905817,0.01485691,0.00133964,0.00716814,0.00179762,0.02094582,0.00860987,0.00574752,0.01548783,0.06971043,0.02055760,0.00137952,0.00058940,0.00481972,0.00388499,0.00531218,0.00037669,0.02430178,0.00724628,0.01343005,0.01596592,0.00058458,0.00214813,0.00260297,0.00740882,0.00341562,0.09624017,0.04117470,0.05453605,0.00436838,0.01642841,0.04885615,0.08624212,0.04103551,0.01061703,0.01169917,0.00219880,0.02049427,0.01218895,0.06457847,0.01450842,0.07755389,0.03873455,0.00118948,0.02373758,0.03124349
2011-09,0.00296919,0.01978380,0.00196438,0.02072927,0.01589118,0.00137939,0.00717670,0.00184959,0.02247787,0.00865092,0.00528534,0.01572120,0.07252693,0.02005185,0.00143441,0.00058497,0.00475034,0.00372065,0.00491417,0.00037380,0.02376717,0.00708345,0.01257424,0.01572736,0.00056770,0.00224307,0.00304757,0.00738292,0.00292409,0.09165557,0.04377962,0.05521129,0.00398137,0.01626459,0.04844206,0.08602022,0.04034164,0.01038139,0.01176840,0.00215175,0.02020389,0.01246219,0.06641315,0.01531583,0.07490651,0.03804096,0.00110784,0.02234150,0.03165668
2011-10,0.00280875,0.02061419,0.00206735,0.02155066,0.01620281,0.00135565,0.00611407,0.00184466,0.02347880,0.00874991,0.00520568,0.01572621,0.07643987,0.01825613,0.00123511,0.00054361,0.00431041,0.00341847,0.00422269,0.00033214,0.02153628,0.00662930,0.01176446,0.01632511,0.00049975,0.00233496,0.00312675,0.00555224,0.00222390,0.08716301,0.04663149,0.05568040,0.00371430,0.01605941,0.05058209,0.08960655,0.04080634,0.01010522,0.01148635,0.00203397,0.01985087,0.01241112,0.06999158,0.01572960,0.07175109,0.03776612,0.00101446,0.02064527,0.03250085
2011-11,0.00304858,0.01921087,0.00190914,0.01977444,0.01569623,0.00141601,0.00634581,0.00180627,0.02191320,0.00918099,0.00519024,0.01502884,0.07169064,0.01932565,0.00126086,0.00055939,0.00474934,0.00369053,0.00448860,0.00037071,0.02380847,0.00708234,0.01309402,0.01625019,0.00058142,0.00221855,0.00303974,0.00633192,0.00257051,0.09090391,0.04474746,0.05363583,0.00396698,0.01629627,0.05090302,0.08974657,0.04127086,0.01016372,0.01143812,0.00207494,0.02064897,0.01269950,0.06848902,0.01558443,0.07300625,0.03856916,0.00106263,0.02115551,0.03200338
2011-12,0.00307242,0.01939708,0.00190188,0.01985707,0.01690855,0.00140889,0.00613809,0.00181850,0.02218909,0.00888696,0.00531424,0.01503088,0.07264135,0.01923481,0.00125998,0.00055670,0.00489489,0.00381397,0.00444165,0.00040879,0.02408622,0.00744627,0.01202591,0.01655316,0.00061570,0.00229688,0.00313391,0.00635233,0.00241707,0.09329851,0.04498043,0.05405616,0.00385186,0.01608353,0.04950258,0.08832262,0.04112193,0.01008547,0.01160102,0.00208639,0.02098203,0.01290807,0.06936343,0.01598388,0.07032765,0.03839044,0.00107056,0.02023255,0.03164762
2012-01,0.00293470,0.01945109,0.00193690,0.02055202,0.01725853,0.00131159,0.00584290,0.00186417,0.02255601,0.00862079,0.00520892,0.01523140,0.07520407,0.01873634,0.00126072,0.00055848,0.00480209,0.00378534,0.00417697,0.00037393,0.02301228,0.00707801,0.01174018,0.01652740,0.00062679,0.00235214,0.00270854,0.00603366,0.00207778,0.09247086,0.04577259,0.05525039,0.00399802,0.01605114,0.04955208,0.08557091,0.04020344,0.00985900,0.01165155,0.00208592,0.02112078,0.01283419,0.06910320,0.01654355,0.07212002,0.03851220,0.00108133,0.01977835,0.03261673
2012-02,0.00326100,0.01868977,0.00192703,0.01916108,0.01570545,0.00138781,0.00627499,0.00183995,0.02114515,0.00902595,0.00519792,0.01549344,0.07292716,0.01989946,0.00129849,0.00057052,0.00487714,0.00396141,0.00447669,0.00037222,0.02474216,0.00744903,0.01266054,0.01654813,0.00062599,0.00229610,0.00272304,0.00683010,0.00201148,0.08913105,0.04246294,0.05362242,0.00409601,0.01612330,0.05267791,0.08638480,0.04177940,0.01081925,0.01154026,0.00216636,0.02152244,0.01298043,0.06846379,0.01627673,0.07398200,0.03835805,0.00113991,0.02077702,0.03231672
2012-03,0.00297410,0.01830647,0.00194107,0.01851015,0.01667223,0.00140990,0.00637743,0.00178554,0.02164638,0.00922907,0.00525550,0.01500954,0.07035296,0.01950278,0.00127510,0.00058047,0.00491900,0.00403788,0.00418383,0.00038697,0.02482525,0.00724912,0.01276594,0.01651090,0.00064662,0.00234226,0.00253398,0.00616636,0.00189632,0.09085788,0.04111011,0.05402266,0.00380919,0.01607438,0.05629195,0.08749321,0.04131380,0.01061918,0.01122407,0.00216818,0.02029751,0.01265738,0.06803006,0.01601416,0.07602414,0.03879719,0.00117745,0.02126928,0.03145516
2012-04,0.00297879,0.01802853,0.00195985,0.01901287,0.01685379,0.00141189,0.00645093,0.00180357,0.02137949,0.00910031,0.00511040,0.01505224,0.07122251,0.01944570,0.00127792,0.00058981,0.00492825,0.00398127,0.00407973,0.00039205,0.02351812,0.00712481,0.01248935,0.01606716,0.00061403,0.00230589,0.00215781,0.00572368,0.00161704,0.08560907,0.03965681,0.05369922,0.00364506,0.01592724,0.05861415,0.08836661,0.04157662,0.01072867,0.01105244,0.00214193,0.01988932,0.01266687,0.06945729,0.01618154,0.08075989,0.03884970,0.00120823,0.02157030,0.03172126
2012-05,0.00288074,0.01839129,0.00204520,0.01948778,0.01735945,0.00143950,0.00634468,0.00177462,0.02104329,0.00919748,0.00511288,0.01511250,0.07249938,0.01989249,0.00127931,0.00059566,0.00488251,0.00411121,0.00394835,0.00038593,0.02338324,0.00708792,0.01163209,0.01629177,0.00060899,0.00236314,0.00204747,0.00578906,0.00167513,0.08514751,0.04044080,0.05496829,0.00353848,0.01608670,0.05724677,0.08856740,0.04065083,0.01053088,0.01112765,0.00212227,0.02040921,0.01276984,0.06924471,0.01648994,0.07957590,0.03894903,0.00125672,0.02063728,0.03157671
2012-06,0.00310226,0.01902463,0.00222564,0.02076140,0.01790907,0.00141373,0.00589040,0.00174599,0.02144898,0.00927667,0.00513526,0.01529762,0.07535721,0.01946693,0.00130161,0.00062141,0.00492864,0.00404577,0.00360852,0.00035484,0.02224569,0.00671991,0.01152946,0.01606723,0.00058189,0.00229795,0.00211190,0.00519081,0.00136537,0.08136855,0.04114190,0.05838851,0.00337501,0.01585200,0.05689252,0.08726588,0.03850287,0.01055215,0.01126473,0.00205464,0.02133834,0.01281591,0.07244733,0.01677861,0.07701271,0.03836601,0.00121864,0.01944568,0.03289120
2012-07,0.00322668,0.01821902,0.01384883,0.00981052,0.01749802,0.00140968,0.00589042,0.00176319,0.02073360,0.00804725,0.00550273,0.01542880,0.07667197,0.01968119,0.00114336,0.00062588,0.00374795,0.00420105,0.00376915,0.00022638,0.02307744,0.00633035,0.01100706,0.01310701,0.00061886,0.00220336,0.00212264,0.00549362,0.00142191,0.08229025,0.04175502,0.05744323,0.00318376,0.01692007,0.05548023,0.09169284,0.03696819,0.01314090,0.01104494,0.00197485,0.02075323,0.01235996,0.06965097,0.01623794,0.07926849,0.03761550,0.00124155,0.02028786,0.03386227
2012-08,0.00330842,0.01762193,0.01417745,0.00997223,0.01811730,0.00148898,0.00515415,0.00177122,0.02126620,0.00817933,0.00523503,0.01471044,0.07874888,0.01917982,0.00109614,0.00061874,0.00363387,0.00410208,0.00369765,0.00021324,0.02330531,0.00649067,0.01082450,0.01180803,0.00063088,0.00225988,0.00192535,0.00538878,0.00125856,0.08440498,0.04184134,0.05924983,0.00279418,0.01680890,0.05639783,0.09008957,0.03663589,0.01317307,0.01109849,0.00201688,0.02049427,0.01235261,0.07094915,0.01561305,0.07877206,0.03594063,0.00120708,0.01994396,0.03403111
2012-09,0.00330661,0.01797729,0.01290718,0.00978143,0.01719807,0.00149942,0.00546689,0.00184392,0.02146438,0.00863816,0.00521019,0.01490292,0.07612652,0.01928131,0.00111334,0.00065436,0.00382444,0.00433107,0.00357007,0.00022785,0.02371299,0.00655161,0.01102082,0.01185942,0.00061273,0.00224835,0.00218102,0.00540625,0.00123191,0.08417839,0.03928842,0.05851915,0.00290344,0.01674169,0.05958053,0.09166987,0.03646285,0.01322010,0.01106127,0.00202756,0.01967839,0.01212527,0.07162186,0.01545322,0.07934195,0.03729735,0.00123737,0.02034163,0.03309917
2012-10,0.00337465,0.01768024,0.01272608,0.00938314,0.01659421,0.00146361,0.00568862,0.00190909,0.02146809,0.00836731,0.00547876,0.01536702,0.07723703,0.01902629,0.00114197,0.00067204,0.00387996,0.00449740,0.00360070,0.00023029,0.02354808,0.00637488,0.01111287,0.01146118,0.00062125,0.00226674,0.00240496,0.00572528,0.00122608,0.08519428,0.03902142,0.05976503,0.00293882,0.01670016,0.05822084,0.09201825,0.03449788,0.01321047,0.01099429,0.00205678,0.01874262,0.01179733,0.07105195,0.01562575,0.08080116,0.03681415,0.00124613,0.02059329,0.03418164
2012-11,0.00326458,0.01784221,0.01263708,0.00939478,0.01650844,0.00147659,0.00592744,0.00193237,0.02201823,0.00844432,0.00523325,0.01508216,0.07757501,0.01893149,0.00119467,0.00071832,0.00410018,0.00472474,0.00364245,0.00023070,0.02352694,0.00658058,0.01204255,0.01172293,0.00065157,0.00232540,0.00238418,0.00595711,0.00150638,0.08456555,0.04022197,0.05923017,0.00291686,0.01693833,0.05302790,0.08837485,0.03374379,0.01328213,0.01090334,0.00211869,0.01959694,0.01228364,0.07169126,0.01514182,0.08344622,0.03862888,0.00125775,0.02151690,0.03353634
2012-12,0.00344048,0.01842364,0.01291320,0.00953035,0.01696193,0.00149305,0.00596182,0.00186670,0.02219130,0.00873200,0.00541777,0.01513315,0.07809502,0.01937030,0.00121198,0.00074417,0.00420034,0.00465519,0.00371735,0.00021830,0.02378962,0.00688283,0.01230760,0.01208980,0.00065993,0.00233434,0.00203657,0.00585294,0.00132825,0.08268427,0.03828883,0.05896441,0.00286427,0.01707416,0.05298597,0.08882392,0.03414698,0.01371352,0.01127386,0.00209513,0.01951036,0.01249666,0.07204915,0.01538590,0.08237174,0.03741831,0.00125826,0.02135793,0.03367645
2013-01,0.00351731,0.01809266,0.01233947,0.00926311,0.01572261,0.00146160,0.00601382,0.00190195,0.02163275,0.00861855,0.00542281,0.01502790,0.07643122,0.01996743,0.00120205,0.00076365,0.00430071,0.00489306,0.00389395,0.00023193,0.02452609,0.00707685,0.01318359,0.01227834,0.00069044,0.00227638,0.00199334,0.00571676,0.00141732,0.08300667,0.03779283,0.05899340,0.00294242,0.01734479,0.05035350,0.08909501,0.03478786,0.01407056,0.01155066,0.00211677,0.01993440,0.01264856,0.06947952,0.01553658,0.08585523,0.03737725,0.00132221,0.02222536,0.03370878
2013-02,0.00355858,0.01811070,0.01199119,0.00924046,0.01575715,0.00142439,0.00661566,0.00190236,0.02223046,0.00836257,0.00564074,0.01567432,0.07784903,0.01988894,0.00126895,0.00079131,0.00439995,0.00515801,0.00366758,0.00023047,0.02514968,0.00717974,0.01265386,0.01193858,0.00071365,0.00207497,0.00172996,0.00561467,0.00129487,0.08478392,0.03761162,0.05843769,0.00297493,0.01757316,0.04470927,0.08951095,0.03409554,0.01434915,0.01160131,0.00209851,0.02051330,0.01275453,0.06939347,0.01549696,0.08484295,0.03772168,0.00132861,0.02383441,0.03425520
2013-03,0.00350906,0.01876556,0.01229280,0.00955835,0.01593230,0.00148254,0.00643651,0.00171885,0.02267752,0.00820917,0.00562838,0.01532321,0.07836688,0.01947189,0.00128515,0.00082774,0.00444841,0.00492832,0.00352910,0.00024753,0.02444142,0.00724180,0.01239066,0.01219588,0.00075096,0.00208993,0.00157184,0.00513310,0.00117605,0.08420937,0.03786405,0.05910387,0.00303697,0.01741323,0.04360836,0.08907321,0.03429749,0.01440558,0.01196740,0.00217703,0.02098132,0.01278387,0.06903790,0.01541681,0.08497961,0.03753666,0.00135736,0.02386198,0.03525701
2013-04,0.00353438,0.01947448,0.01232349,0.00969007,0.01560306,0.00153334,0.00666675,0.00177078,0.02230977,0.00811192,0.00572799,0.01519852,0.08075992,0.01892263,0.00129522,0.00086770,0.00437332,0.00504426,0.00345905,0.00025935,0.02358420,0.00699445,0.01240662,0.01240576,0.00076951,0.00219214,0.00153910,0.00496236,0.00114225,0.08273063,0.03842670,0.06006055,0.00315243,0.01759449,0.04277450,0.08774649,0.03418847,0.01434120,0.01210470,0.00223889,0.02114716,0.01272086,0.06950289,0.01562642,0.08538154,0.03797904,0.00138736,0.02344902,0.03452428
2013-05,0.00352278,0.01952292,0.01274261,0.00989623,0.01606821,0.00157646,0.00686655,0.00174540,0.02215556,0.00872474,0.00562505,0.01470547,0.08246868,0.01939920,0.00126619,0.00086445,0.00418893,0.00481336,0.00326071,0.00025914,0.02278690,0.00682107,0.01277512,0.01230386,0.00073681,0.00221719,0.00118060,0.00453963,0.00106286,0.08051091,0.03981498,0.06153007,0.00309978,0.01757190,0.04136933,0.08788090,0.03383091,0.01393788,0.01193132,0.00221737,0.02083206,0.01251614,0.07075126,0.01578974,0.08506648,0.03882351,0.00130967,0.02305178,0.03406735
2013-06,0.00326316,0.01863386,0.01181029,0.00950766,0.01519945,0.00154061,0.00686552,0.00175682,0.02155679,0.00858864,0.00532590,0.01508872,0.08085479,0.01955405,0.00125790,0.00084829,0.00437317,0.00485687,0.00329935,0.00028903,0.02318967,0.00694116,0.01384707,0.01275034,0.00073090,0.00229764,0.00118753,0.00439364,0.00103852,0.08021679,0.03590150,0.05880424,0.00329549,0.01760676,0.04273126,0.08879187,0.03445960,0.01424959,0.01189653,0.00217340,0.02083022,0.01267301,0.07053905,0.01529821,0.08960440,0.03953749,0.00126220,0.02438380,0.03489726
2013-07,0.00332568,0.01877669,0.01178904,0.00966171,0.01444366,0.00159734,0.00678600,0.00092368,0.02176284,0.00870065,0.00552026,0.01471965,0.08197365,0.01881713,0.00177507,0.00090561,0.00432907,0.00473881,0.00331000,0.00029242,0.02231156,0.00554247,0.01421309,0.01320274,0.00072709,0.00237184,0.00107245,0.00415917,0.00081018,0.07860717,0.03932492,0.05760782,0.00332901,0.01933899,0.01997335,0.09058609,0.05444709,0.01429861,0.01185322,0.00215542,0.02084848,0.01262873,0.07018013,0.01563127,0.08980412,0.04023496,0.00173696,0.02352007,0.03533402
2013-08,0.00318533,0.01877135,0.01123681,0.00942492,0.01395860,0.00149841,0.00684734,0.00094941,0.02162234,0.00835336,0.00532951,0.01475979,0.08461783,0.01901034,0.00178098,0.00096254,0.00434938,0.00447396,0.00336251,0.00031639,0.02173240,0.00577429,0.01477521,0.01333760,0.00073704,0.00249079,0.00103060,0.00392850,0.00085050,0.07841059,0.03901232,0.05494870,0.00333481,0.01951438,0.01998234,0.08972955,0.05569868,0.01430046,0.01209629,0.00222346,0.02056107,0.01274986,0.07087784,0.01526264,0.09070102,0.04042649,0.00168957,0.02396874,0.03504318
2013-09,0.00324153,0.01860109,0.01105094,0.00932367,0.01367487,0.00151516,0.00725116,0.00089653,0.02162652,0.00843480,0.00526031,0.01463439,0.08385020,0.01942415,0.00175835,0.00095695,0.00425700,0.00436199,0.00336130,0.00031522,0.02229022,0.00580746,0.01502791,0.01326745,0.00077557,0.00260622,0.00112110,0.00421441,0.00090588,0.07887372,0.03823497,0.05470342,0.00327282,0.01963317,0.01941904,0.09224399,0.05822274,0.01434106,0.01201855,0.00223902,0.02054472,0.01279526,0.06929767,0.01532554,0.08890076,0.04047278,0.00164119,0.02338169,0.03462554
2013-10,0.00332377,0.01758213,0.01060175,0.00907050,0.01361831,0.00149045,0.00776953,0.00094029,0.02103592,0.00872684,0.00538028,0.01464421,0.08421347,0.01968122,0.00181618,0.00100227,0.00448657,0.00453171,0.00350876,0.00033010,0.02279595,0.00600583,0.01549240,0.01391290,0.00080545,0.00264172,0.00095302,0.00426258,0.00089734,0.07761355,0.03718834,0.05500277,0.00322159,0.02008484,0.01886927,0.09329461,0.05729762,0.01474126,0.01197661,0.00215488,0.02099530,0.01304181,0.06981556,0.01540134,0.08790554,0.04029600,0.00164314,0.02358357,0.03435093
2013-11,0.00322242,0.01777943,0.01068902,0.00928846,0.01381829,0.00157436,0.00773109,0.00095008,0.02143151,0.00858595,0.00529622,0.01488778,0.08304191,0.01968589,0.00186252,0.00100796,0.00449361,0.00449831,0.00365583,0.00030204,0.02218918,0.00610196,0.01486785,0.01410652,0.00082524,0.00267700,0.00088795,0.00439987,0.00095208,0.07821584,0.03694255,0.05584851,0.00330777,0.02006776,0.01697192,0.09220936,0.05868411,0.01468048,0.01227313,0.00218796,0.02138994,0.01327208,0.07078758,0.01538825,0.08700703,0.03974003,0.00164423,0.02405418,0.03451698
2013-12,0.00330890,0.01725824,0.01057370,0.00913358,0.01310785,0.00157387,0.00773960,0.00093888,0.02164813,0.00891619,0.00525662,0.01475269,0.08469219,0.01933832,0.00184082,0.00102138,0.00449686,0.00447975,0.00361284,0.00029468,0.02189207,0.00611277,0.01469848,0.01430573,0.00086301,0.00277884,0.00078897,0.00406042,0.00088804,0.07648153,0.03514597,0.05433246,0.00331165,0.02015017,0.01662053,0.09247283,0.05946671,0.01467384,0.01252579,0.00210743,0.02184402,0.01329149,0.07127971,0.01542053,0.08990822,0.04081172,0.00168171,0.02407337,0.03402693
2014-01,0.00333184,0.01730504,0.01067575,0.00883985,0.01304459,0.00157326,0.00814488,0.00098752,0.02072341,0.00877391,0.00506274,0.01447504,0.08315397,0.01978019,0.00190249,0.00103456,0.00459839,0.00464995,0.00375130,0.00028497,0.02249358,0.00616318,0.01457117,0.01437271,0.00090411,0.00282437,0.00072556,0.00433256,0.00093593,0.07674800,0.03455574,0.05497262,0.00331351,0.02055218,0.01698960,0.09430247,0.05928340,0.01505236,0.01251399,0.00215005,0.02158931,0.01328770,0.06952399,0.01500638,0.09010853,0.04044963,0.00169809,0.02433728,0.03414834
2014-02,0.00316468,0.01724780,0.01025962,0.00911953,0.01239318,0.00148742,0.00847784,0.00095612,0.02005715,0.00839859,0.00515569,0.01512680,0.08765602,0.01971471,0.00186824,0.00104300,0.00450373,0.00479516,0.00367180,0.00026934,0.02226008,0.00621245,0.01467898,0.01432342,0.00096488,0.00300114,0.00073094,0.00414356,0.00089612,0.07404886,0.03664533,0.05460358,0.00329595,0.02001073,0.01773039,0.09804660,0.05815887,0.01582626,0.01231954,0.00214842,0.02202260,0.01343748,0.06637789,0.01482147,0.08995863,0.03965520,0.00170528,0.02382908,0.03277984
2014-03,0.00312363,0.01731673,0.01005978,0.00887225,0.01226381,0.00146646,0.00888018,0.00099058,0.01985703,0.00847564,0.00510430,0.01501545,0.08911337,0.02030938,0.00182644,0.00100652,0.00465131,0.00480313,0.00358230,0.00027413,0.02257230,0.00612769,0.01528406,0.01415564,0.00104850,0.00304684,0.00075876,0.00420255,0.00089685,0.07465978,0.03602855,0.05364041,0.00340810,0.01984057,0.01743254,0.09896184,0.05839137,0.01584943,0.01233043,0.00221789,0.02147981,0.01344969,0.06720207,0.01477484,0.08860535,0.03936638,0.00170882,0.02351274,0.03205378
2014-04,0.00322724,0.01777299,0.01011554,0.00921690,0.01257608,0.00152632,0.00816615,0.00098185,0.02013351,0.00841894,0.00519014,0.01515520,0.08554941,0.02031059,0.00177007,0.00100090,0.00455403,0.00461656,0.00368980,0.00025392,0.02268529,0.00610952,0.01503341,0.01392015,0.00104142,0.00306269,0.00073210,0.00417672,0.00086760,0.07609020,0.03675917,0.05337560,0.00334373,0.01956300,0.01796253,0.09563139,0.05971756,0.01536211,0.01219254,0.00217803,0.02198209,0.01344338,0.06597140,0.01495538,0.09095588,0.04003405,0.00165085,0.02365049,0.03332557
2014-05,0.00313710,0.01779686,0.01054785,0.00937524,0.01331402,0.00150879,0.00782416,0.00096614,0.02063770,0.00806838,0.00514020,0.01445278,0.08591870,0.02029872,0.00175295,0.00100675,0.00449109,0.00443469,0.00372100,0.00024065,0.02301422,0.00606816,0.01504258,0.01412449,0.00105203,0.00308636,0.00075698,0.00428864,0.00094626,0.08050313,0.03824111,0.05348010,0.00332639,0.01925186,0.01782927,0.09244270,0.06172975,0.01487646,0.01226442,0.00214837,0.02224316,0.01337845,0.06549797,0.01476523,0.08651672,0.03941345,0.00160164,0.02303639,0.03443995
2014-06,0.00338797,0.01835851,0.01043508,0.00885872,0.01360153,0.00146045,0.00799392,0.00094210,0.02014047,0.00807317,0.00522826,0.01474654,0.08538877,0.02045422,0.00171031,0.00101476,0.00441043,0.00439568,0.00358842,0.00024011,0.02271183,0.00591221,0.01503944,0.01407170,0.00108982,0.00298494,0.00067759,0.00409959,0.00086064,0.07955966,0.03741850,0.05471605,0.00332455,0.01940268,0.01819791,0.09295574,0.06317003,0.01507976,0.01239028,0.00219466,0.02301567,0.01360293,0.06440633,0.01480331,0.08627946,0.03984084,0.00159174,0.02243088,0.03374183
2014-07,0.00335537,0.01779366,0.01031041,0.00871312,0.01258417,0.00143226,0.00794034,0.00179328,0.01990568,0.00767973,0.00558158,0.01472722,0.08334993,0.02004034,0.00135920,0.00107037,0.00458314,0.00451383,0.00351246,0.00026286,0.02176711,0.00595866,0.01379088,0.01497534,0.00107447,0.00285166,0.00077069,0.00418287,0.00087568,0.08140346,0.03881947,0.05705489,0.00335713,0.01941658,0.01786524,0.09349082,0.06223330,0.01533066,0.01220732,0.00217082,0.02370580,0.01440578,0.06727826,0.01616244,0.08636017,0.03646668,0.00173048,0.02254151,0.03124292
2014-08,0.00313865,0.01728457,0.00981768,0.00864672,0.01244762,0.00137815,0.00784422,0.00177657,0.01964760,0.00779505,0.00605820,0.01483771,0.08451269,0.01983345,0.00127253,0.00103189,0.00419565,0.00415681,0.00367607,0.00023208,0.02089591,0.00569212,0.01353385,0.01437423,0.00108835,0.00296873,0.00076135,0.00438579,0.00079550,0.08028350,0.03708226,0.05856933,0.00323217,0.01959646,0.01855471,0.09617404,0.06327243,0.01511314,0.01201966,0.00207633,0.02371046,0.01429562,0.06775308,0.01598270,0.08666952,0.03585050,0.00170245,0.02288438,0.03109748
2014-09,0.00311404,0.01726616,0.01018724,0.00877448,0.01252420,0.00135697,0.00733011,0.00174773,0.01999888,0.00775409,0.00610348,0.01455047,0.08582018,0.01987946,0.00129292,0.00109260,0.00430142,0.00427740,0.00375014,0.00021430,0.02118476,0.00564829,0.01356522,0.01453778,0.00114185,0.00296443,0.00078839,0.00422493,0.00079570,0.07872449,0.03731055,0.05651134,0.00326495,0.01958397,0.01838207,0.09537709,0.06443571,0.01509069,0.01194427,0.00203948,0.02378775,0.01439593,0.06871935,0.01569513,0.08539312,0.03652667,0.00177774,0.02301816,0.03183389
2014-10,0.00310457,0.01725747,0.01060412,0.00899313,0.01291930,0.00127645,0.00718364,0.00165666,0.02036565,0.00822072,0.00599360,0.01434870,0.08778318,0.01983226,0.00129272,0.00109020,0.00415961,0.00403611,0.00364331,0.00020053,0.02014639,0.00549298,0.01244939,0.01472076,0.00114661,0.00315068,0.00066586,0.00390337,0.00069576,0.07416356,0.03674132,0.05685929,0.00308954,0.01945305,0.01847977,0.09628330,0.06461626,0.01503861,0.01180190,0.00196038,0.02440408,0.01436898,0.06922078,0.01593969,0.08725370,0.03652481,0.00171096,0.02344173,0.03231456
2014-11,0.00311895,0.01724060,0.01032153,0.00906813,0.01335686,0.00129895,0.00699265,0.00165814,0.02060965,0.00814474,0.00611054,0.01547497,0.09016327,0.01915216,0.00129419,0.00108642,0.00424354,0.00407707,0.00363574,0.00019768,0.02011015,0.00553425,0.01237256,0.01461887,0.00104852,0.00317750,0.00051876,0.00351472,0.00063670,0.06931451,0.03822846,0.05603368,0.00310688,0.02004086,0.01786160,0.09392265,0.06539995,0.01512679,0.01228277,0.00201843,0.02534258,0.01450427,0.06948655,0.01575669,0.08814296,0.03747039,0.00171410,0.02345963,0.03200842
2014-12,0.00316565,0.01766047,0.01080830,0.00925695,0.01318928,0.00129388,0.00675714,0.00164101,0.02076622,0.00867244,0.00588653,0.01589802,0.09005139,0.01911897,0.00130893,0.00114212,0.00421656,0.00403679,0.00347078,0.00017535,0.01945337,0.00538910,0.01273402,0.01499693,0.00099670,0.00312183,0.00050513,0.00339957,0.00064608,0.06069111,0.03735329,0.05587420,0.00318009,0.02015607,0.01886761,0.09340092,0.06812534,0.01526937,0.01257023,0.00205447,0.02569229,0.01446650,0.07396047,0.01623768,0.08740820,0.03733825,0.00175223,0.02338241,0.03245980
2015-01,0.00317593,0.01744505,0.01028428,0.00883957,0.01272245,0.00126390,0.00639944,0.00167312,0.02085079,0.00862373,0.00611295,0.01595596,0.08911407,0.01921439,0.00137079,0.00114261,0.00429280,0.00396504,0.00324290,0.00016579,0.01929925,0.00535332,0.01282374,0.01499817,0.00096604,0.00316193,0.00052415,0.00314341,0.00054164,0.06130374,0.03808617,0.05478109,0.00327544,0.02012278,0.01905301,0.09228976,0.06637257,0.01534126,0.01280317,0.00215279,0.02615199,0.01457770,0.07576594,0.01564075,0.08936032,0.03808442,0.00175098,0.02419781,0.03222113
2015-02,0.00321328,0.01757555,0.01052066,0.00922558,0.01356619,0.00130335,0.00663699,0.00169653,0.02047633,0.00857236,0.00616010,0.01650415,0.09356764,0.01920357,0.00140774,0.00120665,0.00427138,0.00383919,0.00303504,0.00014728,0.01841455,0.00523483,0.01240613,0.01568820,0.00097647,0.00324494,0.00070550,0.00290925,0.00046234,0.06073966,0.03984873,0.05389977,0.00314817,0.02046822,0.01807597,0.09063571,0.06790709,0.01547731,0.01297200,0.00212337,0.02585016,0.01471990,0.07763935,0.01629749,0.08359598,0.03764154,0.00181797,0.02314353,0.03182631
2015-03,0.00310133,0.01721385,0.01059331,0.00911297,0.01351715,0.00129266,0.00662554,0.00173070,0.02003800,0.00857959,0.00604183,0.01646757,0.09142983,0.01958175,0.00143151,0.00129151,0.00426999,0.00401310,0.00296903,0.00015955,0.01848639,0.00520005,0.01277373,0.01559442,0.00109140,0.00319550,0.00068731,0.00323194,0.00050225,0.05978421,0.03585021,0.05548798,0.00314042,0.02055781,0.01846525,0.09233826,0.06983109,0.01539410,0.01295492,0.00222823,0.02506738,0.01446494,0.07746360,0.01640766,0.08516176,0.03802719,0.00181886,0.02370608,0.03162629
2015-04,0.00297673,0.01791999,0.01020559,0.00903296,0.01245496,0.00126032,0.00656548,0.00176638,0.01990559,0.00881934,0.00645502,0.01638186,0.09025320,0.01918051,0.00147003,0.00135734,0.00438153,0.00414616,0.00292554,0.00016614,0.01807278,0.00526332,0.01291671,0.01564053,0.00111669,0.00333467,0.00057838,0.00312488,0.00041570,0.05933502,0.03626351,0.05517287,0.00309966,0.02100187,0.01731599,0.09208947,0.06888980,0.01567077,0.01295686,0.00218956,0.02471670,0.01479047,0.07898452,0.01664062,0.08589825,0.03950273,0.00187352,0.02410032,0.03141918
2015-05,0.00299338,0.01778053,0.01011743,0.00894931,0.01314532,0.00136794,0.00654731,0.00168694,0.01925019,0.00863536,0.00631549,0.01586337,0.08822783,0.01931605,0.00139711,0.00127083,0.00432312,0.00390153,0.00302962,0.00016173,0.01835341,0.00531446,0.01284772,0.01516833,0.00102788,0.00309227,0.00067780,0.00346434,0.00045847,0.06299181,0.03616057,0.05667211,0.00298473,0.02066594,0.01779430,0.09485560,0.06816549,0.01514421,0.01253912,0.00214194,0.02420839,0.01452832,0.07643491,0.01664714,0.08716639,0.03859226,0.00180418,0.02403523,0.03178225
2015-06,0.00306570,0.01806482,0.01004356,0.00903629,0.01321892,0.00129856,0.00658819,0.00170219,0.01905140,0.00852549,0.00656335,0.01606986,0.09082814,0.01932029,0.00139993,0.00131243,0.00435158,0.00391170,0.00288613,0.00014992,0.01820571,0.00539364,0.01235249,0.01522283,0.00104827,0.00310341,0.00068914,0.00319186,0.00037596,0.05893196,0.03549321,0.05630058,0.00295702,0.02063148,0.01781706,0.09308069,0.07063291,0.01559852,0.01256633,0.00212452,0.02305683,0.01459660,0.07618764,0.01670404,0.08848344,0.03997782,0.00180243,0.02436852,0.03171665
2015-07,0.00258920,0.01765856,0.01006700,0.00886347,0.01210860,0.00134702,0.00676009,0.00175738,0.01942098,0.00904835,0.00739069,0.01383929,0.09319445,0.01880670,0.00148593,0.00140320,0.00433221,0.00418876,0.00283229,0.00007607,0.01754930,0.00568808,0.01218124,0.01465363,0.00097555,0.00320685,0.00065508,0.00328538,0.00029891,0.05779518,0.03663765,0.05667566,0.00281157,0.02087608,0.01675663,0.09445197,0.06580720,0.01587825,0.01208324,0.00204098,0.02255258,0.01502004,0.07640198,0.01692485,0.09324073,0.04036593,0.00187433,0.02479739,0.03134350
2015-08,0.00249587,0.01580512,0.01066135,0.00909285,0.01317076,0.00128229,0.00724401,0.00169335,0.01929323,0.00948706,0.00745717,0.01433742,0.09550238,0.01772146,0.00149128,0.00138109,0.00431710,0.00417784,0.00257390,0.00006077,0.01639176,0.00540085,0.01166919,0.01424541,0.00101551,0.00346985,0.00047765,0.00289867,0.00021539,0.05205736,0.03720216,0.05468136,0.00284966,0.02073000,0.01702137,0.09873130,0.06338065,0.01611137,0.01191733,0.00163191,0.02305498,0.01471273,0.07999798,0.01747505,0.09466102,0.04061222,0.00188410,0.02460378,0.03165305
2015-09,0.00254353,0.01617379,0.01085470,0.00941083,0.01350559,0.00129649,0.00714964,0.00165380,0.01915334,0.00975320,0.00740126,0.01461834,0.09216694,0.01751786,0.00149981,0.00142811,0.00451551,0.00434540,0.00262426,0.00006193,0.01623382,0.00519793,0.01169266,0.01439230,0.00102975,0.00361999,0.00050871,0.00304021,0.00024861,0.05324453,0.03794210,0.05350451,0.00300282,0.02101302,0.01674162,0.09906996,0.06365319,0.01598875,0.01191906,0.00167765,0.02292345,0.01504483,0.08018312,0.01740081,0.09438503,0.04089335,0.00182018,0.02401970,0.03193402
2015-10,0.00233495,0.01639793,0.01136623,0.00992415,0.01415105,0.00126713,0.00655827,0.00161068,0.01968946,0.01008383,0.00689687,0.01424465,0.08780502,0.01654878,0.00148247,0.00138859,0.00429490,0.00425629,0.00241173,0.00005047,0.01520758,0.00488994,0.01175173,0.01457049,0.00095852,0.00379460,0.00049459,0.00295164,0.00016264,0.05192774,0.03889749,0.05385937,0.00305557,0.02116043,0.01690053,0.10135017,0.06520334,0.01582968,0.01199935,0.00164108,0.02343495,0.01462340,0.08105094,0.01808259,0.09426783,0.04132135,0.00179800,0.02359713,0.03245384
2015-11,0.00234629,0.01610232,0.01117051,0.00997656,0.01459081,0.00131543,0.00703355,0.00167928,0.01933794,0.00944807,0.00614424,0.01364870,0.08870682,0.01794876,0.00145769,0.00139356,0.00431598,0.00396996,0.00232607,0.00004386,0.01532783,0.00491124,0.01155869,0.01481556,0.00095728,0.00375562,0.00054284,0.00294530,0.00010424,0.05422681,0.03686187,0.05438974,0.00296922,0.02107366,0.01691920,0.10510396,0.06618362,0.01582598,0.01230546,0.00167678,0.02309388,0.01429316,0.07898581,0.01765477,0.09231437,0.04006521,0.00182324,0.02361617,0.03274208
2015-12,0.00238441,0.01580665,0.01136711,0.00987838,0.01411535,0.00127601,0.00700663,0.00167000,0.01906380,0.00928772,0.00612093,0.01396156,0.08772847,0.01817608,0.00148426,0.00135201,0.00443090,0.00420806,0.00228627,0.00004935,0.01557171,0.00489992,0.01174808,0.01464817,0.00096603,0.00372251,0.00051160,0.00275068,0.00011426,0.05437263,0.03533436,0.05318936,0.00284522,0.02139776,0.01630345,0.10649767,0.06594531,0.01656550,0.01223081,0.00166447,0.02269580,0.01465645,0.07944429,0.01737673,0.09421953,0.03976295,0.00178966,0.02428575,0.03283537
2016-01,0.00249968,0.01667063,0.01170566,0.01012482,0.01457090,0.00127853,0.00704899,0.00161183,0.01992559,0.00911066,0.00612784,0.01426340,0.09039676,0.01748107,0.00156457,0.00135148,0.00435413,0.00404402,0.00224234,0.00004323,0.01503718,0.00497716,0.01151255,0.01483759,0.00090389,0.00380886,0.00051426,0.00261870,0.00010947,0.05038288,0.03517620,0.05189077,0.00272456,0.02116135,0.01631009,0.10862114,0.06267909,0.01692971,0.01204374,0.00166288,0.02212963,0.01478132,0.08177943,0.01767847,0.09352730,0.04051081,0.00173676,0.02355728,0.03398079
2016-02,0.00246936,0.01751342,0.01228942,0.01077358,0.01621593,0.00133591,0.00681492,0.00162077,0.02119933,0.00987845,0.00621031,0.01442711,0.08516380,0.01656783,0.00153758,0.00136404,0.00430460,0.00387454,0.00215724,0.00004214,0.01520858,0.00486903,0.01045824,0.01424718,0.00090187,0.00397149,0.00059929,0.00256837,0.00011168,0.05134429,0.03920772,0.05524349,0.00263924,0.02035377,0.01527453,0.11064395,0.06200503,0.01682818,0.01224267,0.00157560,0.02152176,0.01441790,0.08279124,0.01870288,0.08866346,0.03907806,0.00162722,0.02225135,0.03489166
2016-03,0.00247325,0.01791031,0.01231314,0.01058808,0.01647856,0.00144649,0.00708115,0.00159910,0.02131487,0.01007394,0.00607123,0.01437188,0.08441342,0.01778036,0.00158108,0.00137952,0.00448839,0.00390337,0.00232834,0.00005020,0.01603124,0.00504849,0.01094509,0.01313257,0.00089824,0.00408797,0.00079531,0.00278925,0.00011931,0.04977230,0.03994464,0.05610223,0.00257751,0.02078719,0.01646059,0.10732173,0.06096757,0.01697604,0.01266400,0.00160829,0.02311910,0.01514455,0.08289664,0.01890957,0.08502382,0.03901349,0.00157623,0.02184331,0.03579708
2016-04,0.00229880,0.01672755,0.01230725,0.01044121,0.01606833,0.00145134,0.00721905,0.00160119,0.02093223,0.00966547,0.00617375,0.01430987,0.08162496,0.01801884,0.00165801,0.00134047,0.00466974,0.00409202,0.00256331,0.00005164,0.01647806,0.00516773,0.01132800,0.01278025,0.00091748,0.00394336,0.00078080,0.00302845,0.00014166,0.05172981,0.03996109,0.05582111,0.00248839,0.02100167,0.01674013,0.10852280,0.06241483,0.01726487,0.01278021,0.00167309,0.02316005,0.01505565,0.08210202,0.01868668,0.08466245,0.03860690,0.00163988,0.02183094,0.03607661
2016-05,0.00243776,0.01680719,0.01206064,0.01042082,0.01593351,0.00138634,0.00658220,0.00159802,0.02058947,0.00939530,0.00650676,0.01515847,0.08482187,0.01858931,0.00111881,0.00135345,0.00470027,0.00402071,0.00279847,0.00006000,0.01633561,0.00525584,0.01141523,0.01334244,0.00096135,0.00405700,0.00103974,0.00335689,0.00017996,0.05613904,0.03922290,0.05562411,0.00237292,0.02098977,0.01606344,0.10443553,0.05693701,0.01700745,0.01277543,0.00171228,0.02277212,0.01497941,0.08132543,0.01812703,0.08883765,0.03882853,0.00159272,0.02227558,0.03569823
2016-06,0.00281564,0.01678725,0.01139555,0.01022258,0.01590775,0.00141152,0.00690456,0.00156041,0.02044075,0.00885690,0.00637922,0.01531829,0.08602677,0.01812765,0.00113463,0.00131543,0.00481780,0.00410388,0.00253281,0.00005658,0.01618783,0.00508750,0.01100736,0.01291919,0.00092928,0.00409669,0.00095191,0.00317224,0.00018099,0.05491720,0.03953138,0.05226738,0.00243094,0.02124136,0.01590231,0.10824393,0.05978075,0.01738121,0.01282895,0.00171979,0.02197446,0.01455263,0.08130713,0.01766384,0.08943375,0.03917886,0.00156744,0.02283118,0.03459656
2016-07,0.00249837,0.02322936,0.01167279,0.01073574,0.01719812,0.00138133,0.00670784,0.00133424,0.02076549,0.00933850,0.00670885,0.01635844,0.08414814,0.01780279,0.00119560,0.00079892,0.00481745,0.00418860,0.00257385,0.00026576,0.01519334,0.00492536,0.01022594,0.01228585,0.00090820,0.00415421,0.00120663,0.00341263,0.00019229,0.05757638,0.04284094,0.05807757,0.00231186,0.02322017,0.01578820,0.10608792,0.05702616,0.01707182,0.01280055,0.00237225,0.02070290,0.01490260,0.07837938,0.01710652,0.08241049,0.03807463,0.00135287,0.02122072,0.03445140
2016-08,0.00248497,0.02238575,0.01092388,0.01053406,0.01611541,0.00139149,0.00688194,0.00138477,0.02043422,0.00917592,0.00655759,0.01655385,0.08633435,0.01789735,0.00120898,0.00084510,0.00493229,0.00422886,0.00282008,0.00027153,0.01559336,0.00499141,0.01070418,0.01232205,0.00091930,0.00409612,0.00135129,0.00343872,0.00022403,0.05390417,0.04114893,0.05691301,0.00234033,0.02345343,0.01627690,0.10928652,0.05977679,0.01731232,0.01261371,0.00239518,0.02104082,0.01484813,0.07869818,0.01683143,0.08307144,0.03690935,0.00137504,0.02189668,0.03290480
2016-09,0.00247820,0.02226420,0.01075541,0.01036945,0.01589896,0.00140446,0.00677675,0.00138612,0.02068992,0.00917280,0.00609911,0.01648478,0.08294078,0.01817277,0.00125879,0.00085774,0.00497467,0.00423358,0.00259663,0.00028183,0.01616639,0.00496990,0.01062539,0.01226157,0.00094391,0.00388233,0.00116278,0.00314893,0.00021358,0.05441100,0.03934922,0.05499726,0.00223871,0.02343825,0.01672356,0.11026333,0.06111662,0.01720636,0.01267058,0.00253433,0.02115491,0.01466065,0.07717533,0.01671650,0.08753370,0.03740791,0.00136421,0.02303002,0.03353578
2016-10,0.00238974,0.02164656,0.01049436,0.01060364,0.01537895,0.00135500,0.00722785,0.00133777,0.02082172,0.00857406,0.00624461,0.01675870,0.08285664,0.01788856,0.00122586,0.00081949,0.00486953,0.00415548,0.00266557,0.00028235,0.01658876,0.00507155,0.01061792,0.01223957,0.00094480,0.00385435,0.00119787,0.00322726,0.00023110,0.05604546,0.03996027,0.05544007,0.00223668,0.02368699,0.01484998,0.11152492,0.06419746,0.01740074,0.01126181,0.00262337,0.02188293,0.01433093,0.07731952,0.01575713,0.08577751,0.03761681,0.00134183,0.02281433,0.03236168
2016-11,0.00238188,0.02206988,0.01070009,0.01066102,0.01645185,0.00138520,0.00788843,0.00125365,0.02053105,0.00829912,0.00594422,0.01576225,0.07823868,0.01793607,0.00119484,0.00077618,0.00479034,0.00407156,0.00264537,0.00028346,0.01627705,0.00489132,0.01047332,0.01276883,0.00093615,0.00401436,0.00115849,0.00340143,0.00021580,0.05558865,0.04000351,0.05470159,0.00226465,0.02305899,0.01470925,0.11383874,0.06488128,0.01680549,0.01082772,0.00257794,0.02221520,0.01344936,0.07605098,0.01578459,0.09050970,0.03801914,0.00129184,0.02317097,0.03284852
2016-12,0.00232815,0.01988842,0.00976650,0.00955654,0.01494300,0.00143843,0.00775823,0.00129491,0.01893611,0.00803963,0.00573697,0.01493328,0.07701476,0.01843479,0.00122339,0.00080166,0.00506424,0.00423693,0.00307634,0.00029307,0.01750069,0.00496416,0.01068386,0.01318612,0.00102888,0.00413291,0.00098342,0.00388621,0.00024965,0.05799718,0.03709856,0.05575711,0.00241155,0.02290573,0.01411640,0.10707415,0.06350144,0.01623631,0.01074311,0.00254524,0.02392686,0.01408498,0.07466515,0.01634590,0.09834091,0.04022893,0.00132549,0.02555206,0.03376170
2017-01,0.00237001,0.02063478,0.00985582,0.00969532,0.01536800,0.00131275,0.00737908,0.00130763,0.01895232,0.00783166,0.00551222,0.01511497,0.07597354,0.01816844,0.00121748,0.00080274,0.00499181,0.00417953,0.00295679,0.00029630,0.01717094,0.00485344,0.01094487,0.01317202,0.00102766,0.00385233,0.00098878,0.00372428,0.00022223,0.05826025,0.03768422,0.05735957,0.00244043,0.02271098,0.01395447,0.10404686,0.06435215,0.01613889,0.01080242,0.00248290,0.02367668,0.01392218,0.07286644,0.01617901,0.10154092,0.04026975,0.00134596,0.02583370,0.03425448
2017-02,0.00245523,0.02047060,0.00966762,0.00944362,0.01596671,0.00129316,0.00767415,0.00130656,0.01903350,0.00772670,0.00564768,0.01466152,0.07553327,0.01854985,0.00120051,0.00083385,0.00506117,0.00431103,0.00300812,0.00030162,0.01728675,0.00496607,0.01123528,0.01318532,0.00103954,0.00378617,0.00107433,0.00413322,0.00020689,0.05481884,0.03736472,0.05793832,0.00247855,0.02296464,0.01411684,0.10831389,0.06481941,0.01691080,0.01081726,0.00256328,0.02375826,0.01394448,0.07238809,0.01600940,0.09988417,0.03992572,0.00133942,0.02569874,0.03288517
2017-03,0.00247308,0.02015631,0.00944408,0.00970759,0.01670740,0.00132145,0.00742466,0.00126160,0.01935640,0.00769093,0.00587129,0.01477528,0.07821259,0.01849984,0.00116679,0.00084100,0.00499709,0.00424180,0.00317976,0.00031305,0.01693217,0.00490021,0.01096633,0.01356812,0.00102486,0.00384909,0.00095573,0.00366153,0.00018164,0.05154401,0.03624729,0.05608187,0.00235678,0.02296180,0.01482586,0.10796079,0.06688905,0.01711978,0.01086373,0.00247776,0.02359186,0.01385430,0.07213738,0.01585240,0.10163358,0.03997037,0.00136696,0.02576720,0.03281553
2017-04,0.00246574,0.01995994,0.00975515,0.00975693,0.01675992,0.00101665,0.00787688,0.00127411,0.01930373,0.00773446,0.00573940,0.01507077,0.07791663,0.01887841,0.00117017,0.00085243,0.00508743,0.00439274,0.00296018,0.00031399,0.01718057,0.00493254,0.01090859,0.01336324,0.00098165,0.00388531,0.00091436,0.00359657,0.00019189,0.05093499,0.03631286,0.05662278,0.00232523,0.02305202,0.01482899,0.11005166,0.06856866,0.01725767,0.01090501,0.00245026,0.02292023,0.01370126,0.07266824,0.01629964,0.09858430,0.03952326,0.00138020,0.02500117,0.03237118
2017-05,0.00250887,0.01946490,0.00973423,0.00985689,0.01659619,0.00096210,0.00809792,0.00124456,0.01895357,0.00758762,0.00560775,0.01559479,0.07737217,0.01886638,0.00123387,0.00086660,0.00509755,0.00436252,0.00291612,0.00032288,0.01757883,0.00486619,0.01092245,0.01386073,0.00100208,0.00389080,0.00093041,0.00348391,0.00016739,0.04904943,0.03607209,0.05596681,0.00234495,0.02321362,0.01484898,0.11363407,0.06772560,0.01779281,0.01071325,0.00252679,0.02315539,0.01311355,0.07436922,0.01684118,0.09678483,0.04010942,0.00145194,0.02466798,0.03166783
2017-06,0.00249888,0.01920994,0.01021645,0.01013901,0.01747374,0.00099195,0.00823606,0.00121260,0.01910552,0.00738471,0.00544562,0.01578037,0.07601314,0.01856488,0.00126992,0.00087438,0.00487033,0.00420111,0.00275658,0.00031265,0.01789801,0.00470305,0.01076762,0.01410209,0.00097067,0.00401425,0.00093085,0.00330345,0.00015748,0.04670248,0.03646928,0.05470367,0.00226559,0.02367416,0.01433665,0.11684188,0.07112285,0.01824126,0.01089071,0.00256790,0.02350908,0.01331892,0.07389339,0.01785039,0.09364690,0.04022797,0.00146373,0.02398992,0.03087797
2017-07,0.00252033,0.01797727,0.00984260,0.00982379,0.01695366,0.00106580,0.00863322,0.00124179,0.01851358,0.00791249,0.00587460,0.01655705,0.08070285,0.01851505,0.00118474,0.00088286,0.00518883,0.00445682,0.00248225,0.00030050,0.01773368,0.00475306,0.01153958,0.01426184,0.00102792,0.00377021,0.00089318,0.00353056,0.00037516,0.04855532,0.03663562,0.05183789,0.00211586,0.02402511,0.01372651,0.11619338,0.06620266,0.01453081,0.00984528,0.00272484,0.02403955,0.01349892,0.06983449,0.01603033,0.09806129,0.04049033,0.00176171,0.02532324,0.03605162
2017-08,0.00245629,0.01794466,0.00996408,0.00980807,0.01224514,0.00099547,0.00904383,0.00126032,0.01850969,0.00781367,0.00546740,0.01630591,0.08056669,0.01842766,0.00111818,0.00089037,0.00514678,0.00438963,0.00247947,0.00031433,0.01800599,0.00468699,0.01124908,0.01514545,0.00098148,0.00389757,0.00098609,0.00375368,0.00041732,0.04851703,0.03717580,0.05354226,0.00209913,0.02474207,0.01381733,0.11897807,0.06773636,0.01451187,0.00944887,0.00265787,0.02262015,0.01319430,0.06955309,0.01516027,0.09758195,0.04108989,0.00176054,0.02573346,0.03580841
2017-09,0.00246183,0.01702178,0.01000581,0.00986140,0.01214510,0.00089745,0.00897581,0.00118994,0.01852038,0.00741637,0.00533403,0.01626677,0.08310843,0.01872213,0.00109938,0.00090194,0.00508454,0.00438625,0.00252099,0.00032338,0.01766204,0.00454301,0.01145637,0.01540152,0.00098377,0.00405926,0.00101137,0.00376559,0.00041493,0.04575785,0.03782273,0.05214671,0.00217185,0.02465849,0.01398661,0.12099257,0.07150205,0.01516970,0.00951941,0.00264382,0.02266438,0.01262754,0.06772581,0.01531553,0.09592083,0.04086518,0.00172064,0.02521209,0.03603462
2017-10,0.00217861,0.01682753,0.00972970,0.00940736,0.01157867,0.00087997,0.00910106,0.00120295,0.01815892,0.00737673,0.00515089,0.01617559,0.08360546,0.01305820,0.00114937,0.00088660,0.00538821,0.00462475,0.00256322,0.00033697,0.01891831,0.00470931,0.01208227,0.01551091,0.00104293,0.00412135,0.00096723,0.00363487,0.00041351,0.04990904,0.03634665,0.05046592,0.00220517,0.02481825,0.01431116,0.11900525,0.07018542,0.01536541,0.00958768,0.00264696,0.02356012,0.01270405,0.06825567,0.01507180,0.10013901,0.04094137,0.00172264,0.02640599,0.03557099
2017-11,0.00216065,0.01649420,0.00968107,0.00933571,0.01102211,0.00081317,0.00915803,0.00115517,0.01716373,0.00742685,0.00485923,0.01647184,0.07845853,0.01350166,0.00115328,0.00091556,0.00540776,0.00495097,0.00256770,0.00034743,0.01955037,0.00482691,0.01206974,0.01547320,0.00104374,0.00399885,0.00090281,0.00366538,0.00041383,0.04904470,0.03664895,0.04636234,0.00217039,0.02493784,0.01417465,0.12431296,0.07489189,0.01584785,0.00983465,0.00267601,0.02264981,0.01232468,0.06900926,0.01533145,0.10094806,0.04190312,0.00172454,0.02629750,0.03391984
2017-12,0.00206697,0.01699219,0.00952897,0.00942682,0.01086683,0.00084758,0.00916578,0.00125098,0.01746109,0.00773676,0.00489227,0.01675499,0.07754836,0.01339098,0.00114824,0.00095721,0.00553767,0.00524378,0.00245853,0.00035067,0.01940636,0.00469623,0.01179413,0.01559460,0.00104762,0.00399324,0.00088157,0.00355734,0.00041555,0.04859380,0.03632947,0.04614387,0.00213826,0.02489825,0.01435653,0.12043112,0.07409430,0.01567588,0.01005935,0.00258159,0.02345127,0.01224131,0.07304918,0.01559216,0.10075357,0.04276090,0.00170098,0.02701462,0.03312028
2018-01,0.00201088,0.01676657,0.00950064,0.00974952,0.01119339,0.00079228,0.00918021,0.00125659,0.01770745,0.00799195,0.00499631,0.01504432,0.07710436,0.01332585,0.00112127,0.00092722,0.00560795,0.00522878,0.00275056,0.00033897,0.01968159,0.00480690,0.01150398,0.01607839,0.00105409,0.00397667,0.00088999,0.00401325,0.00045986,0.05051391,0.03412389,0.04771798,0.00214405,0.02474013,0.01439404,0.11964553,0.07269269,0.01518733,0.00986650,0.00253011,0.02392123,0.01260463,0.07421243,0.01563892,0.10154424,0.04155690,0.00169737,0.02716586,0.03304246
2018-02,0.00197935,0.01583718,0.00951915,0.00922606,0.01061875,0.00077665,0.01028798,0.00118468,0.01630834,0.00811310,0.00511774,0.01569037,0.07701086,0.01283875,0.00106467,0.00089253,0.00536737,0.00489456,0.00269885,0.00033428,0.01934172,0.00465720,0.01124675,0.01723625,0.00098442,0.00409978,0.00090011,0.00390708,0.00043958,0.04918909,0.03138791,0.04639859,0.00213766,0.02520513,0.01483122,0.12429771,0.07167268,0.01558932,0.00978858,0.00247135,0.02323401,0.01249000,0.07831512,0.01518621,0.10301191,0.04092271,0.00166776,0.02706576,0.03256317
2018-03,0.00208201,0.01532265,0.00906436,0.00893872,0.01030703,0.00081256,0.01076773,0.00118728,0.01580950,0.00826914,0.00520820,0.01581646,0.07673910,0.01263269,0.00101357,0.00081188,0.00499989,0.00434674,0.00274807,0.00034868,0.01923755,0.00455224,0.01093940,0.01782123,0.00105158,0.00424010,0.00088108,0.00393700,0.00048318,0.04527008,0.03099851,0.04473996,0.00213287,0.02538703,0.01615597,0.12699628,0.07637212,0.01554943,0.00955906,0.00246614,0.02255433,0.01227038,0.07771379,0.01499577,0.10451146,0.04055788,0.00167467,0.02771067,0.03201395
2018-04,0.00203014,0.01512889,0.00919250,0.00921641,0.01028573,0.00075608,0.01094370,0.00121353,0.01651090,0.00851686,0.00526946,0.01625940,0.07548587,0.01264703,0.00105541,0.00081445,0.00508660,0.00453892,0.00264622,0.00036569,0.01947049,0.00460047,0.01044563,0.01716502,0.00106967,0.00421306,0.00092611,0.00400513,0.00046333,0.04787365,0.03269744,0.04433399,0.00224130,0.02569253,0.01603489,0.12554829,0.07580328,0.01587719,0.00928581,0.00248623,0.02325250,0.01244046,0.07678393,0.01533306,0.10210945,0.04062222,0.00178866,0.02799715,0.03147527
2018-05,0.00217838,0.01427051,0.00910075,0.00879458,0.00880888,0.00080006,0.01124912,0.00120371,0.01546781,0.00877705,0.00522992,0.01669669,0.07468847,0.01271167,0.00105555,0.00073485,0.00475891,0.00449000,0.00273629,0.00037972,0.01831651,0.00428732,0.01041555,0.01680527,0.00106100,0.00402861,0.00092932,0.00382547,0.00043744,0.05251464,0.03349175,0.04296864,0.00225108,0.02544010,0.01623016,0.12685126,0.07333906,0.01542532,0.00858327,0.00244658,0.02326124,0.01250332,0.07972041,0.01584047,0.10269305,0.04193466,0.00176409,0.02748350,0.03101797
2018-06,0.00215922,0.01376306,0.00877008,0.00842711,0.00843778,0.00078705,0.01202026,0.00118193,0.01503443,0.00889708,0.00549972,0.01723461,0.07332798,0.01267319,0.00101658,0.00070702,0.00483836,0.00435180,0.00281928,0.00038117,0.01836351,0.00449915,0.01052473,0.01708302,0.00106501,0.00392517,0.00090652,0.00386658,0.00047596,0.05270211,0.03262799,0.04139177,0.00218707,0.02611224,0.01562878,0.13091383,0.07890941,0.01553208,0.00849609,0.00230784,0.02373774,0.01238151,0.07866176,0.01510726,0.10103676,0.04043080,0.00166380,0.02688001,0.03025381
2018-07,0.00020091,0.01437432,0.00889482,0.00859821,0.00840187,0.00095336,0.01273189,0.00119748,0.01515455,0.00922678,0.00549762,0.01812764,0.07449930,0.01812076,0.00126008,0.00072287,0.00476789,0.00443033,0.00259397,0.00013827,0.01755151,0.00293727,0.01027128,0.01603924,0.00104546,0.00336819,0.00086817,0.00381390,0.00038886,0.05288876,0.03429942,0.04223044,0.00220142,0.02765012,0.01507389,0.13307499,0.07698927,0.01702082,0.00800918,0.00222384,0.02227509,0.01155876,0.08000033,0.01409750,0.09746423,0.03973070,0.00223778,0.02551155,0.02928509
2018-08,0.00019605,0.01396919,0.00832726,0.00863839,0.00858042,0.00096256,0.01148563,0.00110709,0.01495758,0.00901696,0.00573309,0.01799180,0.07684064,0.01843180,0.00129251,0.00063774,0.00486325,0.00428849,0.00262315,0.00015228,0.01805103,0.00295479,0.00963391,0.01667177,0.00110356,0.00359048,0.00081651,0.00362220,0.00036558,0.05159717,0.03365011,0.04180253,0.00224520,0.02725727,0.01420858,0.13214958,0.07636934,0.01787219,0.00827769,0.00224192,0.02330117,0.01146834,0.08022431,0.01386375,0.09851181,0.04048647,0.00223163,0.02522486,0.03011035
2018-09,0.00018184,0.01360209,0.00780441,0.00818990,0.00784903,0.00098710,0.01135919,0.00101983,0.01483323,0.00915421,0.00585920,0.01840307,0.07712052,0.01773646,0.00125668,0.00063929,0.00470887,0.00417336,0.00245466,0.00014608,0.01707281,0.00284357,0.00914477,0.01568716,0.00107831,0.00344393,0.00066888,0.00314994,0.00035024,0.04822460,0.03270796,0.04158219,0.00213838,0.02831852,0.01512357,0.13404193,0.08158497,0.01789844,0.00794751,0.00214843,0.02312292,0.01148767,0.08449079,0.01384371,0.09760680,0.04054056,0.00206898,0.02440626,0.02979719
2018-10,0.00017085,0.01326688,0.00798632,0.00815514,0.00815488,0.00104664,0.01120805,0.00099499,0.01497864,0.00923753,0.00583634,0.01908230,0.07842440,0.01715556,0.00127698,0.00059708,0.00463734,0.00396067,0.00243001,0.00014946,0.01716967,0.00283536,0.00865921,0.01672884,0.00110383,0.00368843,0.00064989,0.00309806,0.00032873,0.04983086,0.03240664,0.04228065,0.00208619,0.02818115,0.01509727,0.13365609,0.08104789,0.01807638,0.00785351,0.00218314,0.02338613,0.01130128,0.08484956,0.01423668,0.09451518,0.04085292,0.00181557,0.02352138,0.02980948
2018-11,0.00017783,0.01421685,0.00877458,0.00871008,0.00955116,0.00097055,0.01015050,0.00101718,0.01610943,0.00900076,0.00572097,0.01814684,0.07815340,0.01481020,0.00122466,0.00047966,0.00421222,0.00388792,0.00233042,0.00014505,0.01598276,0.00271407,0.00946428,0.01646557,0.00099379,0.00342560,0.00070899,0.00293673,0.00036084,0.04683889,0.03511994,0.04545330,0.00216845,0.02794203,0.01505725,0.13128251,0.08100775,0.01770043,0.00771455,0.00210858,0.02290805,0.01111062,0.08257871,0.01519838,0.09611041,0.04223471,0.00174559,0.02430889,0.03056806
2018-12,0.00016381,0.01403007,0.00919623,0.00910159,0.00864638,0.00090323,0.01003906,0.00104123,0.01692860,0.00878850,0.00575250,0.01870570,0.08245516,0.01527316,0.00128733,0.00048776,0.00436358,0.00390461,0.00223330,0.00013706,0.01691888,0.00277066,0.00969689,0.01551299,0.00105252,0.00340716,0.00071809,0.00283656,0.00030600,0.04503722,0.03542793,0.04602789,0.00222635,0.02795243,0.01501013,0.13025442,0.07312107,0.01872980,0.00803816,0.00228941,0.02395086,0.01130993,0.08301831,0.01590269,0.09754213,0.04087130,0.00181220,0.02394161,0.03087755
2019-01,0.00015741,0.01379899,0.00939966,0.00905503,0.00793547,0.00084202,0.01023657,0.00098582,0.01772743,0.00896325,0.00539809,0.01896006,0.08417017,0.01558486,0.00129714,0.00048613,0.00424219,0.00390813,0.00210164,0.00014712,0.01690877,0.00268535,0.00948417,0.01544111,0.00090924,0.00333296,0.00085013,0.00280889,0.00033208,0.04330484,0.03728542,0.04648431,0.00216247,0.02803443,0.01503038,0.13352177,0.07373928,0.01800908,0.00821223,0.00221545,0.02236941,0.01110907,0.08144277,0.01645920,0.09395526,0.04074345,0.00175934,0.02416771,0.03184423
2019-02,0.00016628,0.01379891,0.00899792,0.00865405,0.00790167,0.00089352,0.01127773,0.00103126,0.01734914,0.00930685,0.00554334,0.01915156,0.08046491,0.01517934,0.00127918,0.00049229,0.00442675,0.00409488,0.00227071,0.00014995,0.01729279,0.00275923,0.00958489,0.01645401,0.00089164,0.00339570,0.00078553,0.00284803,0.00035014,0.04409452,0.03596619,0.04501866,0.00209060,0.02854249,0.01528007,0.13600030,0.07237912,0.01817149,0.00810230,0.00230899,0.02269969,0.01112415,0.08189248,0.01586225,0.09556494,0.04088924,0.00187408,0.02410334,0.03124290
2019-03,0.00016065,0.01286668,0.00840095,0.00852891,0.00843318,0.00093644,0.01130903,0.00103693,0.01758786,0.00951044,0.00544058,0.01917556,0.08008590,0.01521819,0.00129085,0.00050882,0.00452815,0.00404470,0.00224786,0.00016629,0.01737741,0.00276870,0.00951812,0.01750538,0.00088770,0.00348859,0.00075412,0.00297014,0.00032398,0.04327521,0.03568383,0.04491619,0.00213674,0.02935889,0.01604291,0.13646216,0.07467472,0.01915115,0.00807908,0.00226152,0.02281355,0.01125348,0.07920751,0.01595419,0.09637352,0.03904509,0.00190378,0.02392016,0.03041419
2019-04,0.00016158,0.01343369,0.00837836,0.00887240,0.00879050,0.00089847,0.01119818,0.00097146,0.01820368,0.00938604,0.00518789,0.01940635,0.07970351,0.01484992,0.00130899,0.00046533,0.00440970,0.00412375,0.00211952,0.00016211,0.01725007,0.00263996,0.00885438,0.01619667,0.00084797,0.00335305,0.00076840,0.00312244,0.00030669,0.04376021,0.03649511,0.04142185,0.00209993,0.02991890,0.01627218,0.13972241,0.07774890,0.01959396,0.00806236,0.00232585,0.02252413,0.01095064,0.08147500,0.01643053,0.09261390,0.03820514,0.00183215,0.02288913,0.03028666
2019-05,0.00015524,0.01321811,0.00847458,0.00908685,0.00814753,0.00093446,0.01141544,0.00094660,0.01797446,0.00946992,0.00500310,0.01794512,0.07399734,0.01505048,0.00134174,0.00047779,0.00429902,0.00428077,0.00198202,0.00015501,0.01762802,0.00269892,0.00884562,0.01610486,0.00084674,0.00356350,0.00064360,0.00301991,0.00030311,0.04209152,0.03537457,0.04194417,0.00208007,0.02999205,0.01621757,0.14316408,0.07919545,0.01911940,0.00747405,0.00229789,0.02271879,0.01091961,0.08212924,0.01640947,0.09654222,0.03747345,0.00183410,0.02401069,0.03100176
2019-06,0.00015875,0.01339533,0.00914107,0.00937664,0.00786235,0.00099129,0.01111764,0.00092398,0.01858031,0.00906290,0.00511948,0.01872580,0.07665057,0.01406060,0.00130086,0.00050178,0.00417933,0.00437231,0.00180192,0.00014874,0.01670309,0.00254841,0.00812849,0.01573391,0.00080328,0.00389685,0.00071284,0.00287966,0.00027777,0.03960406,0.03730089,0.04374713,0.00218036,0.03132693,0.01547603,0.14365665,0.07354408,0.01918843,0.00716134,0.00233861,0.02206234,0.01103453,0.08203300,0.01732930,0.09588797,0.04035443,0.00170080,0.02398439,0.03093277
2019-07,0.00092901,0.01466988,0.00884929,0.00908804,0.00727499,0.00119337,0.01114366,0.00093224,0.01843137,0.00822310,0.00529344,0.01962928,0.07689409,0.01241169,0.00131619,0.00050667,0.00439012,0.00436026,0.00190703,0.00016465,0.01702014,0.00258053,0.00862684,0.01563074,0.00097598,0.00387409,0.00117768,0.00306451,0.00027413,0.04105426,0.03770611,0.04507239,0.00307005,0.03068513,0.01488136,0.14326802,0.07278555,0.02022071,0.00682260,0.00236004,0.02427733,0.01087948,0.08164179,0.01657328,0.09236363,0.03937489,0.00178197,0.02384658,0.03050182
2019-08,0.00092202,0.01486801,0.00902705,0.00881230,0.00745241,0.00134309,0.01061503,0.00095377,0.01907460,0.00822426,0.00537307,0.01968559,0.07318373,0.01244941,0.00128317,0.00044604,0.00436245,0.00432969,0.00180798,0.00016003,0.01694729,0.00253590,0.00860811,0.01513328,0.00099584,0.00383117,0.00111535,0.00296812,0.00023921,0.03959672,0.03692334,0.04528224,0.00312359,0.02927130,0.01502378,0.14606828,0.07604600,0.01918858,0.00677595,0.00237221,0.02441884,0.01077950,0.08130535,0.01694576,0.09461102,0.03985981,0.00183724,0.02424674,0.02957580
2019-09,0.00093628,0.01524093,0.00953472,0.00961627,0.00682036,0.00140736,0.01011870,0.00093530,0.01992616,0.00794926,0.00523547,0.02016235,0.07480483,0.01212873,0.00128177,0.00043370,0.00434857,0.00459382,0.00163561,0.00014595,0.01629894,0.00246263,0.00813605,0.01607634,0.00091981,0.00414273,0.00125326,0.00283021,0.00020782,0.03570880,0.03912333,0.04670648,0.00316849,0.02963784,0.01358304,0.14626883,0.07653517,0.01953776,0.00661119,0.00247611,0.02325926,0.01080401,0.08340878,0.01763002,0.09203471,0.03874689,0.00181141,0.02407307,0.02929086
2019-10,0.00088529,0.01525793,0.00929904,0.00959754,0.00674159,0.00130032,0.00950691,0.00086539,0.01998175,0.00860065,0.00521086,0.01956388,0.07299702,0.01255418,0.00127587,0.00045906,0.00455888,0.00481975,0.00172087,0.00014583,0.01701936,0.00256358,0.00844169,0.01622828,0.00094662,0.00413537,0.00116811,0.00297733,0.00018725,0.03652369,0.03999267,0.04649598,0.00308912,0.02767966,0.01385798,0.14330267,0.07891559,0.01990817,0.00668236,0.00241507,0.02303927,0.01126611,0.08286697,0.01694219,0.09420141,0.03807115,0.00183775,0.02420963,0.02969235
2019-11,0.00082787,0.01461377,0.00906735,0.00929904,0.00714229,0.00134176,0.00981409,0.00087149,0.01936310,0.00824115,0.00523597,0.01971834,0.07513637,0.01195705,0.00126678,0.00049845,0.00464208,0.00481165,0.00174557,0.00013845,0.01770598,0.00258809,0.00884445,0.01529341,0.00093124,0.00389887,0.00121328,0.00289102,0.00016257,0.03499232,0.03857117,0.04631250,0.00296077,0.02734886,0.01349516,0.14296405,0.08307032,0.01954485,0.00652903,0.00238640,0.02291133,0.01132079,0.08238006,0.01588442,0.09555899,0.03882441,0.00182613,0.02397393,0.02988296
2019-12,0.00079146,0.01456178,0.00869087,0.00892388,0.00728317,0.00134971,0.01007432,0.00079325,0.01845162,0.00838656,0.00547351,0.01993926,0.07375310,0.01197245,0.00121973,0.00047069,0.00468089,0.00473512,0.00178839,0.00012781,0.01755745,0.00271299,0.00880479,0.01562865,0.00100278,0.00395366,0.00114085,0.00294708,0.00014145,0.03396001,0.03632150,0.04584900,0.00283822,0.02740325,0.01290720,0.14550438,0.08485508,0.01985490,0.00650174,0.00234022,0.02269040,0.01137590,0.08120010,0.01570064,0.09666732,0.03989083,0.00188512,0.02478438,0.03011253
2020-01,0.00085761,0.01461389,0.00881035,0.00877670,0.00722183,0.00130257,0.01027933,0.00079807,0.01844519,0.00880844,0.00550069,0.01966565,0.07455745,0.01181119,0.00122499,0.00044320,0.00467276,0.00449140,0.00175111,0.00013915,0.01775004,0.00270490,0.00918482,0.01437644,0.00098062,0.00384297,0.00127365,0.00311038,0.00013881,0.03512628,0.03676320,0.04479675,0.00286649,0.02695145,0.01319807,0.14446843,0.08871445,0.02014217,0.00649521,0.00229139,0.02186111,0.01131060,0.08000866,0.01565258,0.09609871,0.03965056,0.00193620,0.02427894,0.02985449
2020-02,0.00083137,0.01442207,0.00929358,0.00903688,0.00697569,0.00125924,0.01040978,0.00076487,0.01840777,0.00827293,0.00554690,0.01952748,0.07227905,0.01094869,0.00118912,0.00042409,0.00462275,0.00476810,0.00148580,0.00012918,0.01686662,0.00259289,0.01005783,0.01443196,0.00095910,0.00422741,0.00129781,0.00283419,0.00010695,0.03093355,0.03858583,0.04373405,0.00285920,0.02781997,0.01287916,0.15266447,0.09091459,0.01969258,0.00611845,0.00227503,0.02188177,0.01093708,0.08108822,0.01592441,0.09256107,0.03804142,0.00190530,0.02504777,0.03016599
2020-03,0.00085118,0.01424358,0.00930462,0.00911328,0.00709648,0.00113813,0.01092997,0.00077682,0.01836329,0.00809648,0.00573937,0.01966909,0.07486346,0.01072594,0.00119057,0.00042474,0.00456310,0.00472103,0.00145349,0.00012589,0.01739511,0.00263486,0.01027228,0.01376684,0.00092895,0.00402666,0.00137490,0.00271244,0.00010632,0.02823958,0.03774582,0.04472204,0.00292129,0.02814672,0.01231991,0.15720220,0.09017351,0.01966880,0.00613727,0.00229391,0.02118351,0.01079437,0.08302036,0.01567090,0.08912674,0.03771765,0.00186887,0.02434429,0.03009338
2020-04,0.00086980,0.01570485,0.00899753,0.00941946,0.00750573,0.00106615,0.01053389,0.00069058,0.01976696,0.00768606,0.00539570,0.02009792,0.08430392,0.01020836,0.00124450,0.00031339,0.00391731,0.00369800,0.00127496,0.00009639,0.01653394,0.00240116,0.00898970,0.01020811,0.00082028,0.00425861,0.00157803,0.00252602,0.00007225,0.02127682,0.03779599,0.04443100,0.00240856,0.02657330,0.01306773,0.16367601,0.09474267,0.02083198,0.00637901,0.00238734,0.02033191,0.01024145,0.09143005,0.01407921,0.07814682,0.03790147,0.00137780,0.02330697,0.02943433
2020-05,0.00084285,0.01504863,0.00833542,0.00924089,0.00676844,0.00110976,0.01068150,0.00066136,0.01918375,0.00744717,0.00551515,0.02024012,0.08405972,0.01051306,0.00130090,0.00031363,0.00392748,0.00398732,0.00125769,0.00009489,0.01602195,0.00243263,0.01023941,0.00965131,0.00081710,0.00428205,0.00183982,0.00250862,0.00007536,0.02498399,0.03497578,0.04140632,0.00245855,0.02775940,0.01243201,0.16718801,0.09435106,0.02138537,0.00623100,0.00227382,0.01952483,0.01016948,0.09598596,0.01477507,0.07679911,0.03746992,0.00137428,0.02343010,0.02662798
2020-06,0.00083886,0.01478876,0.00824642,0.00886120,0.00635714,0.00107161,0.01049641,0.00070184,0.01862016,0.00787688,0.00547945,0.02024589,0.08278443,0.01088991,0.00136404,0.00032214,0.00414601,0.00435564,0.00126451,0.00009412,0.01629052,0.00252674,0.01037885,0.00962347,0.00083946,0.00408976,0.00174304,0.00249001,0.00007379,0.02359488,0.03462345,0.04124036,0.00250618,0.02908898,0.01302803,0.17057846,0.09651463,0.02175643,0.00605568,0.00222244,0.01998825,0.01042486,0.09506538,0.01435541,0.07480996,0.03689367,0.00137837,0.02357890,0.02543462
2020-07,0.00078742,0.01423059,0.00763891,0.00847799,0.00595715,0.00176142,0.01049003,0.00068817,0.01821686,0.00767689,0.00538455,0.02550075,0.07806799,0.01139618,0.00138072,0.00032569,0.00421403,0.00421955,0.00130090,0.00010025,0.01784447,0.00255597,0.01186390,0.00985903,0.00075827,0.00377470,0.00174038,0.00274847,0.00006383,0.02270242,0.03238244,0.03973842,0.00247508,0.03255856,0.01170771,0.17837072,0.09840981,0.02137233,0.00606960,0.00209533,0.01930451,0.00966511,0.09677095,0.01384678,0.06952433,0.03496620,0.00143815,0.02375051,0.02382598
2020-08,0.00078763,0.01424756,0.00773333,0.00845932,0.00607651,0.00191508,0.01009634,0.00068278,0.01850114,0.00731356,0.00593583,0.02676960,0.07470766,0.01155222,0.00146071,0.00024977,0.00425038,0.00451895,0.00125791,0.00011573,0.01836963,0.00263334,0.01351940,0.00858036,0.00074475,0.00368002,0.00189523,0.00275764,0.00006436,0.02041988,0.03244804,0.03931487,0.00251101,0.03268824,0.01147951,0.17691890,0.10277781,0.02233868,0.00574074,0.00205317,0.01945368,0.00960928,0.10103059,0.01367430,0.06604683,0.03429692,0.00134908,0.02313896,0.02383275
2020-09,0.00072766,0.01367992,0.00760309,0.00807539,0.00592620,0.00191642,0.01057338,0.00065804,0.01804601,0.00762928,0.00557634,0.02578228,0.07084722,0.01126614,0.00144210,0.00026170,0.00426343,0.00450820,0.00126719,0.00010706,0.01789169,0.00274635,0.01856161,0.00867403,0.00069336,0.00351962,0.00172932,0.00280856,0.00006108,0.01855915,0.02939278,0.03863450,0.00250663,0.03176562,0.01008216,0.18077701,0.11116282,0.02114701,0.00565264,0.00204280,0.02041407,0.00938079,0.10151275,0.01423671,0.06531094,0.03256379,0.00140312,0.02225030,0.02436176
2020-10,0.00075806,0.01363595,0.00780265,0.00835927,0.00565157,0.00220979,0.01047720,0.00065070,0.01862510,0.00838510,0.00575169,0.02644319,0.07231134,0.01180877,0.00146528,0.00027889,0.00431759,0.00486688,0.00124640,0.00011282,0.01863369,0.00287453,0.01726231,0.00853516,0.00067806,0.00359413,0.00167879,0.00297794,0.00006869,0.01635389,0.03034464,0.03934931,0.00253246,0.03249430,0.00986479,0.17717014,0.10849160,0.02179700,0.00576949,0.00219397,0.02150251,0.00950816,0.10062070,0.01468090,0.06434123,0.03297459,0.00143039,0.02213322,0.02498521
2020-11,0.00087441,0.01350510,0.00777441,0.00817355,0.00546305,0.00241286,0.01026334,0.00062509,0.01891492,0.00844231,0.00590040,0.02587479,0.06920692,0.01208236,0.00151443,0.00030074,0.00438429,0.00469103,0.00137010,0.00013293,0.01953378,0.00278338,0.01686416,0.00819413,0.00068604,0.00340178,0.00169253,0.00342324,0.00005697,0.01586381,0.03244170,0.03854545,0.00258337,0.03186877,0.00953718,0.18066600,0.10623463,0.02316746,0.00582096,0.00236143,0.02129252,0.00964930,0.09992592,0.01490922,0.06487901,0.03356909,0.00152383,0.02172463,0.02489264
2020-12,0.00089602,0.01288873,0.00752816,0.00809852,0.00526738,0.00260618,0.01021005,0.00068985,0.01783920,0.00862069,0.00599687,0.02484278,0.06766435,0.01209281,0.00145659,0.00033289,0.00447034,0.00464999,0.00145502,0.00014151,0.02046921,0.00293130,0.02052650,0.00967056,0.00072159,0.00320415,0.00142620,0.00347415,0.00005892,0.01799963,0.02959700,0.03935750,0.00259712,0.03304145,0.01021655,0.17616707,0.10583708,0.02223350,0.00564572,0.00233013,0.02225582,0.00996562,0.09576630,0.01473889,0.06839435,0.03346474,0.00164947,0.02262436,0.02588718
2021-01,0.00086935,0.01256332,0.00769414,0.00797124,0.00539030,0.00289190,0.01073912,0.00073228,0.01720961,0.00860297,0.00616596,0.02527839,0.06718918,0.01193920,0.00149101,0.00035600,0.00447305,0.00449464,0.00147830,0.00015552,0.02012388,0.00290811,0.02296867,0.00948245,0.00071847,0.00303175,0.00143300,0.00365663,0.00007188,0.01819161,0.02842723,0.03936515,0.00254838,0.03284265,0.01058037,0.17472395,0.10932573,0.02200558,0.00545936,0.00228172,0.02147434,0.00959380,0.09235827,0.01444364,0.07041398,0.03335809,0.00174173,0.02337401,0.02541012
2021-02,0.00089485,0.01242868,0.00698352,0.00745514,0.00529061,0.00307166,0.01036839,0.00076551,0.01619095,0.00822212,0.00653246,0.02573383,0.06988074,0.01193859,0.00147482,0.00036205,0.00452721,0.00477878,0.00141337,0.00015852,0.02063405,0.00299800,0.02594304,0.00880326,0.00072353,0.00287385,0.00141656,0.00374957,0.00008028,0.01856083,0.02839023,0.03794836,0.00247259,0.03157387,0.01067096,0.17642346,0.11053890,0.02314128,0.00545338,0.00217449,0.02057123,0.00936257,0.09287271,0.01386952,0.06840244,0.03208192,0.00181727,0.02315681,0.02482324
2021-03,0.00097594,0.01206853,0.00683949,0.00700777,0.00544160,0.00291189,0.01116883,0.00084587,0.01573305,0.00831349,0.00614750,0.02531842,0.06644432,0.01187029,0.00148668,0.00042256,0.00471199,0.00483779,0.00161387,0.00017722,0.02243758,0.00309976,0.02270975,0.00931516,0.00073943,0.00286607,0.00128334,0.00417596,0.00008184,0.02216221,0.02624056,0.03847997,0.00255729,0.03333148,0.01103932,0.17722911,0.10460107,0.02200213,0.00536537,0.00212988,0.02179150,0.00957139,0.08743166,0.01448408,0.07601082,0.03225335,0.00209104,0.02459010,0.02559169
2021-04,0.00097637,0.01258190,0.00704967,0.00731396,0.00579891,0.00259864,0.01045836,0.00085994,0.01634980,0.00807226,0.00611133,0.02434721,0.06405745,0.01236146,0.00147051,0.00044297,0.00498538,0.00530663,0.00190454,0.00016730,0.02326880,0.00313311,0.02219859,0.01006552,0.00077072,0.00300246,0.00134680,0.00401669,0.00006836,0.02190014,0.02793676,0.03784464,0.00264185,0.03267326,0.01168400,0.17188071,0.10189248,0.02163390,0.00564234,0.00218073,0.02273916,0.01006669,0.08927880,0.01447219,0.07718271,0.03415290,0.00198881,0.02471183,0.02641045
2021-05,0.00096946,0.01229485,0.00693376,0.00721871,0.00560458,0.00251142,0.00999462,0.00082128,0.01576752,0.00807142,0.00609709,0.02415123,0.06194645,0.01229306,0.00152827,0.00044870,0.00499377,0.00540765,0.00186643,0.00017662,0.02265359,0.00296375,0.02203075,0.00970979,0.00075527,0.00294779,0.00132253,0.00405902,0.00006463,0.02098457,0.02764006,0.03698974,0.00251504,0.03332293,0.01138369,0.17699119,0.10080910,0.02161041,0.00550902,0.00225707,0.02249731,0.01013128,0.09126218,0.01452291,0.07775736,0.03447644,0.00197820,0.02521636,0.02654111
2021-06,0.00090641,0.01272334,0.00705606,0.00735687,0.00570937,0.00260247,0.00988543,0.00082736,0.01579971,0.00798824,0.00618250,0.02336078,0.06223293,0.01283434,0.00160693,0.00046218,0.00497535,0.00531403,0.00213156,0.00016675,0.02312233,0.00294735,0.02055885,0.01017941,0.00075520,0.00296740,0.00158382,0.00430653,0.00008816,0.02205219,0.02717495,0.03672462,0.00251250,0.03287667,0.01153176,0.17505305,0.09881425,0.02179974,0.00567469,0.00216929,0.02286308,0.01021612,0.08855155,0.01424093,0.07979608,0.03538305,0.00199488,0.02623357,0.02770536
2021-07,0.00082131,0.01160799,0.00652715,0.00688212,0.00539314,0.00335813,0.01100737,0.00080700,0.01479937,0.00844268,0.00748658,0.02410998,0.06437094,0.01172690,0.00154823,0.00039432,0.00462830,0.00450283,0.00213261,0.00015895,0.02202642,0.00330918,0.02171295,0.00941288,0.00068900,0.00285267,0.00131485,0.00373407,0.00009437,0.02404010,0.02572176,0.03495513,0.00299054,0.03311662,0.01104658,0.18576148,0.10140116,0.02189233,0.00528214,0.00203724,0.02334375,0.00939582,0.08860074,0.01458787,0.07401663,0.03222535,0.00191652,0.02691495,0.02490101
2021-08,0.00078757,0.01118895,0.00675038,0.00689550,0.00538566,0.00319340,0.00998126,0.00077721,0.01515215,0.00874953,0.00761028,0.02502511,0.06388772,0.01161776,0.00159026,0.00039036,0.00455904,0.00459579,0.00226100,0.00016559,0.02184921,0.00325866,0.02133989,0.00919219,0.00069249,0.00275940,0.00126510,0.00377432,0.00010943,0.02163293,0.02614945,0.03451707,0.00300901,0.03311651,0.01116662,0.19003118,0.10338886,0.02302339,0.00514533,0.00198662,0.02205802,0.00949789,0.08685305,0.01517569,0.07275347,0.03190112,0.00197715,0.02705662,0.02475478
2021-09,0.00078480,0.01080316,0.00656808,0.00660467,0.00542662,0.00278969,0.01077185,0.00075978,0.01475094,0.00846121,0.00721709,0.02497164,0.06435794,0.01134810,0.00163446,0.00037892,0.00454116,0.00451965,0.00227865,0.00018469,0.02148141,0.00322179,0.02131069,0.00875639,0.00069110,0.00260585,0.00113971,0.00359646,0.00013063,0.02061557,0.02618398,0.03404175,0.00293722,0.03274642,0.01151812,0.19457564,0.10416256,0.02321452,0.00501688,0.00212194,0.02145498,0.00936760,0.08705946,0.01459707,0.07217903,0.03160641,0.00200317,0.02791024,0.02460030
2021-10,0.00078771,0.01104425,0.00642850,0.00667764,0.00520128,0.00262825,0.01145440,0.00080441,0.01480035,0.00804226,0.00693820,0.02497308,0.06293372,0.01110520,0.00158499,0.00036472,0.00444060,0.00432398,0.00212791,0.00019772,0.02075956,0.00316233,0.02331539,0.00920475,0.00069089,0.00261838,0.00110831,0.00340212,0.00015170,0.02399509,0.02600786,0.03361412,0.00297190,0.03224011,0.01128507,0.19069120,0.10261390,0.02296124,0.00486344,0.00206983,0.02179577,0.00930059,0.08696536,0.01516855,0.07621518,0.03176262,0.00207643,0.02754711,0.02458203
2021-11,0.00076037,0.01059033,0.00636620,0.00660729,0.00481774,0.00255649,0.01161515,0.00077022,0.01437196,0.00847867,0.00656639,0.02428001,0.06012679,0.01134530,0.00153544,0.00034450,0.00446748,0.00436107,0.00219976,0.00017584,0.02042123,0.00336304,0.02927295,0.00864073,0.00067649,0.00239416,0.00104122,0.00357251,0.00014908,0.02463641,0.02563873,0.03008022,0.00309680,0.03045871,0.01111337,0.19540882,0.10363728,0.02290155,0.00461161,0.00196095,0.02242848,0.00928555,0.08627376,0.01436932,0.07422443,0.03296010,0.00207857,0.02881036,0.02415660
2021-12,0.00079603,0.01037743,0.00607448,0.00672490,0.00455817,0.00213131,0.01088273,0.00074976,0.01474894,0.00863486,0.00589382,0.02281874,0.05946781,0.01145467,0.00156808,0.00033516,0.00472198,0.00460341,0.00209732,0.00017516,0.02100137,0.00329552,0.03068316,0.00822702,0.00065344,0.00242320,0.00106747,0.00363274,0.00012313,0.02348616,0.02547024,0.02837939,0.00308146,0.02838638,0.01158979,0.19168395,0.11802071,0.02317428,0.00447406,0.00195869,0.02143110,0.00932545,0.08961457,0.01431037,0.07066063,0.03176088,0.00192595,0.02794596,0.02339817
2022-01,0.00080893,0.01100731,0.00662805,0.00707398,0.00489161,0.00201977,0.01034834,0.00070289,0.01568100,0.00804726,0.00628864,0.02412606,0.06052223,0.01179177,0.00161439,0.00035286,0.00494467,0.00485206,0.00222626,0.00016184,0.02125701,0.00306545,0.02813091,0.00845963,0.00066697,0.00246167,0.00113961,0.00381951,0.00013645,0.02335534,0.02672159,0.02858871,0.00298632,0.02797597,0.01248164,0.18504863,0.11823204,0.02359532,0.00459005,0.00195266,0.02189893,0.00982429,0.08666697,0.01499547,0.07054890,0.03372059,0.00204214,0.02767094,0.02387637
2022-02,0.00087277,0.01184465,0.00706614,0.00738730,0.00561851,0.00175434,0.00887006,0.00070574,0.01564351,0.00761378,0.00572562,0.02287512,0.05956683,0.01159400,0.00152871,0.00032926,0.00463972,0.00446810,0.00212476,0.00013850,0.02114041,0.00279277,0.02695820,0.00901962,0.00068673,0.00277448,0.00118349,0.00379632,0.00014624,0.02928633,0.02781631,0.02968889,0.00284616,0.02713724,0.01186753,0.17913127,0.11759593,0.02198135,0.00463958,0.00213200,0.02198839,0.00977517,0.08391597,0.01463649,0.07595759,0.03473422,0.00200167,0.02836133,0.02564091
2022-03,0.00096655,0.01224657,0.00735811,0.00717484,0.00572072,0.00176165,0.00904443,0.00074868,0.01536118,0.00735685,0.00611889,0.02384308,0.05950234,0.01155668,0.00155274,0.00031317,0.00472350,0.00440392,0.00270113,0.00015692,0.02068490,0.00286797,0.02570874,0.01012587,0.00074387,0.00312843,0.00131314,0.00431320,0.00020320,0.03231149,0.02811871,0.03053498,0.00286355,0.02521809,0.01203259,0.17272528,0.11627370,0.02162238,0.00434778,0.00214500,0.02226076,0.01019017,0.08455743,0.01478856,0.07616648,0.03596709,0.00199807,0.02781965,0.02635695
2022-04,0.00103935,0.01198472,0.00705731,0.00716638,0.00535222,0.00155747,0.00845120,0.00073039,0.01447862,0.00707030,0.00606661,0.02334450,0.06165186,0.01152565,0.00153349,0.00027646,0.00425137,0.00404125,0.00302514,0.00017338,0.02065494,0.00282032,0.02913777,0.00959803,0.00074367,0.00307702,0.00152473,0.00447439,0.00024850,0.03437503,0.02987971,0.02892893,0.00307495,0.02568663,0.01191828,0.17106860,0.11808013,0.02190161,0.00413286,0.00214799,0.02258958,0.01018891,0.08488275,0.01436434,0.07024591,0.03704534,0.00190177,0.02693246,0.02759718
2022-05,0.00114580,0.01354691,0.00812403,0.00815266,0.00628577,0.00152111,0.00672070,0.00065980,0.01629099,0.00726603,0.00567596,0.02276755,0.06506653,0.01237296,0.00148263,0.00032576,0.00454565,0.00417399,0.00312504,0.00018551,0.02038606,0.00269698,0.02641376,0.00960048,0.00077643,0.00328814,0.00152619,0.00417014,0.00029575,0.03740907,0.03172112,0.02811906,0.00322548,0.02555864,0.01172668,0.16428342,0.11310710,0.02182566,0.00460395,0.00227982,0.02236797,0.01100227,0.08313874,0.01504011,0.07050210,0.03951708,0.00185629,0.02589651,0.02822963
2022-06,0.00123403,0.01314464,0.00814064,0.00805973,0.00648698,0.00150998,0.00649074,0.00061626,0.01550507,0.00680761,0.00565594,0.02243862,0.06653688,0.01300043,0.00147393,0.00033509,0.00468787,0.00442152,0.00288246,0.00019170,0.02108844,0.00267782,0.02395250,0.00930604,0.00079313,0.00335098,0.00142928,0.00407016,0.00029974,0.04323439,0.03327668,0.03069500,0.00309785,0.02510733,0.01139170,0.15904580,0.11210063,0.02234612,0.00465595,0.00218122,0.02146717,0.01115086,0.07879184,0.01478047,0.07327468,0.03997921,0.00181617,0.02702094,0.02799774
2022-07,0.00118942,0.01400865,0.00893198,0.00870011,0.00608199,0.00144441,0.00639644,0.00058580,0.01654073,0.00643077,0.00851233,0.02263298,0.07348829,0.01184249,0.00151591,0.00030538,0.00448727,0.00403143,0.00232994,0.00019971,0.01919941,0.00273532,0.02471941,0.01001143,0.00076497,0.00352671,0.00137116,0.00357515,0.00032036,0.03943691,0.03368704,0.03055068,0.00322749,0.02609790,0.00947960,0.16657520,0.10792206,0.02267945,0.00458300,0.00211930,0.02092026,0.01143216,0.07378348,0.01485269,0.06836567,0.04184698,0.00189501,0.02744138,0.02722378
2022-08,0.00115607,0.01312525,0.00842847,0.00837944,0.00558651,0.00135651,0.00684365,0.00059886,0.01514769,0.00656641,0.00875722,0.02192697,0.06735673,0.01150533,0.00155695,0.00029820,0.00473200,0.00424393,0.00256316,0.00020874,0.01980336,0.00303923,0.02913667,0.00972466,0.00075584,0.00317750,0.00098680,0.00354256,0.00030238,0.03976114,0.03264263,0.02763804,0.00331136,0.02697469,0.00940415,0.16402839,0.11556588,0.02341234,0.00447587,0.00207246,0.02092803,0.01137598,0.07842753,0.01511060,0.06765164,0.03941275,0.00197465,0.02765660,0.02736820
2022-09,0.00126170,0.01356299,0.00837676,0.00854293,0.00579915,0.00133402,0.00695338,0.00059060,0.01539747,0.00642063,0.00880208,0.02171764,0.06600420,0.01176330,0.00152817,0.00027213,0.00451663,0.00415086,0.00262817,0.00021418,0.01952845,0.00301793,0.02846193,0.00989154,0.00076504,0.00334755,0.00093010,0.00357018,0.00035481,0.04241470,0.03383729,0.02788780,0.00320389,0.02671826,0.00941984,0.16191259,0.11311772,0.02228004,0.00429844,0.00195192,0.02133594,0.01162220,0.07858127,0.01539251,0.06790315,0.04055793,0.00192629,0.02838161,0.02755209
2022-10,0.00129154,0.01376705,0.00842779,0.00887082,0.00561482,0.00123921,0.00734064,0.00056187,0.01517092,0.00581987,0.00921256,0.02246849,0.07256234,0.01142440,0.00145013,0.00025316,0.00459939,0.00420734,0.00236917,0.00022305,0.01938983,0.00297635,0.02936380,0.00950672,0.00077926,0.00338815,0.00104367,0.00363117,0.00035309,0.04224285,0.03287582,0.02646814,0.00329941,0.02636649,0.00921509,0.15785891,0.10889929,0.02260798,0.00410873,0.00184961,0.02019921,0.01158299,0.07993729,0.01590364,0.06790967,0.04261297,0.00184589,0.02850277,0.02840667
2022-11,0.00136249,0.01419736,0.00837875,0.00900489,0.00584056,0.00119289,0.00782962,0.00056618,0.01479800,0.00598938,0.00892880,0.02257153,0.07334471,0.01154852,0.00133913,0.00025477,0.00462034,0.00434133,0.00263515,0.00024108,0.02100972,0.00282827,0.02520879,0.01022019,0.00084659,0.00393568,0.00098791,0.00367172,0.00036807,0.04856490,0.03152098,0.02700774,0.00341383,0.02617638,0.00965272,0.14686362,0.11031542,0.02219879,0.00427171,0.00181395,0.02014005,0.01219919,0.07547835,0.01631570,0.07129325,0.04427509,0.00183189,0.02941503,0.02918899
2022-12,0.00133031,0.01392855,0.00857339,0.00869944,0.00589108,0.00119683,0.00802246,0.00062493,0.01545939,0.00672081,0.00890889,0.02284870,0.07354933,0.01215801,0.00131376,0.00026039,0.00464517,0.00448542,0.00286832,0.00016621,0.02204587,0.00284754,0.02174851,0.01058126,0.00083153,0.00380395,0.00105691,0.00420110,0.00039383,0.04583704,0.03203537,0.02635810,0.00344663,0.02591506,0.00999729,0.14798695,0.10949603,0.02316348,0.00427454,0.00190922,0.02117451,0.01222433,0.07406569,0.01646549,0.07147369,0.04281809,0.00192870,0.03045319,0.02981471
2023-01,0.00124550,0.01448656,0.00910896,0.00886368,0.00630642,0.00114597,0.00809423,0.00061441,0.01661641,0.00713429,0.00911903,0.02391598,0.07681427,0.01213437,0.00136109,0.00027503,0.00472779,0.00477134,0.00282075,0.00015101,0.02250226,0.00280885,0.01621471,0.01151222,0.00087055,0.00400942,0.00112186,0.00427066,0.00036321,0.04674766,0.03364876,0.02619965,0.00339610,0.02612615,0.00993770,0.14688644,0.10407768,0.02397533,0.00436445,0.00194546,0.02092709,0.01229388,0.07190637,0.01643586,0.07114044,0.04412583,0.00191998,0.03024270,0.03032169
2023-02,0.00127965,0.01323785,0.00830243,0.00799132,0.00598965,0.00124723,0.00904105,0.00064059,0.01541950,0.00728135,0.00879199,0.02265098,0.07001214,0.01239749,0.00140990,0.00029835,0.00498289,0.00509129,0.00322473,0.00016310,0.02274105,0.00295311,0.01987228,0.01119364,0.00082550,0.00368556,0.00117853,0.00465332,0.00035321,0.04493379,0.03107359,0.02769772,0.00344749,0.02684475,0.00978528,0.15005423,0.10917477,0.02314039,0.00410521,0.00199115,0.02152262,0.01228733,0.07462006,0.01688156,0.07267837,0.04114085,0.00209024,0.03068173,0.02893920
2023-03,0.00126487,0.01338142,0.00828402,0.00821170,0.00593258,0.00122933,0.00887323,0.00062575,0.01535524,0.00701425,0.00850554,0.02254101,0.06811216,0.01209873,0.00148706,0.00026644,0.00519110,0.00517184,0.00337354,0.00016726,0.02308939,0.00312090,0.02271510,0.01123770,0.00084348,0.00384991,0.00099573,0.00458713,0.00036294,0.04259104,0.02991249,0.02654053,0.00345104,0.02620432,0.01002950,0.15096456,0.11516916,0.02252183,0.00396464,0.00195472,0.02200767,0.01253290,0.07220053,0.01681125,0.07293559,0.04059637,0.00209393,0.03070312,0.02892543
2023-04,0.00119994,0.01345316,0.00843803,0.00829462,0.00569674,0.00118744,0.00890564,0.00058494,0.01571930,0.00710310,0.00802845,0.02298918,0.06773801,0.01133794,0.00146282,0.00024440,0.00488714,0.00522555,0.00301430,0.00015250,0.02245187,0.00292009,0.02204414,0.01110687,0.00078869,0.00376685,0.00110602,0.00442420,0.00033307,0.04124152,0.03020265,0.02582504,0.00336943,0.02500901,0.01040040,0.16468920,0.12499697,0.02277642,0.00383608,0.00188311,0.02132252,0.01228371,0.07259552,0.01692187,0.06224052,0.03758981,0.00187026,0.02754176,0.02879922
2023-05,0.00118698,0.01370206,0.00864786,0.00856737,0.00587657,0.00113987,0.00889497,0.00058854,0.01618575,0.00719496,0.00822875,0.02440382,0.06905980,0.01119789,0.00147731,0.00025232,0.00495065,0.00550145,0.00278271,0.00015401,0.02133741,0.00274165,0.01826261,0.01093426,0.00075584,0.00364452,0.00105541,0.00427831,0.00031270,0.04195387,0.03039893,0.02570205,0.00330746,0.02476511,0.00955660,0.16699327,0.12264711,0.02148664,0.00384220,0.00182921,0.02072267,0.01221756,0.07322959,0.01761246,0.06259265,0.03860547,0.00184441,0.02733121,0.03004520
2023-06,0.00105019,0.01293894,0.00828398,0.00827088,0.00534170,0.00103360,0.00917273,0.00058160,0.01464654,0.00619095,0.00743620,0.02282200,0.06689024,0.01026765,0.00140210,0.00022273,0.00484544,0.00542121,0.00253535,0.00013184,0.02087878,0.00275565,0.02107966,0.01041872,0.00072288,0.00347028,0.00090192,0.00406644,0.00027075,0.03753346,0.02837651,0.02318486,0.00319603,0.02387945,0.01003647,0.18182558,0.13476581,0.02079046,0.00346430,0.00170454,0.02044751,0.01199908,0.07418269,0.01660593,0.05972435,0.03697421,0.00184399,0.02616766,0.02924614
2023-07,0.00103907,0.01202071,0.00787153,0.00810111,0.00534401,0.00090964,0.00938832,0.00057184,0.01581098,0.00607195,0.00746596,0.02439537,0.06568191,0.00980082,0.00146831,0.00023517,0.00523302,0.00591826,0.00273379,0.00021365,0.02222268,0.00309630,0.02533341,0.01052160,0.00079462,0.00328807,0.00089855,0.00440657,0.00029884,0.03616344,0.02834414,0.02245069,0.00312546,0.02426947,0.00989863,0.17844601,0.13680073,0.01943041,0.00339317,0.00170573,0.02090949,0.01233757,0.07497698,0.01640279,0.05954307,0.03561260,0.00157432,0.02620503,0.02727421
2023-08,0.00099409,0.01183336,0.00776665,0.00807810,0.00523861,0.00093760,0.00914025,0.00057322,0.01526272,0.00592159,0.00716368,0.02303919,0.06359519,0.00987801,0.00144491,0.00023501,0.00523682,0.00592444,0.00273016,0.00022603,0.02273241,0.00310745,0.02516507,0.01033285,0.00080720,0.00300489,0.00088571,0.00465241,0.00031374,0.03751572,0.02808038,0.02176394,0.00314019,0.02428250,0.00972969,0.18051887,0.13684178,0.01937995,0.00344107,0.00173894,0.02169279,0.01177461,0.07470470,0.01629417,0.06150867,0.03571536,0.00160055,0.02734947,0.02670530
2023-09,0.00092698,0.01141732,0.00782927,0.00782784,0.00517715,0.00094831,0.00892080,0.00061933,0.01530014,0.00568094,0.00699823,0.02187920,0.06648861,0.00963776,0.00153262,0.00023071,0.00530703,0.00594186,0.00267757,0.00023289,0.02278677,0.00289466,0.02446391,0.01028770,0.00077696,0.00311423,0.00081559,0.00446873,0.00032918,0.03873781,0.02701331,0.02226676,0.00312344,0.02391668,0.01056321,0.18156935,0.13622776,0.01977832,0.00343477,0.00170594,0.02089962,0.01170691,0.07653818,0.01574463,0.05944106,0.03576072,0.00155658,0.02712159,0.02738105
2023-10,0.00098337,0.01147368,0.00765910,0.00780989,0.00522408,0.00092377,0.00832795,0.00060982,0.01499333,0.00569410,0.00696927,0.02136486,0.06699942,0.00949045,0.00148163,0.00021358,0.00516692,0.00566656,0.00268252,0.00022982,0.02233642,0.00281823,0.02511224,0.00967378,0.00077283,0.00299638,0.00080090,0.00437062,0.00043571,0.04185443,0.02691287,0.02263574,0.00311971,0.02328698,0.01054797,0.18294417,0.13124702,0.01927159,0.00336600,0.00174439,0.02096133,0.01197902,0.07557215,0.01582298,0.06000616,0.03849141,0.00146455,0.02748593,0.02800438
2023-11,0.00095431,0.01121769,0.00786242,0.00769894,0.00516837,0.00081271,0.00882059,0.00061445,0.01537678,0.00611831,0.00685001,0.02059376,0.06614006,0.00914052,0.00137014,0.00020637,0.00494257,0.00550385,0.00265220,0.00018322,0.02139193,0.00252877,0.02112228,0.01033526,0.00079204,0.00337690,0.00084038,0.00425758,0.00040366,0.04048661,0.02797092,0.02313828,0.00315218,0.02237466,0.01055012,0.18708422,0.13132247,0.01769100,0.00337408,0.00173540,0.02014701,0.01221731,0.07835838,0.01601689,0.05990202,0.04103527,0.00137357,0.02647221,0.02832135
2023-12,0.00085436,0.01060689,0.00752684,0.00730351,0.00497558,0.00079009,0.00899383,0.00060865,0.01478609,0.00621739,0.00667568,0.02081872,0.06326094,0.00902041,0.00139318,0.00020562,0.00523233,0.00590091,0.00270752,0.00018480,0.02158043,0.00255164,0.02260412,0.01050280,0.00079566,0.00310854,0.00084152,0.00420235,0.00042236,0.03620166,0.02688209,0.02272140,0.00323584,0.02358360,0.00991755,0.19041635,0.13574925,0.01823150,0.00332565,0.00175530,0.02074004,0.01203973,0.07690462,0.01579264,0.06209627,0.03911538,0.00138393,0.02750720,0.02772728
2024-01,0.00086812,0.01052079,0.00732834,0.00699260,0.00469978,0.00082919,0.00889646,0.00063004,0.01411616,0.00617981,0.00697750,0.02127338,0.06310201,0.00929537,0.00138572,0.00022819,0.00556556,0.00653244,0.00282146,0.00018699,0.02264236,0.00274992,0.02281174,0.01066355,0.00083115,0.00305132,0.00081999,0.00452221,0.00042024,0.03442910,0.02597334,0.02210670,0.00335290,0.02406916,0.00988840,0.18675647,0.13711095,0.01884573,0.00330263,0.00172704,0.02130563,0.01198001,0.07770775,0.01579474,0.06476220,0.03693326,0.00154618,0.02872730,0.02673811
2024-02,0.00081934,0.01022236,0.00719305,0.00685919,0.00453163,0.00076777,0.00949719,0.00062002,0.01443345,0.00579496,0.00687753,0.02186996,0.06452895,0.00864183,0.00137783,0.00021995,0.00549936,0.00627701,0.00281462,0.00016859,0.02233188,0.00246765,0.01829677,0.01028844,0.00082992,0.00286643,0.00067500,0.00430124,0.00044608,0.03395862,0.02487966,0.02269410,0.00319983,0.02380959,0.01018980,0.19197718,0.13897274,0.01862839,0.00305944,0.00168763,0.02075151,0.01218228,0.07784527,0.01569269,0.06493881,0.03713390,0.00145164,0.02780087,0.02762808
2024-03,0.00085501,0.00959963,0.00712869,0.00648233,0.00430497,0.00075573,0.00959911,0.00059735,0.01410816,0.00583032,0.00671942,0.02134698,0.06435205,0.00848206,0.00134610,0.00023425,0.00573930,0.00660536,0.00280359,0.00018722,0.02302668,0.00252797,0.01859891,0.00994886,0.00085699,0.00281091,0.00058479,0.00422365,0.00039163,0.03307960,0.02407627,0.02095379,0.00314173,0.02338728,0.01023107,0.19062304,0.14272753,0.01909150,0.00295090,0.00168973,0.02109027,0.01222307,0.08192655,0.01567408,0.06401330,0.03593529,0.00144349,0.02759691,0.02809655
2024-04,0.00089422,0.00960380,0.00701347,0.00657703,0.00431891,0.00074781,0.00939797,0.00057573,0.01410838,0.00528495,0.00689627,0.02147171,0.06287477,0.00867504,0.00140702,0.00024353,0.00584691,0.00700262,0.00286363,0.00020599,0.02362039,0.00257465,0.01684437,0.00996215,0.00085255,0.00287289,0.00067001,0.00482293,0.00036393,0.03538706,0.02492622,0.02095128,0.00319568,0.02344585,0.01060383,0.18752113,0.14236886,0.01889163,0.00310670,0.00173584,0.02066797,0.01237096,0.08154522,0.01533695,0.06538065,0.03618028,0.00143775,0.02797583,0.02837668
2024-05,0.00087876,0.01007710,0.00718857,0.00673410,0.00462201,0.00075371,0.00888204,0.00056515,0.01444296,0.00516577,0.00662549,0.02113323,0.06182224,0.00839922,0.00134583,0.00022346,0.00569940,0.00668008,0.00271317,0.00019381,0.02325092,0.00248433,0.01755290,0.01021329,0.00092431,0.00304845,0.00078617,0.00519839,0.00037700,0.03666647,0.02640815,0.02033446,0.00315722,0.02300797,0.01038018,0.18591427,0.14382102,0.01894932,0.00332053,0.00175786,0.01986526,0.01215083,0.08082144,0.01564390,0.06548342,0.03622901,0.00133064,0.02784179,0.02893434
2024-06,0.00087723,0.00949388,0.00702211,0.00632773,0.00470896,0.00072553,0.00932936,0.00061084,0.01383945,0.00518990,0.00644828,0.02010587,0.06145183,0.00841845,0.00131318,0.00022828,0.00548443,0.00676689,0.00271186,0.00020343,0.02264923,0.00248427,0.01664243,0.01050685,0.00090888,0.00290368,0.00080038,0.00509319,0.00038653,0.03344370,0.02720332,0.02017603,0.00304795,0.02191663,0.01050742,0.18416136,0.15887680,0.01860923,0.00330739,0.00174632,0.01903524,0.01164036,0.08009949,0.01442030,0.06439866,0.03582652,0.00133371,0.02784944,0.02876721
2024-07,0.00081195,0.00785870,0.00668819,0.00677308,0.00453751,0.00065877,0.00937084,0.00057498,0.01348634,0.00432305,0.00598330,0.02003546,0.06258597,0.00847798,0.00117415,0.00020878,0.00487650,0.00617137,0.00241093,0.00019343,0.02219897,0.00242315,0.01719660,0.00968241,0.00082079,0.00272654,0.00105458,0.00458912,0.00031703,0.03219831,0.02571929,0.01922634,0.00299948,0.02956966,0.01101642,0.19094088,0.16764744,0.01784291,0.00194643,0.00154356,0.01895408,0.01094073,0.08397650,0.01395633,0.05248155,0.03346804,0.00122817,0.02851992,0.02761349
2024-08,0.00084043,0.00804357,0.00682246,0.00687383,0.00499154,0.00070385,0.00881514,0.00058336,0.01309043,0.00415721,0.00635486,0.01919083,0.06227839,0.00888765,0.00119238,0.00027064,0.00541289,0.00705150,0.00244066,0.00020660,0.02178669,0.00256729,0.01896427,0.01034856,0.00085164,0.00304364,0.00121609,0.00458053,0.00032051,0.03230710,0.02681675,0.01953721,0.00317183,0.03128488,0.01059114,0.18034363,0.16448175,0.01885723,0.00194971,0.00142769,0.01867943,0.01145164,0.08255552,0.01337815,0.05543279,0.03567293,0.00144704,0.02992730,0.02879886
2024-09,0.00084327,0.00826051,0.00705379,0.00679820,0.00528649,0.00067390,0.00916045,0.00058169,0.01364051,0.00431326,0.00651112,0.02022370,0.06462237,0.00883231,0.00115302,0.00026100,0.00529330,0.00700956,0.00222947,0.00017460,0.02106247,0.00243004,0.01758834,0.01025888,0.00086204,0.00319932,0.00128302,0.00421637,0.00029166,0.03056136,0.02737698,0.01938759,0.00322401,0.03196976,0.01023828,0.17897573,0.16427538,0.01833475,0.00199175,0.00141625,0.01874222,0.01108792,0.08150022,0.01382810,0.05544982,0.03647314,0.00142382,0.02958626,0.03004199
2024-10,0.00084711,0.00815573,0.00693069,0.00671117,0.00504488,0.00068266,0.00936528,0.00055593,0.01351086,0.00445992,0.00654842,0.01993929,0.06132573,0.00897501,0.00112216,0.00025985,0.00549560,0.00722772,0.00222158,0.00017243,0.02158518,0.00241143,0.01978963,0.00986826,0.00087709,0.00328948,0.00127659,0.00453438,0.00029881,0.02891456,0.02821670,0.01992349,0.00326498,0.03173076,0.01043527,0.18229062,0.16443790,0.01820316,0.00192660,0.00142913,0.01880379,0.01077844,0.08315612,0.01426536,0.05317613,0.03531590,0.00148048,0.02971566,0.02905210
2024-11,0.00089022,0.00784800,0.00644554,0.00641342,0.00546667,0.00068961,0.00981761,0.00056264,0.01276679,0.00421781,0.00605220,0.01983529,0.05967430,0.00868171,0.00113688,0.00021681,0.00543574,0.00689970,0.00220309,0.00016803,0.02068317,0.00242394,0.01931306,0.00966451,0.00085348,0.00318839,0.00111750,0.00452978,0.00029887,0.02882858,0.02859755,0.02043683,0.00328243,0.03194982,0.01047385,0.18264251,0.16719081,0.01669820,0.00187012,0.00138793,0.01921164,0.01067496,0.08295733,0.01426326,0.05621073,0.03404296,0.00150369,0.03185026,0.02843179
2024-12,0.00086030,0.00738362,0.00602515,0.00598628,0.00523628,0.00067031,0.01050189,0.00055583,0.01279915,0.00426441,0.00582335,0.01962094,0.05417272,0.00830788,0.00110718,0.00022506,0.00561536,0.00705795,0.00226702,0.00022057,0.02063354,0.00251354,0.02375220,0.00932940,0.00085611,0.00332396,0.00096225,0.00420493,0.00031125,0.02832162,0.02835122,0.02090094,0.00335878,0.03207787,0.01047273,0.18216114,0.16196570,0.01602167,0.00182588,0.00138101,0.01945345,0.01118443,0.08567586,0.01419214,0.05957150,0.03454749,0.00151583,0.03395654,0.02847578
2025-01,0.00082291,0.00715817,0.00600420,0.00573300,0.00488282,0.00061974,0.01065089,0.00053703,0.01237713,0.00447142,0.00527450,0.01929732,0.05274855,0.00758048,0.00106783,0.00020630,0.00504922,0.00615983,0.00191147,0.00021783,0.01935327,0.00237141,0.02734264,0.00939550,0.00083086,0.00316292,0.00088041,0.00383891,0.00026412,0.02661371,0.02664913,0.01979476,0.00304611,0.03141195,0.01076442,0.18819287,0.17262203,0.01594894,0.00174672,0.00129613,0.01828165,0.01053189,0.08797453,0.01397133,0.05788497,0.03155330,0.00142301,0.03259582,0.02748603
2025-02,0.00090080,0.00674815,0.00585919,0.00534874,0.00499776,0.00059901,0.01104213,0.00052993,0.01197862,0.00445148,0.00577744,0.02051226,0.05332455,0.00765031,0.00107496,0.00020438,0.00525323,0.00607973,0.00196736,0.00022847,0.01989045,0.00235665,0.02661044,0.00960261,0.00087467,0.00309674,0.00096133,0.00375792,0.00019192,0.02619114,0.02659448,0.01936396,0.00318325,0.03191709,0.01064683,0.19197378,0.15747027,0.01657379,0.00170034,0.00125920,0.01810121,0.01067055,0.09154383,0.01404641,0.06082234,0.03207118,0.00150854,0.03421161,0.02827897
2025-03,0.00087545,0.00710253,0.00667521,0.00557626,0.00590214,0.00063439,0.01125867,0.00052319,0.01268154,0.00431579,0.00580873,0.02078764,0.05748593,0.00753582,0.00094149,0.00019666,0.00498150,0.00553393,0.00208909,0.00021818,0.01951613,0.00221216,0.02079484,0.00998130,0.00079159,0.00285732,0.00096959,0.00353338,0.00016296,0.02749948,0.02761329,0.02165011,0.00326903,0.03195749,0.01050566,0.18244385,0.16156572,0.01541238,0.00179567,0.00126754,0.01865195,0.01085217,0.08887551,0.01474927,0.06173411,0.03283393,0.00151098,0.03305707,0.03081138
2025-04,0.00093076,0.00767166,0.00725417,0.00590141,0.00651931,0.00062847,0.01103190,0.00054195,0.01320029,0.00374989,0.00637115,0.02085370,0.05861621,0.00758966,0.00096360,0.00020039,0.00497168,0.00565298,0.00204134,0.00018960,0.01957256,0.00211336,0.01991331,0.01061209,0.00084196,0.00297685,0.00116216,0.00380447,0.00017245,0.03043088,0.02959732,0.02276630,0.00339203,0.03235815,0.01007302,0.17754148,0.15441192,0.01539063,0.00185744,0.00130917,0.01826808,0.01149989,0.08646303,0.01454849,0.06061790,0.03634848,0.00147305,0.03230411,0.03329929
2025-05,0.00092814,0.00754070,0.00741609,0.00559471,0.00690593,0.00058990,0.01267923,0.00055559,0.01277509,0.00348639,0.00642354,0.02088635,0.05813579,0.00728089,0.00078980,0.00018911,0.00492547,0.00586902,0.00206200,0.00018577,0.01909355,0.00207969,0.02131164,0.01077378,0.00086816,0.00330464,0.00126636,0.00386466,0.00017148,0.02623673,0.02937025,0.02168920,0.00354117,0.03178931,0.00991082,0.18518536,0.15426151,0.01464920,0.00172090,0.00123919,0.01787187,0.01160398,0.08820774,0.01426218,0.05956588,0.03360775,0.00137129,0.03241961,0.03354258
2025-06,0.00098818,0.00687669,0.00700632,0.00508917,0.00680653,0.00058422,0.01271948,0.00054503,0.01251538,0.00362147,0.00627260,0.02011815,0.05074706,0.00699461,0.00077584,0.00017331,0.00473967,0.00594078,0.00201878,0.00019802,0.01942947,0.00227735,0.02403004,0.01119997,0.00087097,0.00336849,0.00120611,0.00377575,0.00015853,0.02497828,0.02849969,0.02119971,0.00363290,0.03132294,0.01023077,0.19524046,0.16006234,0.01406060,0.00171423,0.00119491,0.01800998,0.01118075,0.08833251,0.01390516,0.05927824,0.03017028,0.00130803,0.03290470,0.03172554
2025-07,0.00097838,0.00635159,0.00658733,0.00469242,0.00643995,0.00054621,0.01321858,0.00053445,0.01141642,0.00337092,0.00602308,0.01944975,0.04970225,0.00657941,0.00074556,0.00016900,0.00441397,0.00576489,0.00193950,0.00020575,0.01970481,0.00240818,0.02134761,0.01647375,0.00084452,0.00332460,0.00127380,0.00386730,0.00017088,0.02555695,0.02728610,0.02064994,0.00343175,0.02958200,0.01086806,0.20144568,0.16778656,0.01390253,0.00166921,0.00111437,0.01769834,0.01121341,0.08673276,0.01326537,0.06010417,0.03024123,0.00132236,0.03267402,0.02491032
2025-08,0.00093998,0.00618465,0.00618831,0.00475041,0.00594122,0.00054545,0.01181899,0.00050548,0.01079222,0.00338512,0.00539981,0.01806413,0.04894647,0.00639554,0.00075813,0.00016717,0.00455434,0.00615086,0.00196519,0.00024066,0.01988650,0.00266770,0.02061488,0.01688681,0.00079902,0.00307348,0.00131465,0.00377078,0.00018841,0.02513411,0.02760855,0.01945434,0.00326216,0.02898953,0.01105541,0.20679585,0.17506266,0.01412805,0.00160197,0.00108728,0.01698248,0.01097430,0.08760874,0.01266880,0.05926888,0.02673214,0.00143647,0.03341235,0.02383961
2025-09,0.00094490,0.00603987,0.00627178,0.00481704,0.00604716,0.00056663,0.01215618,0.00052318,0.01090916,0.00345767,0.00597819,0.01813166,0.05002915,0.00664659,0.00078021,0.00019241,0.00469761,0.00641279,0.00200622,0.00023762,0.01906247,0.00265584,0.02183985,0.01658373,0.00078938,0.00313551,0.00158992,0.00395422,0.00020810,0.02547849,0.02650995,0.01959928,0.00316127,0.02875879,0.01120301,0.19968642,0.17752684,0.01406720,0.00164902,0.00108524,0.01729796,0.01091063,0.08635090,0.01250687,0.06093406,0.02811894,0.00148890,0.03261825,0.02438292
2025-10,0.00082413,0.00568207,0.00592695,0.00428313,0.00568754,0.00053029,0.01153517,0.00050751,0.01015324,0.00301903,0.00598489,0.01682683,0.05014005,0.00611166,0.00076756,0.00017941,0.00440361,0.00642072,0.00195169,0.00022890,0.02004562,0.00278379,0.02666355,0.01667221,0.00079046,0.00315626,0.00180660,0.00408430,0.00023703,0.02439638,0.02655458,0.01870468,0.00308330,0.02647118,0.01141484,0.20439742,0.18645762,0.01402686,0.00152152,0.00100291,0.01676477,0.01052938,0.08239715,0.01149095,0.05875282,0.02751761,0.00138585,0.03236909,0.02335692
2025-11,0.00073553,0.00524238,0.00598124,0.00432860,0.00488980,0.00052301,0.01056605,0.00045576,0.00958474,0.00277461,0.00605207,0.01654721,0.05166589,0.00578152,0.00075375,0.00015873,0.00425408,0.00627272,0.00212435,0.00021992,0.02126035,0.00318269,0.02679433,0.01661339,0.00079890,0.00319140,0.00170247,0.00419808,0.00023436,0.02364891,0.02607065,0.01713912,0.00266530,0.02459082,0.01206213,0.20359422,0.19923986,0.01525397,0.00140635,0.00090409,0.01635980,0.01029087,0.08288072,0.01082644,0.05707658,0.02519580,0.00133033,0.03069309,0.02188301
2025-12,0.00079494,0.00538789,0.00634957,0.00442864,0.00527003,0.00056887,0.01039675,0.00046563,0.00967944,0.00288174,0.00650741,0.01743353,0.05822136,0.00595865,0.00079014,0.00015910,0.00438216,0.00646189,0.00222677,0.00022337,0.02145730,0.00292962,0.02573067,0.01621561,0.00080411,0.00267283,0.00191200,0.00420386,0.00022921,0.02405145,0.02669825,0.01686393,0.00257435,0.02426225,0.01137708,0.19896805,0.19259745,0.01566281,0.00136782,0.00094271,0.01641483,0.01044243,0.08247189,0.01152149,0.05770054,0.02598315,0.00142468,0.03072229,0.02320944
2026-01,0.00078870,0.00475195,0.00617985,0.00431644,0.00531725,0.00056070,0.00944388,0.00047956,0.00945801,0.00295216,0.00615643,0.01697446,0.05779575,0.00585192,0.00077174,0.00015444,0.00438074,0.00600618,0.00235508,0.00022868,0.02179436,0.00278308,0.02694919,0.01679647,0.00083624,0.00302334,0.00210794,0.00443361,0.00025819,0.02384306,0.02548821,0.01749444,0.00261597,0.02478219,0.01130569,0.19795996,0.19158336,0.01567470,0.00131957,0.00097614,0.01696592,0.01008943,0.08159146,0.01161445,0.06060865,0.02630672,0.00142549,0.03162477,0.02282349
2026-02,0.00084365,0.00497398,0.00651160,0.00452885,0.00581421,0.00059300,0.00838775,0.00049866,0.01001477,0.00286170,0.00607176,0.01611416,0.05795913,0.00637372,0.00073633,0.00016657,0.00458154,0.00653862,0.00251369,0.00023522,0.02523652,0.00329009,0.02591964,0.01743115,0.00092387,0.00350913,0.00236311,0.00528348,0.00027570,0.02678767,0.02589008,0.01761818,0.00260015,0.02368168,0.01172774,0.18727571,0.19270059,0.01631010,0.00131921,0.00102009,0.01699644,0.01067076,0.08447809,0.01184967,0.05824385,0.02459139,0.00146253,0.03203730,0.02218718
2026-03,0.00093207,0.00525572,0.00715880,0.00498733,0.00623344,0.00060387,0.00944753,0.00049092,0.01098231,0.00304750,0.00659220,0.01649113,0.06138226,0.00685813,0.00081815,0.00017582,0.00491358,0.00737426,0.00270152,0.00024795,0.02786202,0.00333596,0.02481056,0.01848925,0.00104403,0.00361496,0.00279062,0.00592839,0.00024416,0.02929361,0.02862229,0.01850130,0.00263554,0.02230744,0.01243757,0.17162672,0.19109519,0.01682450,0.00144259,0.00111202,0.01772449,0.01136409,0.08225716,0.01269710,0.05588740,0.02442065,0.00132368,0.02991383,0.02369839
2026-04,0.00101171,0.00502351,0.00685595,0.00478852,0.00593075,0.00057683,0.00975955,0.00054652,0.00990786,0.00283076,0.00627238,0.01528833,0.06084958,0.00713053,0.00079335,0.00014925,0.00454068,0.00709972,0.00269217,0.00025204,0.02676007,0.00325982,0.02404437,0.01729517,0.00101247,0.00341478,0.00237509,0.00519719,0.00029490,0.03485163,0.02945713,0.01891340,0.00258949,0.02189147,0.01272951,0.16995939,0.19373662,0.01643576,0.00130045,0.00103970,0.01736186,0.01086214,0.08398178,0.01232198,0.05726206,0.02424312,0.00127761,0.03031862,0.02351242
2026-05,0.00089200,0.00457931,0.00649149,0.00449062,0.00554669,0.00055269,0.00879747,0.00050468,0.00913937,0.00249383,0.00579714,0.01302565,0.05401502,0.00662954,0.00070458,0.00014736,0.00436265,0.00768529,0.00288456,0.00024236,0.02802069,0.00381806,0.02256859,0.01595967,0.00096116,0.00292431,0.00219733,0.00483862,0.00023847,0.03035385,0.02731134,0.01671325,0.00247861,0.02061186,0.01489760,0.17691745,0.21295144,0.01618871,0.00115064,0.00094030,0.01700143,0.01029740,0.08682450,0.01174123,0.05629983,0.02462243,0.00123859,0.02984053,0.02110979
2026-06,0.00082287,0.00431661,0.00632678,0.00395951,0.00548173,0.00051923,0.00800010,0.00046713,0.00860039,0.00243524,0.00556975,0.01181632,0.05376342,0.00607884,0.00068407,0.00014631,0.00400417,0.00716143,0.00306079,0.00023190,0.02781957,0.00386601,0.02423890,0.01613746,0.00086011,0.00334390,0.00208187,0.00493480,0.00023342,0.02666137,0.02461868,0.01567805,0.00228386,0.01951452,0.01771618,0.18316933,0.23206840,0.01621257,0.00112149,0.00087266,0.01640831,0.00943882,0.08048182,0.01085966,0.05233329,0.02316172,0.00110248,0.02912067,0.02021348
2026-07,0.00087740,0.00422651,0.00654372,0.00383747,0.00563583,0.00053238,0.00719877,0.00048463,0.00891573,0.00227305,0.00631878,0.01166947,0.05944737,0.00570482,0.00076688,0.00016399,0.00452483,0.00742246,0.00556726,0.00026061,0.03555738,0.00428947,0.02771150,0.01725754,0.00087271,0.00326922,0.00184339,0.00469149,0.00019980,0.02569247,0.02586161,0.01397645,0.00231149,0.02185304,0.01714341,0.16322204,0.22633458,0.01941470,0.00124570,0.00096664,0.01665087,0.01011648,0.07648831,0.01091512,0.05563695,0.02472205,0.00122157,0.02810057,0.02006150
2026-08,0.00082663,0.00443048,0.00695233,0.00390030,0.00578766,0.00054324,0.00723153,0.00051723,0.00885136,0.00231660,0.00658257,0.01234343,0.05903254,0.00565486,0.00072071,0.00016539,0.00432609,0.00644410,0.00423823,0.00010582,0.02816669,0.00345991,0.02198028,0.01760135,0.00094748,0.00313988,0.00181333,0.00465759,0.00018765,0.02959826,0.02548647,0.01438403,0.00255741,0.02333868,0.01690325,0.17409001,0.21544006,0.01695937,0.00127455,0.00099324,0.01673879,0.01033574,0.08197965,0.01109437,0.05813366,0.02576745,0.00126057,0.03007499,0.02066415
