month,"minimum TE sample, daily 3y",incidental,objective at 75,met at 75,exposure HML at 75,exposure RMW at 75,exposure CMA at 75,exposure Mom at 75,objective at 100,met at 100,exposure HML at 100,exposure RMW at 100,exposure CMA at 100,exposure Mom at 100,objective at 150,met at 150,exposure HML at 150,exposure RMW at 150,exposure CMA at 150,exposure Mom at 150,"minimum TE ledoit_wolf, daily 3y","minimum TE factor, daily 3y","minimum TE pca, daily 3y","minimum TE sample, monthly 120"
1979-07,0.00544127,-0.11509816,0.09580973,True,0.03797858,0.03375412,0.01106964,0.01300740,0.16346718,True,0.06030455,0.05659239,0.02704455,0.01952568,0.17676419,True,0.06037949,0.05370833,0.03457680,0.02809957,0.00562241,0.00489584,0.00490573,0.00950052
1979-08,0.00553713,-0.12573764,0.07370013,True,0.03990350,0.02997389,-0.00294466,0.00676739,0.14214656,True,0.06196539,0.06079325,0.00969941,0.00968850,0.15737545,True,0.09772966,0.04834451,0.00705355,0.00424773,0.00571433,0.00498551,0.00497936,0.00953121
1979-09,0.00568778,-0.13621551,0.04620792,True,0.03211232,0.02650485,-0.00880015,-0.00360910,0.11488851,True,0.05421244,0.05791448,0.00354815,-0.00078656,0.13378903,True,0.09181975,0.04969426,-0.00311493,-0.00461005,0.00586152,0.00518721,0.00514718,0.00950302
1979-10,0.00623236,-0.16728915,-0.01049929,True,0.00999223,0.01134009,-0.02268037,-0.00915124,0.07252398,True,0.04238692,0.04321679,-0.01134246,-0.00173727,0.09413143,True,0.04770306,0.05689304,-0.01156627,0.00110160,0.00640530,0.00574171,0.00563328,0.00961372
1979-11,0.00668579,-0.18534627,-0.05945730,True,-0.00925746,0.00797564,-0.03772770,-0.02044779,0.03673051,True,0.02909919,0.04683320,-0.02607893,-0.01312295,0.06499785,True,0.03107315,0.05693192,-0.01938268,-0.00362455,0.00688331,0.00613562,0.00598698,0.01029692
1979-12,0.00696871,-0.20192848,-0.09690310,True,-0.01718224,0.00119216,-0.05201218,-0.02890083,0.02035666,True,0.02989645,0.05547366,-0.03780722,-0.02720622,0.05730823,True,0.05099978,0.07850548,-0.04925837,-0.02293866,0.00717151,0.00654523,0.00640636,0.01052754
1980-01,0.00701821,-0.20643274,-0.10430676,True,-0.02220523,0.00520108,-0.05555873,-0.03174388,0.01645925,True,0.02550761,0.06936546,-0.04642440,-0.03198942,0.04959699,True,0.05193800,0.08358686,-0.06061827,-0.02530960,0.00721918,0.00664899,0.00643911,0.01043002
1980-02,0.00765469,-0.22676163,-0.22676163,False,-0.06525264,-0.05485064,-0.06658538,-0.04007296,-0.02926776,True,0.01505752,0.05225951,-0.05675075,-0.03983403,0.03067116,True,0.04657780,0.06646337,-0.04932114,-0.03304887,0.00786218,0.00725694,0.00706493,0.01097692
1980-03,0.00940574,-0.28145258,-0.28145258,False,-0.07956194,-0.06951152,-0.08111984,-0.05125928,-0.17303804,True,-0.03566398,-0.01365774,-0.07325719,-0.05045913,-0.04046229,True,0.03951693,0.06386674,-0.08326755,-0.06057842,0.00960835,0.00900261,0.00860620,0.01318418
1980-04,0.00928985,-0.24126353,-0.24126353,False,-0.06759103,-0.04982686,-0.07791800,-0.04592763,-0.13424179,True,-0.02445835,0.00474170,-0.07262669,-0.04189845,-0.02309186,True,0.02316837,0.07362052,-0.07157221,-0.04830853,0.00952650,0.00886861,0.00833102,0.01243467
1980-05,0.00979450,-0.25314744,-0.25314744,False,-0.08028407,-0.04751317,-0.08004198,-0.04530821,-0.19432066,True,-0.05613953,-0.01729907,-0.07892093,-0.04196112,-0.03327263,True,0.01976514,0.07076303,-0.08223962,-0.04156117,0.01003735,0.00929996,0.00882180,0.01277581
1980-06,0.00978807,-0.25070943,-0.25070943,False,-0.08035356,-0.04806417,-0.07799877,-0.04429293,-0.19164864,True,-0.05375703,-0.01908135,-0.07743043,-0.04137982,-0.03445513,True,0.02608889,0.08498430,-0.09494899,-0.05057932,0.01002485,0.00926816,0.00880048,0.01223819
1980-07,0.01031937,-0.26425987,-0.26425987,False,-0.08911816,-0.05151265,-0.07767862,-0.04595044,-0.26425987,False,-0.08911816,-0.05151265,-0.07767862,-0.04595044,-0.05205799,True,0.01878022,0.08058321,-0.09952419,-0.05189722,0.01056170,0.00980113,0.00942463,0.01273061
1980-08,0.01009369,-0.25674354,-0.25674354,False,-0.08860940,-0.05371077,-0.06699413,-0.04742924,-0.25674354,False,-0.08860940,-0.05371077,-0.06699413,-0.04742924,-0.03828708,True,0.01663537,0.07811728,-0.07806651,-0.05497322,0.01031634,0.00959181,0.00919264,0.01199588
1980-09,0.01019463,-0.25625932,-0.25625932,False,-0.08589403,-0.05225839,-0.07011402,-0.04799288,-0.25625932,False,-0.08589403,-0.05225839,-0.07011402,-0.04799288,-0.04610614,True,0.01922542,0.07946582,-0.08577855,-0.05901884,0.01041388,0.00966958,0.00931760,0.01209846
1980-10,0.01093520,-0.26037327,-0.26037327,False,-0.08385254,-0.05212788,-0.06908874,-0.05530411,-0.26037327,False,-0.08385254,-0.05212788,-0.06908874,-0.05530411,-0.06307351,True,0.01382679,0.07413190,-0.08086671,-0.07016550,0.01114960,0.01033508,0.01010654,0.01246857
1980-11,0.01211038,-0.27298289,-0.27298289,False,-0.09040775,-0.06087711,-0.05677544,-0.06492259,-0.27298289,False,-0.09040775,-0.06087711,-0.05677544,-0.06492259,-0.09872282,True,0.00191642,0.04183953,-0.06473298,-0.07774579,0.01232199,0.01123185,0.01125577,0.01320798
1980-12,0.01398125,-0.30537691,-0.30537691,False,-0.10189014,-0.06570931,-0.06154950,-0.07622796,-0.30537691,False,-0.10189014,-0.06570931,-0.06154950,-0.07622796,-0.19445579,True,-0.05022526,-0.01206357,-0.05596872,-0.07619824,0.01420442,0.01276224,0.01316218,0.01599863
1981-01,0.01344757,-0.28814462,-0.28814462,False,-0.10626862,-0.05906248,-0.04676090,-0.07605262,-0.28814462,False,-0.10626862,-0.05906248,-0.04676090,-0.07605262,-0.15608395,True,-0.04831263,0.00564290,-0.03788104,-0.07553318,0.01364688,0.01224371,0.01278993,0.01506010
1981-02,0.01275153,-0.26934923,-0.26934923,False,-0.10026603,-0.05848627,-0.03617794,-0.07441900,-0.26934923,False,-0.10026603,-0.05848627,-0.03617794,-0.07441900,-0.11692893,True,-0.03346878,0.02368567,-0.02817805,-0.07896777,0.01294641,0.01175327,0.01217978,0.01416300
1981-03,0.01257003,-0.25759335,-0.25759335,False,-0.09904624,-0.05556609,-0.02841151,-0.07456952,-0.25759335,False,-0.09904624,-0.05556609,-0.02841151,-0.07456952,-0.10273060,True,-0.03242024,0.02692786,-0.01634740,-0.08089081,0.01275869,0.01161486,0.01202393,0.01380154
1981-04,0.01209602,-0.24207252,-0.24207252,False,-0.09419111,-0.05578533,-0.01884433,-0.07325175,-0.24207252,False,-0.09419111,-0.05578533,-0.01884433,-0.07325175,-0.06848689,True,-0.01559018,0.04172502,-0.01245542,-0.08216631,0.01227152,0.01117342,0.01156758,0.01315687
1981-05,0.01155661,-0.20864893,-0.20864893,False,-0.08029837,-0.04697923,-0.01528619,-0.06608515,-0.20864893,False,-0.08029837,-0.04697923,-0.01528619,-0.06608515,-0.02312261,True,-0.00275085,0.06346359,-0.00566768,-0.07816767,0.01171761,0.01063997,0.01110966,0.01232727
1981-06,0.01115321,-0.18255497,-0.18255497,False,-0.07485615,-0.04173383,-0.00676240,-0.05920258,-0.18255497,False,-0.07485615,-0.04173383,-0.00676240,-0.05920258,0.01098428,True,0.00729933,0.07830742,-0.00040634,-0.07421613,0.01131010,0.01025095,0.01080728,0.01174713
1981-07,0.01216281,-0.18258658,-0.18258658,False,-0.07594990,-0.04255789,-0.00649739,-0.05758140,-0.18258658,False,-0.07594990,-0.04255789,-0.00649739,-0.05758140,-0.01735271,True,-0.00727011,0.05611742,0.00339918,-0.06959919,0.01232517,0.01120543,0.01197401,0.01274357
1981-08,0.01343572,-0.19585201,-0.19585201,False,-0.08762907,-0.05148669,0.00251691,-0.05925316,-0.19585201,False,-0.08762907,-0.05148669,0.00251691,-0.05925316,-0.07308146,True,-0.03997732,0.01634055,0.01548169,-0.06492639,0.01360139,0.01222269,0.01331145,0.01415840
1981-09,0.01359542,-0.17021785,-0.17021785,False,-0.07821395,-0.04532914,0.00592566,-0.05260041,-0.17021785,False,-0.07821395,-0.04532914,0.00592566,-0.05260041,-0.05428949,True,-0.03734361,0.02118394,0.02173256,-0.05986238,0.01375729,0.01216130,0.01355389,0.01418314
1981-10,0.01277450,-0.12842571,-0.12842571,False,-0.05573302,-0.03720294,0.00488384,-0.04037360,-0.12842571,False,-0.05573302,-0.03720294,0.00488384,-0.04037360,0.02008594,True,-0.00684692,0.05529252,0.02501838,-0.05337804,0.01292750,0.01138968,0.01269972,0.01334738
1981-11,0.01291746,-0.11493188,-0.11493188,False,-0.05200447,-0.03690441,0.01141755,-0.03744055,-0.11493188,False,-0.05200447,-0.03690441,0.01141755,-0.03744055,0.03514920,True,-0.00535973,0.05620580,0.03055504,-0.04625192,0.01307259,0.01151790,0.01289990,0.01330988
1981-12,0.01331466,-0.11266908,-0.11266908,False,-0.05636689,-0.04116697,0.02285438,-0.03798959,-0.11266908,False,-0.05636689,-0.04116697,0.02285438,-0.03798959,0.01804378,True,-0.01696074,0.04047295,0.03943296,-0.04490140,0.01345266,0.01175766,0.01320439,0.01366176
1982-01,0.01276002,-0.11365034,-0.11365034,False,-0.05541438,-0.04473810,0.02281339,-0.03631125,-0.11365034,False,-0.05541438,-0.04473810,0.02281339,-0.03631125,0.03850153,True,-0.01380324,0.05021685,0.04529522,-0.04320729,0.01289505,0.01126354,0.01261545,0.01322807
1982-02,0.01200598,-0.10460972,-0.10460972,False,-0.04794846,-0.04381967,0.02023821,-0.03307980,-0.10460972,False,-0.04794846,-0.04381967,0.02023821,-0.03307980,0.07368678,True,-0.00812396,0.06798394,0.05383975,-0.04001294,0.01214014,0.01066012,0.01186974,0.01241460
1982-03,0.01134570,-0.09135459,-0.09135459,False,-0.04376189,-0.04045304,0.02177814,-0.02891781,-0.09135459,False,-0.04376189,-0.04045304,0.02177814,-0.02891781,0.10596084,True,-0.00423617,0.08310454,0.06222661,-0.03513415,0.01147349,0.01006023,0.01114157,0.01179126
1982-04,0.01080503,-0.08315337,-0.08315337,False,-0.04074853,-0.03857171,0.02422018,-0.02805332,-0.08315337,False,-0.04074853,-0.03857171,0.02422018,-0.02805332,0.13151591,True,-0.00292416,0.09490378,0.07605183,-0.03651554,0.01093080,0.00975469,0.01053844,0.01128729
1982-05,0.01092816,-0.07836705,-0.07836705,False,-0.03981583,-0.03710228,0.02511120,-0.02656014,-0.07836705,False,-0.03981583,-0.03710228,0.02511120,-0.02656014,0.13320733,True,-0.00198940,0.09275062,0.07582616,-0.03338005,0.01105259,0.00980176,0.01056215,0.01124184
1982-06,0.01160817,-0.07922326,-0.07922326,False,-0.04404794,-0.03947320,0.03139792,-0.02710004,-0.07922326,False,-0.04404794,-0.03947320,0.03139792,-0.02710004,0.11325768,True,-0.00504212,0.07868118,0.07094545,-0.03132683,0.01173458,0.01037906,0.01117192,0.01195320
1982-07,0.01091549,-0.06142462,-0.06142462,False,-0.04411580,-0.03260195,0.04321876,-0.02792564,-0.06142462,False,-0.04411580,-0.03260195,0.04321876,-0.02792564,0.15130333,True,-0.00265532,0.09999590,0.08814703,-0.03418428,0.01103419,0.00981084,0.01045722,0.01113554
1982-08,0.01036622,-0.05608206,-0.05608206,False,-0.04604697,-0.03368051,0.04827374,-0.02462832,-0.05608206,False,-0.04604697,-0.03368051,0.04827374,-0.02462832,0.16785877,True,-0.01179972,0.10561711,0.10309537,-0.02905399,0.01048231,0.00948473,0.00994288,0.01055295
1982-09,0.01023213,-0.06117387,-0.06117387,False,-0.04894320,-0.04213064,0.05082721,-0.02092725,-0.06117387,False,-0.04894320,-0.04213064,0.05082721,-0.02092725,0.16510268,True,-0.01295045,0.09662555,0.10946239,-0.02803481,0.01035409,0.00939826,0.00983736,0.01032430
1982-10,0.01025343,-0.05919712,-0.05919712,False,-0.05019567,-0.04329632,0.05381923,-0.01952437,-0.05919712,False,-0.05019567,-0.04329632,0.05381923,-0.01952437,0.16205316,True,-0.01484506,0.09002028,0.11388787,-0.02700992,0.01037561,0.00940819,0.00974071,0.01033568
1982-11,0.00964611,-0.05485666,-0.05485666,False,-0.05154261,-0.04607507,0.05883293,-0.01607191,0.00697697,True,-0.03815448,-0.00895412,0.06930030,-0.01521474,0.17054679,True,-0.01680752,0.08582548,0.12462890,-0.02310007,0.00976744,0.00915808,0.00912244,0.00964452
1982-12,0.00894716,-0.05704694,-0.05704694,False,-0.05082939,-0.04830194,0.05616663,-0.01408223,0.04598836,True,-0.02807093,0.01074571,0.07606949,-0.01275591,0.17676900,True,-0.01142727,0.08333917,0.12350211,-0.01864500,0.00906112,0.00836469,0.00833179,0.00877620
1983-01,0.00943861,-0.06259025,-0.06259025,False,-0.06130073,-0.05672340,0.06613097,-0.01069709,0.01304710,True,-0.04536379,-0.01323820,0.08048609,-0.00883700,0.16148892,True,-0.03030354,0.06946422,0.13335165,-0.01102342,0.00955071,0.00888162,0.00876357,0.00904648
1983-02,0.00966595,-0.06909138,-0.06909138,False,-0.07203342,-0.06435048,0.07590453,-0.00861201,-0.01081394,True,-0.06064008,-0.03113946,0.08861002,-0.00764442,0.14524974,True,-0.04230175,0.05286879,0.14229717,-0.00761447,0.00976767,0.00912317,0.00868809,0.00911596
1983-03,0.00921865,-0.06136032,-0.06136032,False,-0.07310611,-0.06418612,0.08127350,-0.00534159,0.02603603,True,-0.05654124,-0.01646733,0.10230655,-0.00326195,0.16459837,True,-0.04269729,0.05223671,0.15914333,-0.00408438,0.00931618,0.00869851,0.00829396,0.00873283
1983-04,0.00937096,-0.05897756,-0.05897756,False,-0.07122119,-0.07571521,0.08600009,0.00195874,0.02359137,True,-0.05378061,-0.03593246,0.10646663,0.00683781,0.17866532,True,-0.02969358,0.02767750,0.17191270,0.00876870,0.00945424,0.00895658,0.00849195,0.00879444
1983-05,0.00948332,-0.05619597,-0.05619597,False,-0.07222997,-0.07766194,0.09170499,0.00199095,0.02036912,True,-0.05600925,-0.04076756,0.11055709,0.00658885,0.18275384,True,-0.02597615,0.01960513,0.17802185,0.01110301,0.00956422,0.00913706,0.00858718,0.00887920
1983-06,0.00954013,-0.05579184,-0.05579184,False,-0.07324734,-0.07984751,0.09358163,0.00372137,0.01940209,True,-0.05847284,-0.04409488,0.11298651,0.00898330,0.19890928,True,-0.02227554,0.02030659,0.18607105,0.01480717,0.00961868,0.00919492,0.00860856,0.00879472
1983-07,0.00923330,-0.03646460,-0.03646460,False,-0.06819018,-0.06969557,0.09746238,0.00395877,0.05847998,True,-0.04934850,-0.02816984,0.12409378,0.01190454,0.22918414,True,-0.01433469,0.02440597,0.20021769,0.01889516,0.00931063,0.00892606,0.00825907,0.00834372
1983-08,0.00933439,-0.03726439,-0.03726439,False,-0.06829956,-0.06970693,0.09630173,0.00444036,0.04557717,True,-0.05542312,-0.03325930,0.12193711,0.01232248,0.20087284,True,-0.02764564,0.00940166,0.19796564,0.02115118,0.00941358,0.00905242,0.00830126,0.00835598
1983-09,0.00987894,-0.05046129,-0.05046129,False,-0.07451932,-0.07967245,0.10008433,0.00364615,-0.01614019,True,-0.06944241,-0.06381626,0.11010416,0.00701431,0.16551310,True,-0.03864785,-0.00638339,0.18690244,0.02364192,0.00995896,0.00961669,0.00876836,0.00897472
1983-10,0.00921072,-0.04707848,-0.04707848,False,-0.07224124,-0.07542640,0.09742832,0.00316084,0.03946403,True,-0.05850547,-0.03750725,0.12306661,0.01241014,0.17619529,True,-0.03271740,-0.00237314,0.18885733,0.02242850,0.00929358,0.00905314,0.00820177,0.00861485
1983-11,0.00924238,-0.04953032,-0.04953032,False,-0.07018829,-0.07736028,0.09283301,0.00518525,0.03605372,True,-0.05491915,-0.03918552,0.11454537,0.01561301,0.17749474,True,-0.02972425,0.00041461,0.17540678,0.03139761,0.00932874,0.00915536,0.00824879,0.00898295
1983-12,0.00883109,-0.05611804,-0.05611804,False,-0.06508497,-0.07923702,0.08119099,0.00701295,0.04460788,True,-0.04791504,-0.03413144,0.10571991,0.02093445,0.17137383,True,-0.03576525,0.00327395,0.16391758,0.03994755,0.00891541,0.00873708,0.00786024,0.00860124
1984-01,0.00900499,-0.06235644,-0.06235644,False,-0.06778878,-0.08399580,0.07963516,0.00979298,0.03106998,True,-0.05030885,-0.04289241,0.09948598,0.02478525,0.15968762,True,-0.03305559,-0.00918973,0.15101284,0.05092009,0.00908926,0.00893419,0.00797752,0.00877807
1984-02,0.00999667,-0.06362626,-0.06362626,False,-0.07415800,-0.08974941,0.08477669,0.01550447,-0.05758475,True,-0.07315359,-0.08684696,0.08593441,0.01648139,0.15095400,True,-0.04421630,-0.00903707,0.14181520,0.06239217,0.01007919,0.00984225,0.00881822,0.00989033
1984-03,0.01034105,-0.06982045,-0.06982045,False,-0.07459679,-0.09244066,0.08022574,0.01699126,-0.06982045,False,-0.07459679,-0.09244066,0.08022574,0.01699126,0.11555525,True,-0.04954040,-0.02262410,0.12512960,0.06259014,0.01042295,0.01018208,0.00916342,0.01024300
1984-04,0.01013522,-0.07317640,-0.07317640,False,-0.07265528,-0.09136684,0.07336212,0.01748360,-0.07317640,False,-0.07265528,-0.09136684,0.07336212,0.01748360,0.11143767,True,-0.05266846,-0.01687801,0.11387257,0.06711158,0.01021399,0.00995279,0.00893212,0.01006765
1984-05,0.01028670,-0.08997322,-0.08997322,False,-0.07721543,-0.10133111,0.06865880,0.01991452,-0.08997322,False,-0.07721543,-0.10133111,0.06865880,0.01991452,0.08910460,True,-0.05477862,-0.02836618,0.10350624,0.06874315,0.01036737,0.01010002,0.00911971,0.01037146
1984-06,0.01011754,-0.10105630,-0.10105630,False,-0.08000281,-0.10492517,0.06645867,0.01741301,-0.10105630,False,-0.08000281,-0.10492517,0.06645867,0.01741301,0.07027516,True,-0.05524175,-0.03524189,0.09387982,0.06687898,0.01020292,0.01005332,0.00897871,0.01046616
1984-07,0.00865705,-0.08345950,-0.08345950,False,-0.06974610,-0.08624305,0.05754557,0.01498408,0.01940863,True,-0.04245768,-0.03372040,0.06704863,0.02853808,0.09580553,True,-0.04304180,-0.01089740,0.07799841,0.07174632,0.00874352,0.00860210,0.00765562,0.00905284
1984-08,0.00820895,-0.08372036,-0.08372036,False,-0.06677400,-0.08168574,0.05129927,0.01344011,0.02912531,True,-0.02772931,-0.02103015,0.05253998,0.02534479,0.08455189,True,-0.03843808,0.00054684,0.06722848,0.05521465,0.00829713,0.00820714,0.00723545,0.00859834
1984-09,0.00831940,-0.09436956,-0.09436956,False,-0.06759488,-0.08727280,0.04644871,0.01404942,0.00940950,True,-0.03289843,-0.03290655,0.05548404,0.01973043,0.05356777,True,-0.04251325,-0.00644647,0.05743178,0.04509571,0.00840852,0.00841267,0.00737186,0.00866546
1984-10,0.00850901,-0.09446469,-0.09446469,False,-0.06771158,-0.08698461,0.04400772,0.01622377,0.00477756,True,-0.03283840,-0.03448216,0.05004047,0.02205765,0.04739382,True,-0.04253076,-0.00753333,0.05132110,0.04613681,0.00860331,0.00863328,0.00763078,0.00903834
1984-11,0.00803907,-0.09185728,-0.09185728,False,-0.06458116,-0.08030576,0.03743339,0.01559625,0.01644806,True,-0.02215297,-0.02140610,0.04057087,0.01943626,0.04846788,True,-0.02713680,0.00399124,0.04746637,0.02414708,0.00813569,0.00820438,0.00727875,0.00846328
1984-12,0.00805619,-0.09380878,-0.09380878,False,-0.06392216,-0.07980915,0.03357285,0.01634968,0.01452061,True,-0.02214382,-0.02010267,0.03603211,0.02073499,0.04518563,True,-0.02633033,0.00329995,0.04226881,0.02594721,0.00815647,0.00822299,0.00739077,0.00860863
1985-01,0.00783718,-0.09509778,-0.09509778,False,-0.06021543,-0.07865414,0.02819859,0.01557321,0.01673012,True,-0.01483728,-0.01866114,0.03049167,0.01973687,0.04311823,True,-0.02125692,0.00389900,0.03569960,0.02477655,0.00794035,0.00806138,0.00724098,0.00836353
1985-02,0.00759314,-0.09246971,-0.09246971,False,-0.05943737,-0.07626341,0.02810318,0.01512788,0.02490400,True,-0.01795156,-0.01362014,0.03568671,0.02078899,0.04702663,True,-0.02018034,0.00503227,0.04009373,0.02208098,0.00769233,0.00784461,0.00702305,0.00779116
1985-03,0.00769733,-0.09945207,-0.09945207,False,-0.06161832,-0.07929455,0.02633352,0.01512728,0.01598954,True,-0.02062226,-0.01743710,0.03211013,0.02193876,0.03595371,True,-0.02151241,0.00378107,0.02912424,0.02456081,0.00779840,0.00797175,0.00712400,0.00783536
1985-04,0.00787596,-0.10109184,-0.10109184,False,-0.06133560,-0.08138778,0.02553485,0.01609669,0.01046890,True,-0.01356114,-0.02527768,0.02391801,0.02538971,0.03286099,True,-0.01713709,-0.02138522,0.02641854,0.04496476,0.00797934,0.00811512,0.00729116,0.00814136
1985-05,0.00809618,-0.10961941,-0.10961941,False,-0.06401186,-0.08602192,0.02379348,0.01662089,-0.00118573,True,-0.01622742,-0.03097376,0.02038639,0.02562905,0.02367885,True,-0.00928299,-0.02325400,0.02319473,0.03302111,0.00820053,0.00831632,0.00748190,0.00838618
1985-06,0.00771624,-0.10298293,-0.10298293,False,-0.06075901,-0.07977844,0.02146655,0.01608796,0.01690203,True,-0.00580071,-0.02071984,0.01725873,0.02616385,0.03751136,True,0.00896600,-0.02151553,0.02298730,0.02707359,0.00781966,0.00792994,0.00717643,0.00800387
1985-07,0.00653958,-0.08151577,-0.00201895,True,-0.02304023,-0.02244872,0.02255110,0.02091891,0.05214091,True,0.01053667,-0.00703751,0.02442186,0.02421989,0.07157176,True,0.01746125,-0.00602064,0.03762147,0.02250968,0.00664831,0.00672037,0.00618514,0.00690293
1985-08,0.00648417,-0.08035185,0.00071784,True,-0.02228054,-0.01763757,0.01851651,0.02211944,0.05255306,True,0.00736169,-0.00097321,0.02015520,0.02600938,0.07105685,True,0.01002876,0.00208200,0.03694464,0.02200145,0.00658485,0.00657188,0.00604428,0.00688172
1985-09,0.00651569,-0.08006176,0.00131350,True,-0.02631508,-0.01439627,0.02121001,0.02081484,0.05106338,True,0.00310470,0.00057205,0.02279485,0.02459178,0.06616505,True,-0.00511439,-0.00382167,0.05316334,0.02193777,0.00660874,0.00654696,0.00603324,0.00700376
1985-10,0.00669024,-0.08577541,-0.01186561,True,-0.03211265,-0.02059967,0.01985741,0.02098930,0.04165697,True,0.00212568,-0.00574363,0.02066185,0.02461306,0.05757370,True,0.00088480,-0.01346125,0.05020481,0.01994535,0.00677999,0.00672232,0.00616459,0.00711453
1985-11,0.00677400,-0.08947314,-0.01883212,True,-0.03832346,-0.02436729,0.02271878,0.02113985,0.03663263,True,-0.01413482,-0.00714205,0.03101071,0.02689881,0.05461771,True,-0.02263848,-0.00500459,0.05845189,0.02380889,0.00685251,0.00667534,0.00614370,0.00707882
1985-12,0.00621130,-0.07806148,0.00977444,True,-0.02572216,-0.00649098,0.02012572,0.02186186,0.05435767,True,-0.01273463,0.00801988,0.02961376,0.02945866,0.06512529,True,-0.02290248,0.00832749,0.05015865,0.02954163,0.00628889,0.00627572,0.00574393,0.00676023
1986-01,0.00576098,-0.08029628,0.01470631,True,-0.01692869,-0.00550132,0.01402611,0.02311022,0.05275453,True,-0.01071335,0.00829249,0.02540824,0.02976715,0.06196560,True,-0.01339604,0.00659963,0.03658834,0.03217367,0.00583594,0.00589680,0.00542277,0.00635967
1986-02,0.00543809,-0.07370804,0.02708952,True,-0.01731434,0.00621891,0.01432287,0.02386208,0.06161278,True,-0.01875438,0.02012167,0.02982487,0.03042062,0.06959145,True,-0.03872756,0.02049152,0.05667178,0.03115571,0.00550835,0.00550808,0.00517267,0.00612075
1986-03,0.00517291,-0.06448517,0.04433544,True,-0.01072195,0.01461794,0.01526116,0.02517829,0.07806385,True,-0.01292572,0.02393942,0.03517747,0.03187267,0.08861058,True,-0.03386036,0.02915256,0.05652743,0.03679095,0.00524081,0.00518031,0.00493699,0.00580976
1986-04,0.00504116,-0.06665266,0.04351273,True,-0.01354670,0.02140391,0.00742272,0.02823280,0.07813872,True,-0.02761724,0.03333614,0.03565835,0.03676145,0.08951999,True,-0.03862691,0.03372766,0.05486989,0.03954935,0.00510836,0.00502692,0.00488735,0.00566211
1986-05,0.00509514,-0.06801433,0.03928385,True,-0.01264819,0.01978399,0.00036641,0.03178164,0.07692365,True,-0.02767269,0.03333973,0.02846233,0.04279427,0.08956293,True,-0.04070093,0.04400636,0.03749350,0.04876400,0.00516044,0.00511127,0.00493588,0.00564891
1986-06,0.00513774,-0.07212936,0.03671748,True,-0.01452400,0.01971159,0.00022508,0.03130482,0.07656588,True,-0.02510652,0.02829715,0.02941598,0.04395926,0.08739368,True,-0.06287676,0.04422361,0.05374184,0.05230499,0.00520330,0.00516950,0.00497454,0.00568250
1986-07,0.00468908,-0.06011995,0.05724021,True,-0.01615154,0.02774112,0.01133246,0.03431816,0.09288023,True,-0.02175417,0.03536839,0.03095985,0.04830617,0.10131125,True,-0.03551405,0.04086195,0.04158320,0.05438015,0.00475808,0.00465897,0.00454752,0.00531479
1986-08,0.00501337,-0.05724545,0.06503748,True,-0.01661739,0.02639582,0.01802267,0.03723638,0.10781654,True,-0.01804201,0.03295066,0.03216514,0.06074275,0.11833563,True,-0.02961533,0.03758630,0.04087566,0.06948900,0.00509174,0.00497340,0.00488782,0.00576423
1986-09,0.00541886,-0.06589415,0.05125752,True,-0.02711730,0.02120039,0.01653004,0.04064439,0.10150354,True,-0.02974669,0.03416012,0.03009742,0.06699270,0.11979481,True,-0.06426620,0.04091017,0.05838624,0.08476460,0.00549444,0.00533498,0.00526679,0.00621013
1986-10,0.00575201,-0.07674229,0.03680619,True,-0.03332017,0.01513773,0.01172168,0.04326695,0.09582544,True,-0.02967891,0.03057337,0.02207821,0.07285277,0.12429149,True,-0.06074074,0.03922402,0.04118284,0.10462536,0.00584366,0.00561653,0.00555438,0.00643292
1986-11,0.00562229,-0.07940042,0.03810960,True,-0.03620119,0.01254096,0.01603629,0.04573354,0.09604075,True,-0.03720949,0.02891486,0.02735531,0.07698007,0.12556058,True,-0.04974175,0.02129415,0.04376087,0.11024730,0.00571616,0.00550008,0.00543846,0.00629712
1986-12,0.00565772,-0.08038659,0.03699890,True,-0.03896326,0.01013594,0.01825910,0.04756712,0.09759411,True,-0.03879741,0.02794718,0.02996149,0.07848285,0.13139298,True,-0.05355880,0.01704660,0.05042677,0.11747842,0.00574984,0.00553872,0.00545409,0.00626550
1987-01,0.00576297,-0.08102207,0.03601566,True,-0.03971734,0.00861640,0.01818131,0.04893530,0.09922173,True,-0.03900555,0.02676216,0.03104439,0.08042072,0.13690614,True,-0.05387474,0.01468047,0.05502674,0.12107367,0.00585453,0.00563753,0.00552466,0.00637974
1987-02,0.00573563,-0.08640166,0.03024005,True,-0.04117195,0.00453004,0.01731746,0.04956449,0.09240515,True,-0.04012696,0.02304174,0.02902594,0.08046444,0.12860452,True,-0.06038787,0.01131230,0.05316382,0.12451627,0.00582407,0.00564197,0.00547781,0.00632691
1987-03,0.00535489,-0.07953087,0.04672186,True,-0.03420725,0.00860636,0.01971868,0.05260407,0.10325236,True,-0.03605451,0.02218585,0.03404667,0.08307435,0.13380516,True,-0.05744071,0.00995071,0.06142000,0.11987517,0.00544195,0.00523895,0.00507606,0.00593398
1987-04,0.00566553,-0.08866732,0.02898134,True,-0.03339111,-0.00164520,0.01339208,0.05062556,0.08863623,True,-0.02925957,0.01507576,0.02376802,0.07905202,0.12671099,True,-0.06161958,0.00420137,0.04868274,0.13544646,0.00575052,0.00554503,0.00529616,0.00626783
1987-05,0.00575808,-0.09085094,0.02711825,True,-0.02780225,0.00023058,0.00700219,0.04768774,0.09036621,True,-0.01800189,0.01904095,0.01446467,0.07486248,0.13156258,True,-0.02349544,0.02212976,0.02320964,0.10971862,0.00584243,0.00567890,0.00538825,0.00629688
1987-06,0.00584724,-0.09098884,0.02536592,True,-0.02084199,0.00048730,0.00071065,0.04500996,0.08838286,True,-0.00921622,0.01840164,0.00680809,0.07238935,0.13298101,True,-0.00380409,0.03602791,-0.00349420,0.10425139,0.00593236,0.00574604,0.00544362,0.00634410
1987-07,0.00566140,-0.08796749,0.03687030,True,-0.01483775,0.00458509,0.00261172,0.04451125,0.10255946,True,0.00089741,0.02109687,0.00977926,0.07078593,0.15119221,True,0.00125556,0.03437554,0.00520808,0.11035303,0.00574559,0.00552091,0.00524147,0.00595894
1987-08,0.00559661,-0.09210957,0.03633668,True,-0.01057738,0.00530857,-0.00322184,0.04482733,0.10380452,True,0.00706751,0.02297544,0.00340460,0.07035697,0.15987927,True,0.01228954,0.04750722,-0.01408876,0.11417127,0.00567652,0.00548485,0.00517785,0.00585658
1987-09,0.00557931,-0.09026741,0.04748774,True,-0.00332690,0.01238782,-0.00500963,0.04343645,0.11881979,True,0.01808223,0.03431013,-0.00124796,0.06767540,0.16932755,True,0.03807935,0.05352648,-0.02856632,0.10628803,0.00565378,0.00552065,0.00507238,0.00581447
1987-10,0.00555511,-0.08844724,0.04905122,True,-0.00189223,0.01193218,-0.00479107,0.04380234,0.11848393,True,0.02093215,0.03223570,-0.00152468,0.06684076,0.17113699,True,0.02349779,0.05152726,-0.02233535,0.11844729,0.00562605,0.00551562,0.00506192,0.00585389
1987-11,0.00623977,-0.07207482,0.04493772,True,0.00140336,0.02185601,-0.00646609,0.02814444,0.12593480,True,0.03518537,0.04300421,0.00572382,0.04202140,0.17700168,True,0.05929814,0.08637587,-0.03005850,0.06138616,0.00776790,0.00622650,0.00579544,0.00668391
1987-12,0.00622038,-0.07070793,0.04660767,True,0.00629951,0.02639195,-0.01244910,0.02636532,0.12703619,True,0.04355800,0.04852095,-0.00494646,0.03990370,0.17889772,True,0.06907903,0.09957651,-0.04963996,0.05988214,0.00772429,0.00623017,0.00581851,0.00659069
1988-01,0.00621452,-0.06721661,0.05309821,True,0.01256794,0.03131136,-0.01694702,0.02616593,0.13593855,True,0.05238728,0.05445374,-0.01123837,0.04033590,0.19340471,True,0.09001859,0.08287824,-0.03565774,0.05616561,0.00758004,0.00621072,0.00576707,0.00644120
1988-02,0.00647909,-0.06943886,0.03871969,True,0.00982904,0.02811591,-0.02416131,0.02493605,0.12614101,True,0.05078362,0.05339647,-0.01786437,0.03982528,0.17842670,True,0.08295098,0.07892109,-0.03736119,0.05391582,0.00784723,0.00647551,0.00604479,0.00686851
1988-03,0.00635430,-0.07117041,0.04452633,True,0.01560164,0.03177626,-0.02633747,0.02348590,0.13175191,True,0.05677617,0.05743820,-0.02053140,0.03806894,0.19033085,True,0.08893675,0.08590254,-0.03677126,0.05226282,0.00763639,0.00634186,0.00586885,0.00660601
1988-04,0.00655822,-0.07568727,0.03200103,True,0.01414645,0.03131762,-0.03433632,0.02087328,0.12638624,True,0.05451620,0.06076960,-0.02522152,0.03632197,0.18974221,True,0.08864787,0.09143676,-0.04445138,0.05410896,0.00782594,0.00656086,0.00605173,0.00685868
1988-05,0.00673544,-0.07877282,0.02026020,True,0.01252452,0.02829860,-0.03965576,0.01909283,0.12026529,True,0.05600452,0.06040093,-0.03063654,0.03449638,0.18461173,True,0.09026541,0.09052088,-0.05059201,0.05441745,0.00798549,0.00670979,0.00619876,0.00709102
1988-06,0.00667005,-0.08042774,0.02157983,True,0.01666098,0.03054797,-0.04249554,0.01686643,0.11845929,True,0.05941985,0.06160939,-0.03414300,0.03157305,0.17528708,True,0.09159958,0.08606558,-0.05017333,0.04779525,0.00795084,0.00666979,0.00617473,0.00709729
1988-07,0.00622676,-0.07701157,0.04722437,True,0.02735053,0.04292861,-0.03939362,0.01633885,0.13303914,True,0.06663614,0.07121159,-0.03284500,0.02803641,0.18278075,True,0.09364648,0.09167904,-0.04677295,0.04422818,0.00745210,0.00623873,0.00578313,0.00670034
1988-08,0.00640095,-0.08137166,0.03827466,True,0.02767040,0.03906300,-0.04440886,0.01595013,0.13050122,True,0.07144893,0.06735524,-0.03745099,0.02914803,0.18239375,True,0.08901429,0.07594077,-0.03005179,0.04749049,0.00764105,0.00642534,0.00591109,0.00703174
1988-09,0.00646219,-0.08234439,0.03479432,True,0.02572630,0.03806504,-0.04449206,0.01549504,0.12962330,True,0.06961939,0.06745820,-0.03650552,0.02905123,0.17982152,True,0.08952273,0.07343404,-0.03175913,0.04862389,0.00772339,0.00651294,0.00598785,0.00720797
1988-10,0.00616681,-0.07468351,0.05491458,True,0.03533425,0.04487867,-0.04155254,0.01625419,0.14108686,True,0.07634643,0.07062549,-0.03384217,0.02795711,0.18155044,True,0.09834613,0.08293337,-0.02317751,0.02344845,0.00741207,0.00623806,0.00569521,0.00688748
1988-11,0.00622938,-0.07780603,0.04667792,True,0.03639235,0.04320041,-0.04807932,0.01516448,0.13460754,True,0.07880200,0.07049561,-0.04171072,0.02702065,0.17722536,True,0.10319197,0.07350452,-0.03212620,0.03265507,0.00747430,0.00631922,0.00572629,0.00700976
1988-12,0.00629549,-0.07821531,0.04474435,True,0.03581645,0.04355174,-0.04935439,0.01473054,0.13461410,True,0.07942184,0.07149667,-0.04313951,0.02683511,0.17999528,True,0.10140818,0.07849657,-0.03081054,0.03090107,0.00755322,0.00641452,0.00580877,0.00709912
1989-01,0.00625159,-0.07758591,0.04712219,True,0.03626493,0.04508265,-0.04827501,0.01404961,0.13603569,True,0.08030231,0.07190077,-0.04239744,0.02623005,0.18136400,True,0.10371603,0.07540096,-0.02998528,0.03223228,0.00754145,0.00636531,0.00580725,0.00716178
1989-02,0.00613388,-0.07942634,0.05117575,True,0.04044234,0.04456797,-0.04816701,0.01433246,0.13516853,True,0.08436603,0.06791669,-0.04286152,0.02574733,0.17688556,True,0.10495417,0.07566784,-0.03702529,0.03328884,0.00740396,0.00622393,0.00568600,0.00706534
1989-03,0.00605829,-0.07801693,0.05704692,True,0.04239318,0.04841406,-0.04836010,0.01459979,0.13934506,True,0.08501067,0.07244168,-0.04336210,0.02525481,0.17817048,True,0.10738877,0.07876752,-0.04095466,0.03296884,0.00732629,0.00612142,0.00561915,0.00705994
1989-04,0.00603489,-0.07767285,0.05617288,True,0.04887321,0.04906938,-0.05566081,0.01389110,0.13591914,True,0.09067567,0.07267328,-0.05202372,0.02459391,0.17185073,True,0.11119031,0.07776551,-0.04889994,0.03179484,0.00730457,0.00616414,0.00559533,0.00717138
1989-05,0.00583969,-0.07488091,0.06878469,True,0.05231416,0.05608539,-0.05274450,0.01312965,0.14690964,True,0.09034005,0.08081140,-0.04626273,0.02202092,0.17885603,True,0.10982328,0.08681208,-0.04757535,0.02979602,0.00713081,0.00592509,0.00549148,0.00698016
1989-06,0.00573617,-0.07617828,0.07055828,True,0.05388432,0.05457640,-0.05080885,0.01290641,0.14353248,True,0.09008250,0.07505219,-0.04309113,0.02148892,0.17320844,True,0.10949000,0.07970116,-0.04441219,0.02842947,0.00706803,0.00587412,0.00546929,0.00698085
1989-07,0.00583207,-0.07602479,0.06710641,True,0.04984369,0.05724418,-0.05260934,0.01262788,0.14445111,True,0.08607922,0.08066798,-0.04397497,0.02167888,0.17512385,True,0.11089145,0.08183376,-0.04770815,0.03010679,0.00719402,0.00597931,0.00558605,0.00709757
1989-08,0.00573059,-0.07387801,0.07251246,True,0.05507725,0.05930840,-0.05686410,0.01499092,0.14791455,True,0.08887463,0.08187275,-0.04738388,0.02455106,0.17769546,True,0.11161619,0.08454704,-0.04890993,0.03044217,0.00707661,0.00585539,0.00543417,0.00698400
1989-09,0.00557992,-0.07005191,0.08397555,True,0.05672432,0.06282180,-0.04999262,0.01442205,0.16034385,True,0.09072406,0.08524373,-0.03935202,0.02372808,0.19161956,True,0.11720818,0.08398185,-0.03817781,0.02860734,0.00692264,0.00572506,0.00529834,0.00694659
1989-10,0.00553330,-0.06792056,0.08685562,True,0.06189047,0.06137687,-0.05029479,0.01388308,0.16316657,True,0.09839885,0.08071382,-0.04000385,0.02405775,0.19571171,True,0.12536532,0.08048012,-0.03855172,0.02841800,0.00694698,0.00569820,0.00534850,0.00704206
1989-11,0.00582415,-0.06510840,0.08871465,True,0.06071043,0.07056461,-0.05304419,0.01048379,0.17743817,True,0.09636811,0.09999463,-0.04057992,0.02165535,0.22182734,True,0.12997882,0.09925835,-0.03724002,0.02983018,0.00724649,0.00595155,0.00568773,0.00747939
1989-12,0.00586087,-0.06594785,0.08617152,True,0.05753471,0.07070143,-0.05294932,0.01088470,0.17559837,True,0.09698170,0.10094116,-0.04377855,0.02145407,0.22210398,True,0.13517674,0.10535759,-0.04424729,0.02581694,0.00732118,0.00599325,0.00577983,0.00760286
1990-01,0.00610337,-0.06273542,0.07906836,True,0.05466606,0.07112352,-0.05742942,0.01070821,0.17252410,True,0.09573248,0.10255089,-0.04801042,0.02225114,0.22198114,True,0.14115097,0.10981667,-0.05318033,0.02419383,0.00761595,0.00623266,0.00598019,0.00789673
1990-02,0.00636184,-0.05871123,0.07143123,True,0.04770386,0.07474493,-0.05902325,0.00800568,0.16990673,True,0.09162230,0.10973465,-0.05166079,0.02021057,0.22767798,True,0.14092912,0.12183201,-0.05558805,0.02050491,0.00790516,0.00643158,0.00620283,0.00822646
1990-03,0.00626731,-0.05932135,0.07696732,True,0.05248235,0.07788016,-0.06221729,0.00882211,0.17671820,True,0.09530577,0.11539086,-0.05490310,0.02092466,0.24073639,True,0.14790356,0.12524533,-0.05555198,0.02313948,0.00781691,0.00634267,0.00613729,0.00797150
1990-04,0.00611122,-0.05771764,0.08784164,True,0.05481867,0.08025651,-0.05676879,0.00953526,0.18643079,True,0.09601532,0.11823813,-0.04883353,0.02101086,0.25107331,True,0.14220855,0.13246567,-0.04703108,0.02343018,0.00763120,0.00617945,0.00598132,0.00775689
1990-05,0.00607153,-0.05731039,0.09359493,True,0.05705848,0.07902059,-0.05373918,0.01125503,0.19338002,True,0.09635186,0.11696502,-0.04454012,0.02460326,0.25552608,True,0.13034322,0.14160112,-0.05367803,0.03725978,0.00759972,0.00610136,0.00592576,0.00765642
1990-06,0.00579688,-0.05608087,0.11461395,True,0.05957952,0.09003778,-0.04553333,0.01052998,0.21795231,True,0.09320239,0.13502721,-0.03344313,0.02316584,0.28662192,True,0.10895206,0.17954556,-0.03617083,0.03429512,0.00728997,0.00578496,0.00563936,0.00737107
1990-07,0.00532544,-0.03199194,0.16125362,True,0.06550664,0.11536428,-0.03248276,0.01286546,0.25773801,True,0.09968864,0.15724324,-0.02401926,0.02482539,0.32180261,True,0.12143896,0.18266409,-0.01421306,0.03191262,0.00680790,0.00520632,0.00500386,0.00692437
1990-08,0.00588368,-0.03874634,0.13276488,True,0.06107281,0.10600205,-0.04419918,0.00988920,0.23970000,True,0.09669495,0.15067300,-0.02974675,0.02207880,0.30847913,True,0.11956657,0.18188231,-0.01977065,0.02680090,0.00739089,0.00573397,0.00548041,0.00754868
1990-09,0.00666015,-0.04290290,0.08463464,True,0.05154631,0.08358497,-0.05528390,0.00478725,0.21321471,True,0.08145289,0.14582167,-0.02972567,0.01566582,0.31219993,True,0.12082795,0.20263493,-0.03900457,0.02774163,0.00819880,0.00654536,0.00617298,0.00832545
1990-10,0.00700206,-0.04021486,0.06134008,True,0.04362839,0.07291783,-0.05805522,0.00284908,0.20884905,True,0.08055888,0.14667466,-0.03162409,0.01323961,0.32330175,True,0.12670604,0.21528005,-0.04298341,0.02429907,0.00863568,0.00699314,0.00656539,0.00888908
1990-11,0.00673836,-0.07951903,0.04406963,True,0.03567592,0.05544343,-0.04964886,0.00259914,0.17542149,True,0.07454365,0.11632715,-0.02904909,0.01359977,0.26217805,True,0.09602403,0.17448660,-0.03443187,0.02609929,0.00693895,0.00680323,0.00666943,0.00888434
1990-12,0.00638906,-0.07268207,0.07150860,True,0.03767064,0.06743867,-0.03521925,0.00161853,0.18571409,True,0.07375983,0.11737562,-0.02007081,0.01464945,0.25343070,True,0.09495347,0.16818205,-0.02900857,0.01930375,0.00657838,0.00642021,0.00636726,0.00778901
1991-01,0.00595432,-0.06485708,0.10402790,True,0.04700031,0.07735637,-0.02217023,0.00184145,0.20634726,True,0.08441514,0.11904747,-0.01160271,0.01448737,0.25551322,True,0.10010228,0.15468145,-0.02001524,0.02074473,0.00616778,0.00601994,0.00617128,0.00730443
1991-02,0.00558995,-0.04873057,0.13301128,True,0.05695517,0.07913330,-0.00476167,0.00168449,0.22115800,True,0.10018346,0.11098231,-0.00072896,0.01072119,0.25938079,True,0.10874948,0.13462149,0.00029564,0.01571417,0.00576892,0.00570020,0.00583367,0.00662536
1991-03,0.00564729,-0.03805199,0.14161769,True,0.05765250,0.08360400,-0.00164826,0.00200946,0.22608596,True,0.09739661,0.11356835,0.00551865,0.00960235,0.27030826,True,0.11177651,0.13925023,0.00179064,0.01749087,0.00582072,0.00574775,0.00575326,0.00657611
1991-04,0.00567955,-0.02714421,0.15034422,True,0.05299432,0.08775088,0.00966316,-0.00006415,0.23058212,True,0.09263172,0.11603943,0.01408418,0.00782679,0.26201033,True,0.07732631,0.12047545,0.03059121,0.03361737,0.00584834,0.00571391,0.00575295,0.00633468
1991-05,0.00576884,-0.02875464,0.14554782,True,0.05065884,0.08928067,0.00676431,-0.00115600,0.22661303,True,0.09229086,0.11900754,0.00773616,0.00757848,0.25378294,True,0.11122349,0.12605078,0.00160638,0.01490228,0.00593405,0.00578817,0.00583857,0.00642023
1991-06,0.00554447,-0.01552608,0.16889958,True,0.05458128,0.09853034,0.01258748,0.00320049,0.24654034,True,0.09639285,0.12612551,0.00982715,0.01419482,0.26926603,True,0.08477709,0.12558539,0.02686090,0.03204265,0.00570328,0.00553936,0.00555956,0.00602914
1991-07,0.00557292,-0.01365093,0.17443034,True,0.05342390,0.10114252,0.01609702,0.00376689,0.25767036,True,0.09029998,0.13178623,0.01914706,0.01643708,0.28973385,True,0.08443097,0.13595633,0.03353478,0.03581177,0.00573594,0.00559531,0.00555535,0.00616823
1991-08,0.00560742,-0.01802713,0.16513475,True,0.05121185,0.09857796,0.01416825,0.00117669,0.24999080,True,0.09123969,0.13018390,0.01603693,0.01253028,0.27946004,True,0.12374409,0.13248543,0.00933232,0.01389820,0.00576922,0.00562459,0.00557129,0.00597890
1991-09,0.00565887,-0.02055187,0.15640387,True,0.05295634,0.09448836,0.00959381,-0.00063464,0.24109138,True,0.09418106,0.13122137,0.00957342,0.00611553,0.27187790,True,0.12427213,0.12850583,0.00193682,0.01716312,0.00581636,0.00562489,0.00557127,0.00595310
1991-10,0.00576840,-0.01826920,0.15443916,True,0.05081199,0.09502448,0.00935552,-0.00075283,0.24020282,True,0.09035234,0.13246623,0.01078215,0.00660209,0.27613714,True,0.11795020,0.14078076,0.00404011,0.01336607,0.00593016,0.00572318,0.00565926,0.00600518
1991-11,0.00570607,-0.01623908,0.15712829,True,0.05443768,0.09533516,0.00993437,-0.00257892,0.23977061,True,0.09619792,0.13177709,0.01093083,0.00086477,0.27487888,True,0.12968622,0.14859925,0.00029814,-0.00370473,0.00587517,0.00571749,0.00564601,0.00600640
1991-12,0.00564342,-0.01469444,0.15842507,True,0.05545710,0.09285478,0.01209740,-0.00198422,0.23921533,True,0.09736325,0.12526648,0.01579270,0.00079290,0.27739602,True,0.10986983,0.14767885,0.01558139,0.00426595,0.00581703,0.00566180,0.00558465,0.00593428
1992-01,0.00538079,-0.00895006,0.16625802,True,0.05981335,0.09186790,0.01432339,0.00025339,0.23961593,True,0.09584971,0.12289224,0.01950509,0.00136888,0.27346274,True,0.11088880,0.14568936,0.01851049,-0.00162589,0.00554505,0.00540123,0.00532290,0.00552132
1992-02,0.00537954,-0.00164890,0.16159302,True,0.05772607,0.08948488,0.01382596,0.00055611,0.22693756,True,0.08395733,0.11588285,0.02761374,-0.00051636,0.27789045,True,0.10747014,0.14315526,0.02923484,-0.00196980,0.00553786,0.00537185,0.00528097,0.00526778
1992-03,0.00532368,-0.00119872,0.16656632,True,0.05618604,0.09165158,0.01692974,0.00179896,0.23723637,True,0.08151158,0.12072659,0.03401716,0.00098104,0.30467742,True,0.11432894,0.15373590,0.03634023,0.00027236,0.00547681,0.00527359,0.00517143,0.00508517
1992-04,0.00534688,0.00338991,0.16910733,True,0.05679656,0.09235969,0.01822865,0.00172244,0.23973137,True,0.08135794,0.12277275,0.03548954,0.00011115,0.30521069,True,0.11940832,0.15593299,0.03583220,-0.00596281,0.00550439,0.00530928,0.00520452,0.00504100
1992-05,0.00571322,0.01112645,0.16494553,True,0.05382488,0.09302727,0.01678100,0.00131236,0.24426621,True,0.08353442,0.12801084,0.03273458,-0.00001362,0.31908057,True,0.13098589,0.16420799,0.02970900,-0.00582231,0.00587286,0.00568872,0.00561026,0.00531128
1992-06,0.00595696,0.01832713,0.16293861,True,0.05508349,0.09097942,0.01356980,0.00330589,0.24608212,True,0.08909590,0.12670430,0.02754671,0.00273520,0.32519539,True,0.12525887,0.17206940,0.02954234,-0.00167521,0.00611201,0.00588567,0.00581823,0.00532928
1992-07,0.00565476,0.01928897,0.17611909,True,0.05777223,0.09666648,0.01785554,0.00382484,0.25364177,True,0.08995502,0.13036146,0.03081555,0.00250973,0.33002066,True,0.12992307,0.17178560,0.03221443,-0.00390245,0.00581351,0.00562891,0.00555088,0.00512724
1992-08,0.00577332,0.01504769,0.16325480,True,0.05078132,0.09176227,0.01932441,0.00138680,0.24296657,True,0.08639836,0.12523129,0.03239354,-0.00105661,0.31502693,True,0.12121618,0.16668918,0.03207298,-0.00495142,0.00593466,0.00574783,0.00566134,0.00517828
1992-09,0.00601374,0.01606766,0.15357809,True,0.04687824,0.08926347,0.01763673,-0.00020036,0.23896243,True,0.08454906,0.12424962,0.03261610,-0.00245235,0.31453597,True,0.12009294,0.16750789,0.03329541,-0.00636027,0.00617919,0.00597365,0.00589950,0.00550292
1992-10,0.00600976,0.01241009,0.14490747,True,0.04352667,0.08486768,0.01930436,-0.00279125,0.22675133,True,0.08318406,0.11580064,0.03380033,-0.00603370,0.30419361,True,0.12305467,0.15770334,0.03317928,-0.00974369,0.00617408,0.00595038,0.00588421,0.00543146
1992-11,0.00579020,0.01125534,0.14401984,True,0.04611451,0.08256390,0.01983536,-0.00449393,0.21959700,True,0.08676661,0.11045976,0.03014303,-0.00777240,0.29750481,True,0.11734465,0.15406472,0.03635558,-0.01026014,0.00592139,0.00572647,0.00565117,0.00520589
1992-12,0.00550515,0.01138171,0.14984219,True,0.04936375,0.08166350,0.02327562,-0.00446068,0.21892132,True,0.08791818,0.10666145,0.03315106,-0.00880937,0.29686912,True,0.12696657,0.14599209,0.03684122,-0.01293076,0.00563148,0.00543060,0.00534214,0.00472675
1993-01,0.00549539,0.01173580,0.14958424,True,0.05120834,0.08185737,0.02235518,-0.00583666,0.21958396,True,0.09094677,0.10704358,0.03140851,-0.00981490,0.29653835,True,0.12500922,0.14724813,0.03837327,-0.01409227,0.00562304,0.00544152,0.00533987,0.00475178
1993-02,0.00564012,0.00868554,0.14261808,True,0.05091060,0.07847363,0.01943669,-0.00620283,0.21458407,True,0.09035672,0.10364942,0.03107984,-0.01050191,0.28791441,True,0.11927973,0.13971320,0.04477993,-0.01585845,0.00576780,0.00549838,0.00541402,0.00475008
1993-03,0.00595941,0.01488891,0.13837641,True,0.04613020,0.07894889,0.02103523,-0.00773790,0.20971877,True,0.08369752,0.10221102,0.03577556,-0.01196533,0.27511363,True,0.12743099,0.12388676,0.04603420,-0.02223832,0.00609244,0.00580803,0.00571892,0.00501316
1993-04,0.00602123,0.01461668,0.13402518,True,0.04558708,0.07533299,0.02013362,-0.00702851,0.20687111,True,0.08373120,0.09738898,0.03479799,-0.00904706,0.27251966,True,0.12997132,0.11598102,0.04465893,-0.01809161,0.00615556,0.00588547,0.00578780,0.00505338
1993-05,0.00636736,0.01567347,0.11882121,True,0.04138877,0.07180442,0.01471424,-0.00908622,0.19871180,True,0.08089737,0.09831577,0.02991433,-0.01041568,0.27232946,True,0.12421274,0.11945403,0.04768510,-0.01902241,0.00650158,0.00616356,0.00603053,0.00534707
1993-06,0.00620805,0.01580172,0.12535131,True,0.04476886,0.07398197,0.01511809,-0.00851761,0.20226014,True,0.08458439,0.09894935,0.02858814,-0.00986175,0.27424531,True,0.12581018,0.11858287,0.04871010,-0.01885784,0.00634339,0.00604575,0.00590074,0.00513670
1993-07,0.00605627,0.01162954,0.12646800,True,0.04900106,0.07158147,0.01465355,-0.00876808,0.20054084,True,0.08980278,0.09460236,0.02561740,-0.00948171,0.27810147,True,0.12149505,0.11988595,0.05641999,-0.01969952,0.00619377,0.00589131,0.00576253,0.00495076
1993-08,0.00609430,0.01403256,0.12842078,True,0.04669373,0.07216129,0.01763373,-0.00806798,0.20446358,True,0.08541402,0.09685545,0.02999607,-0.00780197,0.28175691,True,0.11466633,0.12396390,0.06078484,-0.01765817,0.00623559,0.00589320,0.00577795,0.00502336
1993-09,0.00585932,0.01405073,0.13467999,True,0.04889139,0.07237390,0.02233347,-0.00891877,0.20707341,True,0.08598770,0.09321583,0.03655760,-0.00868772,0.27615377,True,0.11706911,0.10918865,0.06994783,-0.02005182,0.00599241,0.00556754,0.00549867,0.00498385
1993-10,0.00589682,0.01112830,0.12899914,True,0.04729931,0.07059487,0.02026892,-0.00916396,0.20213032,True,0.08376595,0.09030875,0.03602520,-0.00796958,0.27021722,True,0.11396295,0.10746214,0.06866718,-0.01987505,0.00603079,0.00557851,0.00550754,0.00507106
1993-11,0.00563748,0.01144073,0.14157828,True,0.04827416,0.07480829,0.02441253,-0.00591670,0.21442411,True,0.07746274,0.09736345,0.04394724,-0.00434932,0.27625242,True,0.09934634,0.11692469,0.07680094,-0.01681956,0.00577038,0.00531015,0.00522014,0.00484024
1993-12,0.00536760,0.01211499,0.15275896,True,0.05277568,0.07543172,0.02618996,-0.00163840,0.22262854,True,0.07622977,0.09784074,0.04858993,-0.00003190,0.28427073,True,0.09748341,0.11797915,0.08078354,-0.01197537,0.00550245,0.00509740,0.00501005,0.00459768
1994-01,0.00524990,0.01354968,0.16560197,True,0.05206910,0.07896290,0.03007427,0.00449571,0.23324350,True,0.07086457,0.09997705,0.05464776,0.00775412,0.29511311,True,0.08539083,0.12542975,0.08832047,-0.00402794,0.00538534,0.00500988,0.00491328,0.00458592
1994-02,0.00511935,0.01220742,0.16909634,True,0.05365944,0.08149856,0.02559156,0.00834677,0.23299035,True,0.07114639,0.09944922,0.05031144,0.01208330,0.28974033,True,0.08625719,0.11809742,0.08583600,-0.00045029,0.00524714,0.00490211,0.00484089,0.00453135
1994-03,0.00493178,0.01517015,0.18050959,True,0.05173657,0.08218103,0.03069650,0.01589550,0.24208146,True,0.06736334,0.10119002,0.05330372,0.02022438,0.29404624,True,0.07541628,0.11580077,0.09618467,0.00664453,0.00505682,0.00473160,0.00469547,0.00445139
1994-04,0.00494254,0.01146599,0.17861474,True,0.05456368,0.07953089,0.02721611,0.01730406,0.23935435,True,0.07039480,0.09867192,0.04939617,0.02089145,0.29636466,True,0.08718803,0.10872185,0.08712073,0.01333406,0.00506283,0.00473714,0.00468598,0.00453375
1994-05,0.00505692,0.01295923,0.18053942,True,0.05403924,0.08419825,0.02414297,0.01815896,0.24667406,True,0.06880205,0.10814089,0.04628042,0.02345070,0.30837006,True,0.08976946,0.11427726,0.08943588,0.01488745,0.00518332,0.00491302,0.00480942,0.00467474
1994-06,0.00496528,0.01223170,0.18284475,True,0.05536250,0.08256174,0.02185471,0.02306579,0.24794714,True,0.06977516,0.10637051,0.04232890,0.02947256,0.30781098,True,0.08118554,0.12019232,0.08568447,0.02074865,0.00508274,0.00481471,0.00473729,0.00460302
1994-07,0.00484871,0.01183385,0.18762256,True,0.05537431,0.08535759,0.02388620,0.02300447,0.25446110,True,0.06738479,0.11022322,0.04661329,0.03023981,0.32082446,True,0.07399380,0.12496102,0.09782793,0.02404170,0.00496291,0.00469281,0.00462600,0.00447343
1994-08,0.00486323,0.01252674,0.18449139,True,0.05634182,0.08189799,0.02330788,0.02294370,0.24835355,True,0.06858824,0.10469817,0.04474483,0.03032231,0.31246385,True,0.07531101,0.12015133,0.09475066,0.02225085,0.00498262,0.00469804,0.00462938,0.00452578
1994-09,0.00457154,0.01046114,0.18565411,True,0.05871373,0.07940096,0.02437908,0.02316034,0.24756580,True,0.07294267,0.09891237,0.04596302,0.02974773,0.31449706,True,0.08070498,0.10965110,0.09994741,0.02419357,0.00468727,0.00446317,0.00442340,0.00442754
1994-10,0.00457756,0.01162860,0.18575084,True,0.06069051,0.07935827,0.02190551,0.02379655,0.24638292,True,0.07794900,0.09668122,0.03996543,0.03178727,0.31274301,True,0.08757061,0.10692015,0.09191447,0.02633778,0.00469225,0.00445973,0.00442897,0.00446365
1994-11,0.00476943,0.01232060,0.17703362,True,0.05862637,0.07654428,0.01955362,0.02230935,0.23534092,True,0.07508364,0.09188697,0.03718638,0.03118393,0.29747366,True,0.08733868,0.10043995,0.08524728,0.02444775,0.00488168,0.00463505,0.00460150,0.00467762
1994-12,0.00478952,0.01555996,0.17910200,True,0.05767767,0.08070138,0.02007021,0.02065275,0.23583640,True,0.07224402,0.09535406,0.03869431,0.02954402,0.29823941,True,0.08248093,0.09983921,0.09295325,0.02296602,0.00489951,0.00460597,0.00459606,0.00473289
1995-01,0.00463042,0.01360500,0.17836998,True,0.05866883,0.07925786,0.01978029,0.02066299,0.23159457,True,0.07121836,0.09339572,0.03743513,0.02954536,0.28860784,True,0.07853896,0.09305652,0.09233431,0.02467805,0.00473439,0.00446047,0.00446783,0.00464774
1995-02,0.00448971,0.00769111,0.17823835,True,0.06126285,0.08287819,0.01988267,0.01421465,0.23034473,True,0.06966482,0.09782346,0.04141609,0.02144036,0.27856255,True,0.07726425,0.09067683,0.09344592,0.01717556,0.00459443,0.00430806,0.00435981,0.00467383
1995-03,0.00443425,0.00679899,0.18254674,True,0.06354400,0.08392360,0.02145963,0.01361951,0.23723299,True,0.07046427,0.10217392,0.04291918,0.02167562,0.27896519,True,0.07328591,0.09989020,0.08338647,0.02240261,0.00453612,0.00424662,0.00428405,0.00463248
1995-04,0.00446735,0.00574966,0.18270324,True,0.06520899,0.08317158,0.01973063,0.01459204,0.24008287,True,0.07517328,0.10404000,0.03946671,0.02140288,0.28184118,True,0.06854192,0.11633909,0.06932205,0.02763813,0.00456398,0.00425605,0.00430142,0.00463982
1995-05,0.00439135,0.00197458,0.17609337,True,0.06597522,0.07805485,0.01566231,0.01640099,0.22704193,True,0.07560950,0.09457183,0.03067149,0.02618911,0.25639139,True,0.06571773,0.11764984,0.03707554,0.03594829,0.00448950,0.00412353,0.00420310,0.00466354
1995-06,0.00432271,-0.00300427,0.17057187,True,0.06307971,0.07556014,0.01600654,0.01592549,0.22049758,True,0.07155236,0.09265556,0.03188371,0.02440596,0.24537637,True,0.07176654,0.11073149,0.02186527,0.04101308,0.00442172,0.00403143,0.00410326,0.00465696
1995-07,0.00395474,-0.00063386,0.17748842,True,0.06472177,0.07415293,0.01852228,0.02009144,0.21993364,True,0.07405732,0.08899535,0.02728704,0.02959394,0.23892074,True,0.07361026,0.09793379,0.02326247,0.04411422,0.00404932,0.00368165,0.00379272,0.00429271
1995-08,0.00387026,-0.00301888,0.17395479,True,0.07049299,0.07285599,0.01193345,0.01867236,0.21621732,True,0.08432052,0.08572955,0.01724995,0.02891731,0.23530223,True,0.07785962,0.10283909,0.01747350,0.03713002,0.00396214,0.00360150,0.00369791,0.00416513
1995-09,0.00373751,-0.00142249,0.17620939,True,0.07098679,0.07488805,0.01222269,0.01811187,0.22053242,True,0.08460606,0.08976732,0.01949194,0.02666711,0.23940081,True,0.07946754,0.10389241,0.02120985,0.03483101,0.00382968,0.00347141,0.00357853,0.00410956
1995-10,0.00365850,0.00117217,0.17819876,True,0.06815744,0.07558318,0.01463030,0.01982784,0.22316448,True,0.07833865,0.09155779,0.02656084,0.02670719,0.24854057,True,0.08586575,0.10514850,0.02055111,0.03697521,0.00375040,0.00343991,0.00353724,0.00409121
1995-11,0.00374668,-0.00030066,0.17645398,True,0.06501780,0.07854312,0.01298215,0.01991091,0.22435485,True,0.07363986,0.09571858,0.02928064,0.02571577,0.25334793,True,0.09250478,0.07906223,0.05823267,0.02354825,0.00384083,0.00352094,0.00361605,0.00417326
1995-12,0.00367775,-0.00099760,0.17977811,True,0.06341200,0.08066954,0.01519210,0.02050446,0.22913336,True,0.07083194,0.09728800,0.03584900,0.02516442,0.26060850,True,0.09854357,0.08170050,0.05354589,0.02681854,0.00377493,0.00348010,0.00358570,0.00401693
1996-01,0.00385992,0.00146260,0.17892250,True,0.06243120,0.08241240,0.01607542,0.01800348,0.23058140,True,0.06888073,0.09828676,0.03793671,0.02547720,0.27207833,True,0.08769815,0.08949270,0.07322764,0.02165984,0.00396280,0.00366929,0.00380343,0.00419841
1996-02,0.00379212,0.00251301,0.18509970,True,0.06432063,0.08906863,0.01793655,0.01377389,0.23923581,True,0.07193990,0.10818488,0.04164667,0.01746436,0.28548240,True,0.07255554,0.11661539,0.09350174,0.00280972,0.00389210,0.00359055,0.00372379,0.00413958
1996-03,0.00371108,0.00076786,0.19274701,True,0.06585470,0.09675349,0.02092466,0.00921416,0.24984386,True,0.07318625,0.11778603,0.04894795,0.00992363,0.29356188,True,0.08936047,0.13755118,0.07303695,-0.00638672,0.00379507,0.00348499,0.00358432,0.00406052
1996-04,0.00379766,-0.00013343,0.19249710,True,0.06202984,0.10009284,0.02124426,0.00913016,0.25288776,True,0.06971153,0.12607482,0.04969510,0.00740631,0.30750578,True,0.08504274,0.13638685,0.08781678,-0.00174059,0.00388174,0.00361563,0.00370701,0.00407464
1996-05,0.00379661,0.00119557,0.20465972,True,0.06164045,0.10644826,0.02607942,0.01049158,0.27122906,True,0.07178651,0.13769554,0.04906993,0.01267708,0.34429876,True,0.08453259,0.17245504,0.08339512,0.00391601,0.00387188,0.00359533,0.00371291,0.00401563
1996-06,0.00375041,-0.00049186,0.20531554,True,0.06210984,0.10584799,0.02606872,0.01128900,0.27335829,True,0.07114138,0.13806759,0.05064495,0.01350437,0.35340699,True,0.07328765,0.18533068,0.08483437,0.00995429,0.00382234,0.00354297,0.00367863,0.00391388
1996-07,0.00441097,-0.00797060,0.18553746,True,0.05650061,0.09987096,0.01757536,0.01159052,0.26106430,True,0.06556081,0.13712769,0.04264936,0.01572643,0.35365009,True,0.07445551,0.18413697,0.07768513,0.01737247,0.00447336,0.00435448,0.00443874,0.00425858
1996-08,0.00455977,-0.00742249,0.16938962,True,0.04840290,0.09743716,0.01398900,0.00956057,0.23960182,True,0.05298006,0.13482300,0.03964966,0.01214910,0.32185273,True,0.06078542,0.17933011,0.06570737,0.01602982,0.00462629,0.00452889,0.00460219,0.00434477
1996-09,0.00446912,-0.00761835,0.17154957,True,0.05003727,0.09952695,0.01072659,0.01125876,0.24096184,True,0.05359368,0.13679651,0.03533141,0.01524023,0.32399112,True,0.06618251,0.18319658,0.05744191,0.01717012,0.00453003,0.00439433,0.00444145,0.00408163
1996-10,0.00435451,-0.00590598,0.17458814,True,0.04671205,0.09875575,0.01309893,0.01602140,0.24289529,True,0.04975068,0.13559943,0.03602793,0.02151725,0.32801088,True,0.06378375,0.18282014,0.05511697,0.02629002,0.00441218,0.00426421,0.00431520,0.00382030
1996-11,0.00452302,-0.00523749,0.17254747,True,0.04711603,0.09956273,0.00929123,0.01657749,0.24442584,True,0.05149276,0.13724897,0.03279499,0.02288912,0.32641092,True,0.07200014,0.17903456,0.05189756,0.02347866,0.00457865,0.00439759,0.00446943,0.00395400
1996-12,0.00444145,-0.00422264,0.17336110,True,0.04361790,0.09545523,0.01289443,0.02139354,0.24149716,True,0.04675588,0.13060483,0.03476325,0.02937319,0.31502350,True,0.05131430,0.17209981,0.06605581,0.02555357,0.00449587,0.00429823,0.00436107,0.00386527
1997-01,0.00467776,-0.00279047,0.17061806,True,0.04505776,0.09453922,0.01035090,0.02067018,0.24252508,True,0.04967581,0.12941350,0.03320725,0.03022852,0.32359582,True,0.05285627,0.16780647,0.06993666,0.03299642,0.00472788,0.00449925,0.00455735,0.00390154
1997-02,0.00468909,-0.00136740,0.17146534,True,0.04271535,0.09494650,0.01236912,0.02143438,0.24291022,True,0.05098198,0.12660436,0.03276841,0.03255547,0.31997327,True,0.05813843,0.16179561,0.05474510,0.04529413,0.00473381,0.00448618,0.00453584,0.00388692
1997-03,0.00476264,-0.00337551,0.16705098,True,0.04320706,0.09161585,0.01141660,0.02081147,0.23772726,True,0.05174757,0.12199004,0.03270852,0.03128112,0.31467433,True,0.06180511,0.14669898,0.05958274,0.04658750,0.00480343,0.00460704,0.00454624,0.00383915
1997-04,0.00484228,-0.00227513,0.16260830,True,0.04250750,0.08894005,0.01122396,0.01993679,0.23395269,True,0.05313642,0.11565022,0.03427740,0.03088866,0.31725370,True,0.06263069,0.12644619,0.08686928,0.04130755,0.00489477,0.00471561,0.00469421,0.00407100
1997-05,0.00475346,-0.00585790,0.16426140,True,0.04769804,0.08544009,0.00894973,0.02217355,0.24049547,True,0.05870061,0.11325514,0.03375765,0.03478207,0.33539049,True,0.07104517,0.12970518,0.09244852,0.04219162,0.00480315,0.00466778,0.00462333,0.00391937
1997-06,0.00481626,-0.00494419,0.16417389,True,0.05317367,0.08421502,0.00224296,0.02454224,0.24029690,True,0.06303005,0.11267899,0.02800339,0.03658447,0.33484260,True,0.07215122,0.13322368,0.08538272,0.04408499,0.00486403,0.00472915,0.00463784,0.00389500
1997-07,0.00459073,-0.00467189,0.17094811,True,0.05616545,0.08175281,0.00671339,0.02631647,0.24507457,True,0.06632509,0.10880391,0.03311243,0.03683315,0.33988443,True,0.07589644,0.12949300,0.09171081,0.04278418,0.00463846,0.00451237,0.00441901,0.00374556
1997-08,0.00450835,-0.00195373,0.17560482,True,0.05628039,0.08497740,0.00666841,0.02767862,0.24917950,True,0.06524109,0.11247135,0.03329747,0.03816960,0.34192371,True,0.07326978,0.13223440,0.09249021,0.04392932,0.00455481,0.00443339,0.00433424,0.00361780
1997-09,0.00470093,-0.00121421,0.17133501,True,0.05587698,0.08468134,0.00407106,0.02670563,0.24697521,True,0.06636937,0.11349816,0.02964409,0.03746359,0.34194828,True,0.07495283,0.13325483,0.08914048,0.04460014,0.00474810,0.00461329,0.00453615,0.00374146
1997-10,0.00458901,-0.00244572,0.17197997,True,0.05578768,0.08406437,0.00557750,0.02655042,0.24586455,True,0.06805677,0.11079616,0.02972701,0.03728461,0.34155662,True,0.08313446,0.12636140,0.08598730,0.04607346,0.00463760,0.00450538,0.00443828,0.00368178
1997-11,0.00463916,-0.00332442,0.16909162,True,0.05332482,0.08233679,0.00597008,0.02745993,0.24376707,True,0.06578990,0.10863306,0.03061695,0.03872715,0.33800834,True,0.07979582,0.12250825,0.08753832,0.04816595,0.00475018,0.00455393,0.00447732,0.00374788
1997-12,0.00454693,-0.00421084,0.17104174,True,0.05114649,0.08169726,0.01024640,0.02795159,0.24664859,True,0.06489167,0.10826734,0.03440093,0.03908864,0.34134501,True,0.08052446,0.11728885,0.09436523,0.04916646,0.00465017,0.00451124,0.00437495,0.00365834
1998-01,0.00457752,-0.00310215,0.16902116,True,0.05024042,0.08086835,0.01168033,0.02623207,0.24500866,True,0.06654821,0.10692643,0.03404488,0.03748915,0.34290378,True,0.08163726,0.11957492,0.09916423,0.04252738,0.00468199,0.00459620,0.00447547,0.00368137
1998-02,0.00440272,-0.00271866,0.17256845,True,0.04834769,0.08183174,0.01553079,0.02685822,0.24638408,True,0.06140858,0.10751724,0.03861775,0.03884050,0.34668351,True,0.07474126,0.12118149,0.10242858,0.04833219,0.00449890,0.00445154,0.00427422,0.00349412
1998-03,0.00439884,-0.00481905,0.16916862,True,0.04606538,0.08000085,0.01545579,0.02764660,0.24333186,True,0.05890093,0.10651457,0.03761633,0.04030003,0.34166927,True,0.07258650,0.11960392,0.10215982,0.04731903,0.00448830,0.00443788,0.00430095,0.00343480
1998-04,0.00435746,-0.00207496,0.17225384,True,0.04748846,0.07881204,0.01739952,0.02855381,0.24609340,True,0.06105193,0.10552736,0.03843847,0.04107564,0.34632935,True,0.07495614,0.12339936,0.09997955,0.04799430,0.00445227,0.00440635,0.00432220,0.00342467
1998-05,0.00434396,0.00287413,0.17678050,True,0.04715531,0.08033967,0.01918921,0.03009632,0.25011993,True,0.06070141,0.10678780,0.04030053,0.04233019,0.35685894,True,0.07684715,0.12861877,0.09653042,0.05486260,0.00443741,0.00439354,0.00435468,0.00339193
1998-06,0.00434909,0.00321194,0.17640188,True,0.04601688,0.07812548,0.02226409,0.02999543,0.25026439,True,0.05918695,0.10459190,0.04445452,0.04203103,0.36137297,True,0.07499607,0.12639085,0.10580424,0.05418181,0.00444110,0.00441720,0.00436355,0.00337980
1998-07,0.00406073,0.00120812,0.17315151,True,0.04240560,0.07451772,0.02559636,0.03063183,0.24250467,True,0.05359968,0.09774776,0.04762960,0.04352763,0.34758848,True,0.06725740,0.12042685,0.10796888,0.05193535,0.00415263,0.00416515,0.00414212,0.00312991
1998-08,0.00413917,0.00294707,0.17334856,True,0.04288342,0.07385221,0.02399337,0.03261957,0.24375889,True,0.05384265,0.09773386,0.04581400,0.04636838,0.35016556,True,0.06838771,0.12257723,0.10535112,0.05384950,0.00422209,0.00424894,0.00422001,0.00308613
1998-09,0.00471743,0.00227028,0.15782297,True,0.04505136,0.06829835,0.01711361,0.02735965,0.22928482,True,0.05876753,0.09327064,0.03823896,0.03900770,0.33587048,True,0.07934058,0.11798226,0.09432067,0.04422697,0.00483784,0.00482747,0.00483870,0.00372389
1998-10,0.00514909,0.00151733,0.14063089,True,0.04171785,0.06219578,0.01049627,0.02622098,0.21370746,True,0.05610700,0.08751696,0.03254182,0.03754168,0.32424041,True,0.08861592,0.11917960,0.07044553,0.04599937,0.00529314,0.00526831,0.00530089,0.00383332
1998-11,0.00520503,-0.00086798,0.12216761,True,0.03529762,0.06488544,0.01060425,0.01138030,0.18740462,True,0.04618379,0.09231184,0.03055788,0.01835112,0.28540938,True,0.07267619,0.11868487,0.06876076,0.02528756,0.00535952,0.00534334,0.00539729,0.00356248
1998-12,0.00519399,0.00392074,0.12499638,True,0.03592321,0.06818402,0.01141261,0.00947654,0.18887783,True,0.04497586,0.09505758,0.03304290,0.01580150,0.28352807,True,0.06660264,0.11782271,0.07552759,0.02357513,0.00533434,0.00532555,0.00533075,0.00348505
1999-01,0.00481012,0.00487377,0.13081289,True,0.03394215,0.06724555,0.01625226,0.01337293,0.18995222,True,0.04038202,0.09083509,0.03837431,0.02036081,0.27745039,True,0.05768596,0.10874425,0.07970611,0.03131406,0.00494599,0.00496060,0.00492944,0.00327155
1999-02,0.00414866,0.00538003,0.12927625,True,0.03252220,0.05917484,0.02192664,0.01565257,0.17808886,True,0.03717355,0.07519983,0.04350295,0.02221253,0.25244478,True,0.05469862,0.08836209,0.07428422,0.03509984,0.00426471,0.00425971,0.00423356,0.00278115
1999-03,0.00402448,0.00293921,0.12639539,True,0.02764731,0.06051868,0.02259903,0.01563037,0.17463533,True,0.03106127,0.07875582,0.04328326,0.02153498,0.24666962,True,0.04602143,0.09211544,0.07478468,0.03374807,0.00414328,0.00413001,0.00415506,0.00270758
1999-04,0.00415359,0.00795180,0.12470170,True,0.02679581,0.05484149,0.02546665,0.01759775,0.17142200,True,0.03224059,0.07056262,0.04578906,0.02282974,0.24251174,True,0.04885935,0.08379384,0.07481876,0.03503979,0.00428201,0.00427516,0.00438061,0.00280457
1999-05,0.00461238,0.01499595,0.11634327,True,0.02556430,0.04647575,0.02653229,0.01777093,0.16084374,True,0.02640388,0.06023259,0.05050156,0.02370572,0.22669097,True,0.03356177,0.06830899,0.09211482,0.03270538,0.00473948,0.00470206,0.00460945,0.00297975
1999-06,0.00487633,0.01462196,0.11128018,True,0.02790881,0.04150149,0.02258760,0.01928228,0.15649873,True,0.03013285,0.05443981,0.04601395,0.02591212,0.22475850,True,0.04162730,0.06257274,0.08145476,0.03910371,0.00500272,0.00491340,0.00481535,0.00303668
1999-07,0.00449592,0.01629348,0.11623657,True,0.02668674,0.04447518,0.02586772,0.01920692,0.15883147,True,0.02806743,0.05717792,0.04901174,0.02457438,0.22672468,True,0.03491210,0.06939916,0.08803365,0.03437977,0.00460194,0.00451834,0.00441614,0.00272393
1999-08,0.00463411,0.01643059,0.11416011,True,0.02716556,0.04521743,0.02412791,0.01764921,0.15690392,True,0.02789942,0.05867830,0.04821617,0.02211004,0.22412855,True,0.03509458,0.07177489,0.08760459,0.02965449,0.00474557,0.00466176,0.00456053,0.00278302
1999-09,0.00474969,0.01938688,0.11259688,True,0.02333978,0.04623232,0.02604493,0.01697984,0.15368880,True,0.02240772,0.05931907,0.05132832,0.02063370,0.21780935,True,0.02874065,0.07518177,0.08701014,0.02687679,0.00485892,0.00477806,0.00466126,0.00295386
1999-10,0.00469180,0.01694379,0.10916719,True,0.02043392,0.04886603,0.02466446,0.01520278,0.15024348,True,0.01900335,0.06256342,0.04968074,0.01899597,0.21041142,True,0.02545023,0.08008686,0.08279599,0.02207834,0.00479879,0.00471231,0.00459255,0.00289039
1999-11,0.00427156,0.01300084,0.10684411,True,0.01813381,0.04962353,0.02800737,0.01107940,0.14534999,True,0.01590470,0.06255898,0.05280673,0.01407958,0.20078850,True,0.02211278,0.07814047,0.08581258,0.01472266,0.00437027,0.00431713,0.00423220,0.00267656
1999-12,0.00425267,0.01339683,0.10597378,True,0.01699350,0.04806114,0.02785613,0.01306301,0.14340798,True,0.01501156,0.05976232,0.05176452,0.01686957,0.19638798,True,0.02245686,0.07310627,0.08236059,0.01846426,0.00434837,0.00436695,0.00426571,0.00258591
2000-01,0.00358550,0.01140088,0.10764492,True,0.01297655,0.04673061,0.03510232,0.01283544,0.14249981,True,0.01214566,0.05806544,0.05632683,0.01596188,0.19459997,True,0.02261596,0.07355782,0.08268857,0.01573761,0.00366104,0.00362379,0.00352594,0.00213321
2000-02,0.00377961,0.01056765,0.10132043,True,0.01283552,0.04289109,0.03420509,0.01138873,0.13644828,True,0.01332313,0.05197950,0.05659475,0.01455090,0.18786250,True,0.01939497,0.06510717,0.08956893,0.01379144,0.00386422,0.00385639,0.00378112,0.00231333
2000-03,0.00352551,0.00755386,0.09773866,True,0.01184970,0.03785557,0.03501632,0.01301707,0.13119703,True,0.01293795,0.04523008,0.05636443,0.01666457,0.17592712,True,0.01632518,0.05409568,0.09050863,0.01499763,0.00360190,0.00358215,0.00352729,0.00212732
2000-04,0.00381074,0.00423420,0.09766019,True,0.01448572,0.03183398,0.03498049,0.01636000,0.13645538,True,0.02152633,0.03900992,0.05399938,0.02191976,0.18386724,True,0.02725018,0.03696795,0.09407102,0.02557810,0.00389171,0.00392908,0.00386562,0.00225427
2000-05,0.00393061,0.00432936,0.09550460,True,0.01681880,0.03112175,0.03243236,0.01513170,0.13300023,True,0.02456466,0.03916255,0.04914607,0.02012695,0.18298252,True,0.03701730,0.03649724,0.08671860,0.02274938,0.00402036,0.00405554,0.00399400,0.00241462
2000-06,0.00453885,0.00345708,0.08980794,True,0.01521384,0.03142661,0.02908539,0.01408210,0.13019917,True,0.02371106,0.04105803,0.04574265,0.01968743,0.18447671,True,0.04123329,0.04004362,0.08193958,0.02126021,0.00463414,0.00467993,0.00458256,0.00271348
2000-07,0.00440525,-0.00116886,0.08140715,True,0.01105932,0.02848534,0.02971682,0.01214567,0.11887514,True,0.01649474,0.03862287,0.04598811,0.01776942,0.17169977,True,0.03605659,0.03867151,0.07583642,0.02113526,0.00449801,0.00463448,0.00452715,0.00247425
2000-08,0.00442716,-0.00457212,0.06827607,True,0.00818691,0.02075458,0.03092681,0.00840777,0.10155203,True,0.01212384,0.02744896,0.04878076,0.01319848,0.15220399,True,0.02623746,0.03034472,0.07800505,0.01761676,0.00452591,0.00469961,0.00457775,0.00248068
2000-09,0.00454410,-0.00429103,0.06452652,True,0.00671948,0.01919096,0.03071028,0.00790580,0.09716897,True,0.01011999,0.02552721,0.04871843,0.01280334,0.14726014,True,0.02350892,0.02756094,0.07850428,0.01768599,0.00464614,0.00483782,0.00470490,0.00258802
2000-10,0.00505696,-0.00642870,0.05361553,True,0.00407898,0.01859940,0.02590800,0.00502914,0.08581253,True,0.00764067,0.02552413,0.04337442,0.00927330,0.13570036,True,0.01665039,0.02945378,0.07505799,0.01453820,0.00517241,0.00537018,0.00522667,0.00287794
2000-11,0.00531375,-0.00534993,0.04886633,True,0.00322882,0.01567906,0.02609614,0.00386232,0.08034007,True,0.00687626,0.02212655,0.04398534,0.00735192,0.13118014,True,0.01424792,0.02986084,0.07551713,0.01155426,0.00541977,0.00565286,0.00545806,0.00292091
2000-12,0.00590281,-0.00451300,0.04198204,True,0.00225954,0.01582618,0.02141689,0.00247943,0.07527973,True,0.00644043,0.02275194,0.04074093,0.00534643,0.12883017,True,0.01426214,0.03291883,0.07267490,0.00897431,0.00602304,0.00630355,0.00608050,0.00323511
2001-01,0.00641231,-0.00591354,0.03476423,True,0.00310490,0.01620802,0.01405232,0.00139899,0.07328359,True,0.01087250,0.02484139,0.03303350,0.00453620,0.13067984,True,0.02195656,0.03847280,0.06331295,0.00693753,0.00653345,0.00679866,0.00653091,0.00344784
2001-02,0.00597218,-0.00296522,0.04357558,True,0.00656489,0.01838867,0.01606836,0.00255367,0.07792910,True,0.01515219,0.02646172,0.03152917,0.00478602,0.13161388,True,0.02858699,0.04022584,0.05568892,0.00711212,0.00609537,0.00646401,0.00614667,0.00315763
2001-03,0.00680147,-0.00288973,0.02964592,True,0.00376017,0.01603495,0.00950965,0.00034115,0.07158114,True,0.01458668,0.02604569,0.02750746,0.00344131,0.12956341,True,0.03036904,0.04036117,0.05354235,0.00529085,0.00693910,0.00733987,0.00697732,0.00356144
2001-04,0.00729675,-0.00272109,0.01509027,True,-0.00025913,0.01467367,0.00137369,-0.00069796,0.06675456,True,0.01407906,0.02667922,0.02297978,0.00301651,0.12782931,True,0.03194465,0.04188410,0.04858096,0.00541960,0.00743784,0.00780905,0.00741765,0.00382124
2001-05,0.00732569,-0.00176918,0.01426006,True,-0.00022316,0.01509245,-0.00052692,-0.00008231,0.06509658,True,0.01485190,0.02722233,0.01989276,0.00312959,0.12438593,True,0.03380462,0.04232262,0.04291245,0.00534624,0.00746668,0.00784065,0.00744641,0.00386809
2001-06,0.00729807,-0.00159969,0.01560541,True,-0.00004832,0.01599644,-0.00046242,0.00011971,0.06548396,True,0.01455097,0.02821748,0.01932606,0.00338946,0.12482080,True,0.03300872,0.04407386,0.04183848,0.00589974,0.00743822,0.00783360,0.00743053,0.00382776
2001-07,0.00689061,-0.00062961,0.02849715,True,0.00353837,0.01902664,0.00514438,0.00078776,0.06864001,True,0.01658267,0.02791257,0.02146770,0.00267707,0.12394692,True,0.03441610,0.04252488,0.04243464,0.00457129,0.00702410,0.00732984,0.00695057,0.00366159
2001-08,0.00674165,-0.00060823,0.03161666,True,0.00466770,0.01900814,0.00668793,0.00125288,0.07001288,True,0.01719089,0.02782563,0.02202615,0.00297021,0.12474322,True,0.03479481,0.04249334,0.04277837,0.00467670,0.00687757,0.00721915,0.00686587,0.00360185
2001-09,0.00705231,-0.00280873,0.02246264,True,0.00000635,0.01761138,0.00375894,0.00108597,0.06527664,True,0.01448686,0.02666746,0.02116535,0.00295697,0.12114051,True,0.03352998,0.04104345,0.04208497,0.00448212,0.00718861,0.00754160,0.00715511,0.00378732
2001-10,0.00741646,-0.00172819,0.00903221,True,-0.00394696,0.01487118,-0.00202255,0.00013054,0.06097683,True,0.01175643,0.02587767,0.02134754,0.00199519,0.11753938,True,0.02885866,0.03907018,0.04649882,0.00311172,0.00756632,0.00796433,0.00752354,0.00395725
2001-11,0.00702467,-0.00174415,0.02368457,True,0.00166184,0.01564329,0.00495362,0.00142582,0.06530389,True,0.01405540,0.02323293,0.02512117,0.00289439,0.11964769,True,0.02952462,0.03458276,0.05120900,0.00433131,0.00716665,0.00753569,0.00716770,0.00386649
2001-12,0.00637350,-0.00219489,0.03534022,True,0.00764845,0.01486680,0.01110115,0.00172382,0.06917294,True,0.01801376,0.02153150,0.02693340,0.00269428,0.11964883,True,0.03276107,0.03304749,0.05009022,0.00375006,0.00649674,0.00682878,0.00649793,0.00346749
2002-01,0.00646892,-0.00234183,0.03360147,True,0.00767689,0.01395088,0.01012730,0.00184640,0.06792832,True,0.01829523,0.02059137,0.02627390,0.00276781,0.11833178,True,0.03351640,0.03230507,0.04875986,0.00375046,0.00659641,0.00694167,0.00663136,0.00348496
2002-02,0.00649955,-0.00219029,0.03332158,True,0.00646595,0.01483719,0.01007239,0.00194605,0.06781085,True,0.01693957,0.02252484,0.02566162,0.00268482,0.11832463,True,0.03202950,0.03509850,0.04764146,0.00355518,0.00662219,0.00696363,0.00664461,0.00346939
2002-03,0.00687886,-0.00173593,0.02717220,True,0.00483586,0.01418973,0.00632698,0.00181962,0.06653325,True,0.01664090,0.02276963,0.02455738,0.00256533,0.11971351,True,0.03237817,0.03640937,0.04766291,0.00326306,0.00700739,0.00737694,0.00702539,0.00366873
2002-04,0.00688988,-0.00157291,0.02717533,True,0.00364752,0.01451946,0.00729074,0.00171760,0.06706066,True,0.01588329,0.02358448,0.02522303,0.00236986,0.12087895,True,0.03214291,0.03727691,0.04864646,0.00281267,0.00702576,0.00738268,0.00707888,0.00380044
2002-05,0.00702567,-0.00104802,0.02463884,True,0.00341090,0.01280059,0.00636476,0.00206259,0.06725130,True,0.01608432,0.02303119,0.02558186,0.00255393,0.12231371,True,0.03243263,0.03671170,0.05047954,0.00268985,0.00716548,0.00758244,0.00733786,0.00396281
2002-06,0.00705540,-0.00119660,0.02361325,True,0.00283137,0.01184539,0.00665644,0.00228006,0.06654583,True,0.01605203,0.02237795,0.02553186,0.00258398,0.12147784,True,0.03268651,0.03638407,0.05022071,0.00218654,0.00718897,0.00763769,0.00736766,0.00394305
2002-07,0.00710863,-0.00118366,0.02220467,True,0.00158208,0.01182958,0.00628984,0.00250316,0.06653047,True,0.01470922,0.02335244,0.02534249,0.00312633,0.12311998,True,0.03140104,0.03808629,0.05047232,0.00316033,0.00725563,0.00771894,0.00751321,0.00399839
2002-08,0.00719790,-0.00160902,0.01839342,True,0.00080355,0.00950623,0.00593328,0.00215035,0.06267544,True,0.01273175,0.02227730,0.02444134,0.00322505,0.11729161,True,0.02769695,0.03806329,0.04759386,0.00393751,0.00733522,0.00788047,0.00760730,0.00400432
2002-09,0.00747864,-0.00245246,0.00286548,True,-0.00250271,0.00582127,-0.00244832,0.00199525,0.05868601,True,0.01307595,0.02172988,0.01994710,0.00393308,0.11399692,True,0.02940396,0.03857119,0.04083910,0.00518267,0.00760778,0.00810825,0.00783153,0.00411035
2002-10,0.00723297,-0.00284472,0.01572444,True,0.00052416,0.00841576,0.00406610,0.00271842,0.06062408,True,0.01316184,0.02182087,0.02106877,0.00457260,0.11477018,True,0.02902707,0.03895297,0.04057216,0.00621798,0.00735929,0.00783434,0.00757423,0.00392883
2002-11,0.00692425,-0.00311802,0.02377752,True,0.00512999,0.01190317,0.00337266,0.00337170,0.06300767,True,0.01726176,0.02466885,0.01623434,0.00484271,0.11572309,True,0.03405029,0.04195655,0.03335639,0.00635986,0.00703589,0.00744366,0.00721494,0.00370010
2002-12,0.00655257,-0.00341735,0.03066114,True,0.00646875,0.01425690,0.00677978,0.00315570,0.06561232,True,0.01750015,0.02582323,0.01783667,0.00445228,0.11652230,True,0.03381977,0.04274432,0.03435903,0.00559918,0.00665644,0.00699783,0.00678292,0.00346618
2003-01,0.00705302,-0.00332452,0.02063956,True,0.00361725,0.01066196,0.00351393,0.00284642,0.06209549,True,0.01681800,0.02457815,0.01608273,0.00461661,0.11599347,True,0.03458996,0.04280877,0.03256341,0.00603133,0.00716868,0.00758907,0.00734822,0.00385092
2003-02,0.00690662,-0.00290033,0.02489536,True,0.00569595,0.01099120,0.00512175,0.00308646,0.06421687,True,0.01834296,0.02400652,0.01720092,0.00466648,0.11777496,True,0.03630469,0.04103704,0.03465176,0.00578146,0.00702273,0.00743019,0.00722083,0.00378029
2003-03,0.00698158,-0.00306505,0.02328042,True,0.00625018,0.01004610,0.00391647,0.00306768,0.06401891,True,0.01913999,0.02412951,0.01620482,0.00454459,0.11794209,True,0.03704400,0.04149135,0.03384084,0.00556589,0.00709781,0.00752836,0.00729066,0.00398085
2003-04,0.00660253,-0.00350886,0.03146530,True,0.00903834,0.01345383,0.00556137,0.00341176,0.06831674,True,0.02121516,0.02660565,0.01571486,0.00478107,0.12165902,True,0.03973779,0.04388128,0.03179733,0.00624262,0.00671258,0.00699440,0.00687219,0.00382717
2003-05,0.00617640,-0.00361646,0.03999359,True,0.01078669,0.01617288,0.00829061,0.00474341,0.07506088,True,0.02260102,0.02847254,0.01706347,0.00692385,0.12964566,True,0.04148869,0.04692422,0.03087948,0.01035328,0.00627632,0.00651343,0.00644056,0.00370363
2003-06,0.00653793,-0.00454880,0.03397244,True,0.00849549,0.01370216,0.00699683,0.00477796,0.07261681,True,0.02051376,0.02737896,0.01677344,0.00795065,0.12964850,True,0.03874915,0.04679424,0.03119466,0.01291045,0.00663579,0.00684654,0.00680509,0.00402415
2003-07,0.00655690,-0.00423285,0.03411686,True,0.00881563,0.01397427,0.00648110,0.00484586,0.07322905,True,0.02097139,0.02780665,0.01620506,0.00824595,0.13102800,True,0.03956151,0.04718125,0.03026289,0.01402235,0.00665469,0.00674646,0.00676111,0.00408861
2003-08,0.00604382,-0.00410418,0.04245699,True,0.01160637,0.01822741,0.00798881,0.00463441,0.07770559,True,0.02222148,0.03161681,0.01655720,0.00731010,0.13353862,True,0.04011677,0.05204529,0.02878279,0.01259376,0.00613435,0.00618499,0.00621757,0.00377553
2003-09,0.00610772,-0.00394317,0.04185479,True,0.01186161,0.01813352,0.00764678,0.00421288,0.07763284,True,0.02298340,0.03207763,0.01617691,0.00639490,0.13388396,True,0.04178681,0.05322389,0.02786495,0.01100831,0.00620034,0.00624287,0.00625384,0.00381703
2003-10,0.00609383,-0.00338334,0.04286714,True,0.01234881,0.01910596,0.00841697,0.00299540,0.07858578,True,0.02328973,0.03366946,0.01685790,0.00476869,0.13457984,True,0.04187042,0.05586167,0.02783576,0.00901199,0.00618710,0.00626415,0.00626770,0.00392386
2003-11,0.00576552,-0.00248566,0.05011100,True,0.01642318,0.02327327,0.00960414,0.00081042,0.08565399,True,0.02804981,0.03829039,0.01817418,0.00113961,0.14305683,True,0.04827834,0.06332030,0.02847947,0.00297872,0.00585393,0.00588859,0.00587295,0.00383361
2003-12,0.00579539,-0.00311255,0.05286856,True,0.02011180,0.02540470,0.00912232,-0.00177027,0.09134923,True,0.03439665,0.04304240,0.01772956,-0.00381937,0.15304805,True,0.05933453,0.07181366,0.02739131,-0.00549145,0.00587848,0.00586478,0.00586835,0.00390092
2004-01,0.00600098,-0.00377820,0.05283422,True,0.02222169,0.02375909,0.00963597,-0.00278252,0.09594363,True,0.03997602,0.04332558,0.01962286,-0.00698083,0.16413266,True,0.07113525,0.07518863,0.03146064,-0.01365186,0.00609577,0.00607322,0.00616347,0.00404425
2004-02,0.00582567,-0.00220707,0.06414833,True,0.03085240,0.02516042,0.01249956,-0.00436406,0.11143876,True,0.05255718,0.04458566,0.02333988,-0.00904396,0.18790938,True,0.08753838,0.07742718,0.03880252,-0.01585870,0.00590932,0.00580183,0.00597561,0.00400388
2004-03,0.00593159,-0.00233644,0.06537057,True,0.03249582,0.02498087,0.01216806,-0.00427419,0.11610136,True,0.05618709,0.04588393,0.02348548,-0.00945514,0.19728445,True,0.09329116,0.08085420,0.04040927,-0.01727018,0.00601330,0.00588227,0.00598746,0.00408079
2004-04,0.00585738,-0.00360306,0.06779684,True,0.03449273,0.02541655,0.01208710,-0.00419955,0.11974089,True,0.05979185,0.04692692,0.02320523,-0.01018312,0.20282581,True,0.09940826,0.08315202,0.03890032,-0.01863478,0.00594098,0.00582880,0.00589813,0.00408626
2004-05,0.00597105,-0.00402200,0.06867416,True,0.03480553,0.02526795,0.01237230,-0.00377162,0.12441079,True,0.06179221,0.04881483,0.02435042,-0.01054666,0.21224152,True,0.10625408,0.08772454,0.03892148,-0.02065857,0.00605558,0.00595083,0.00590919,0.00418695
2004-06,0.00571116,-0.00351028,0.07630332,True,0.03950890,0.02706389,0.01378090,-0.00405037,0.13109709,True,0.06711270,0.04989779,0.02497560,-0.01088901,0.21957260,True,0.11292889,0.08857651,0.03878505,-0.02071785,0.00579806,0.00570674,0.00566463,0.00395152
2004-07,0.00565263,-0.00493053,0.07806447,True,0.04084942,0.02667335,0.01422297,-0.00368128,0.13375640,True,0.06959809,0.04931254,0.02531381,-0.01046805,0.22328600,True,0.11727541,0.08756190,0.03827503,-0.01982634,0.00574314,0.00564255,0.00560738,0.00398226
2004-08,0.00585438,-0.00795978,0.07220451,True,0.03793355,0.02439518,0.01283576,-0.00295998,0.13044493,True,0.06709304,0.04792286,0.02482423,-0.00939520,0.22124086,True,0.11653312,0.08627790,0.03682731,-0.01839747,0.00595145,0.00584970,0.00569348,0.00424291
2004-09,0.00588484,-0.00889509,0.07097426,True,0.03799978,0.02485943,0.01136449,-0.00324943,0.12963225,True,0.06756218,0.04865262,0.02311348,-0.00969603,0.22052205,True,0.11684376,0.08728508,0.03426480,-0.01787160,0.00598182,0.00589146,0.00570856,0.00425517
2004-10,0.00590799,-0.01024154,0.07151176,True,0.03747447,0.02386313,0.01276121,-0.00258705,0.13141339,True,0.06726762,0.04815744,0.02469198,-0.00870365,0.22227862,True,0.11764091,0.08533374,0.03499814,-0.01569417,0.00598600,0.00584938,0.00564172,0.00438881
2004-11,0.00585274,-0.01480076,0.07032668,True,0.03773021,0.02458194,0.01112591,-0.00311138,0.13108737,True,0.06838860,0.04901368,0.02326041,-0.00957532,0.22459537,True,0.12015512,0.08635298,0.03495823,-0.01687096,0.00593506,0.00582009,0.00562222,0.00440430
2004-12,0.00589667,-0.01648845,0.06960381,True,0.03422893,0.02436662,0.01398595,-0.00297769,0.13222895,True,0.06518605,0.04977142,0.02696017,-0.00968869,0.22786279,True,0.11629819,0.08751134,0.04015672,-0.01610345,0.00597731,0.00585380,0.00564230,0.00453205
2005-01,0.00572832,-0.01549173,0.07828294,True,0.03553097,0.02729832,0.01946303,-0.00400938,0.14201732,True,0.06596759,0.05243122,0.03394058,-0.01032207,0.24055495,True,0.11938405,0.08963879,0.04792433,-0.01639222,0.00580380,0.00567072,0.00543768,0.00443640
2005-02,0.00605159,-0.01868001,0.06934042,True,0.03098333,0.02369262,0.01778213,-0.00311765,0.13815505,True,0.06199580,0.05069225,0.03448921,-0.00902221,0.24043107,True,0.11532810,0.08950111,0.05017901,-0.01457715,0.00612829,0.00599206,0.00572252,0.00473987
2005-03,0.00660356,-0.02197353,0.05063258,True,0.02164006,0.01526402,0.01578771,-0.00205921,0.12955581,True,0.05492255,0.04622102,0.03573634,-0.00732411,0.23625922,True,0.10917593,0.08680347,0.05252331,-0.01224349,0.00669398,0.00657784,0.00630057,0.00526393
2005-04,0.00661978,-0.02499507,0.04836182,True,0.02057257,0.01494794,0.01547911,-0.00263781,0.12828378,True,0.05292183,0.04595043,0.03717957,-0.00776806,0.23563410,True,0.10525094,0.08533641,0.05643146,-0.01138471,0.00670850,0.00661253,0.00632438,0.00526391
2005-05,0.00654100,-0.02881491,0.05045607,True,0.01800835,0.01706277,0.02002894,-0.00464398,0.13172363,True,0.04610464,0.05011005,0.04464181,-0.00913286,0.24084382,True,0.09289754,0.09235389,0.06813702,-0.01254464,0.00662765,0.00656812,0.00625694,0.00524788
2005-06,0.00641413,-0.03789464,0.05327844,True,0.01503550,0.01937840,0.02517444,-0.00630990,0.13872192,True,0.03632009,0.05314242,0.05834079,-0.00908139,0.25507266,True,0.08015813,0.09678979,0.08891610,-0.01079137,0.00649807,0.00648501,0.00614936,0.00515102
2005-07,0.00650478,-0.04897808,0.04841671,True,0.00717031,0.01723339,0.03043262,-0.00641961,0.14195086,True,0.02096537,0.05263880,0.07671623,-0.00836954,0.26739636,True,0.04664439,0.09898459,0.12999403,-0.00822665,0.00659022,0.00654760,0.00619992,0.00523582
2005-08,0.00648797,-0.05939883,0.03738876,True,0.00549426,0.01468784,0.02497922,-0.00777257,0.12452961,True,0.02052191,0.04956428,0.06437598,-0.00993256,0.22548074,True,0.06170267,0.08785197,0.08744854,-0.01152244,0.00655323,0.00643257,0.00605247,0.00523201
2005-09,0.00658714,-0.05741947,0.03885967,True,0.00505759,0.01585372,0.02646950,-0.00852114,0.13204773,True,0.01967966,0.05404047,0.06924288,-0.01091528,0.23120302,True,0.05738567,0.10027557,0.08553959,-0.01199781,0.00665590,0.00661834,0.00618487,0.00557118
2005-10,0.00686914,-0.05773094,0.02280306,True,0.00268922,0.00875262,0.01955190,-0.00819068,0.12308458,True,0.02098997,0.04896401,0.06409183,-0.01096123,0.22054211,True,0.05687604,0.09826633,0.07874019,-0.01334045,0.00694023,0.00693673,0.00648297,0.00595572
2005-11,0.00652624,-0.05510132,0.04219737,True,0.01385330,0.01598513,0.02784061,-0.01548166,0.13011737,True,0.03214584,0.05052715,0.06579850,-0.01835412,0.21597466,True,0.07716542,0.09403820,0.06365914,-0.01888810,0.00657010,0.00644382,0.00608971,0.00563028
2005-12,0.00626881,-0.05551882,0.05235147,True,0.01576973,0.01994285,0.03626396,-0.01962507,0.13322277,True,0.03321777,0.05137790,0.06951174,-0.02088465,0.21477650,True,0.07646292,0.09513219,0.06275408,-0.01957270,0.00630778,0.00617912,0.00648475,0.00539954
2006-01,0.00636552,-0.06078366,0.04471241,True,0.01764375,0.01558382,0.03403182,-0.02254698,0.12793162,True,0.03884343,0.04767153,0.06602051,-0.02460385,0.21249117,True,0.08156750,0.09816538,0.05741304,-0.02465475,0.00640158,0.00626788,0.00662098,0.00546846
2006-02,0.00673783,-0.06942592,0.01699740,True,0.01564956,0.00523947,0.02439462,-0.02828626,0.11305714,True,0.04157823,0.04097361,0.06113873,-0.03063343,0.20229094,True,0.08469347,0.08647645,0.06037318,-0.02925217,0.00677233,0.00665167,0.00706966,0.00565727
2006-03,0.00630604,-0.06590743,0.04030813,True,0.01791638,0.01525354,0.03386944,-0.02673123,0.12163523,True,0.04553586,0.04565523,0.05885539,-0.02841125,0.20321217,True,0.08949180,0.08941811,0.05437854,-0.03007628,0.00634105,0.00627876,0.00666211,0.00540087
2006-04,0.00621146,-0.06671200,0.04553811,True,0.01591972,0.01732013,0.03737622,-0.02507796,0.12668139,True,0.04397288,0.04786976,0.06017193,-0.02533317,0.21255649,True,0.07995562,0.09401377,0.06105334,-0.02246624,0.00624059,0.00621049,0.00638449,0.00536086
2006-05,0.00625907,-0.06944632,0.04113045,True,0.01692330,0.01488528,0.03507079,-0.02574891,0.12338815,True,0.04711602,0.04516450,0.05610042,-0.02499280,0.21321547,True,0.08046549,0.09604444,0.05612369,-0.01941815,0.00628690,0.00623780,0.00641055,0.00546859
2006-06,0.00623337,-0.07620230,0.03714574,True,0.01652069,0.01388405,0.03429276,-0.02755176,0.11934344,True,0.04564948,0.04479899,0.05500127,-0.02610630,0.20863271,True,0.07384157,0.09450097,0.06024235,-0.01995217,0.00626075,0.00619900,0.00624329,0.00555044
2006-07,0.00648951,-0.07814266,0.02933454,True,0.01144461,0.01128125,0.03215701,-0.02554834,0.11893804,True,0.04296596,0.04363699,0.05503272,-0.02269763,0.21359427,True,0.06041481,0.09621129,0.06654862,-0.00958045,0.00651796,0.00642225,0.00645437,0.00579448
2006-08,0.00694414,-0.08000531,-0.00350017,True,0.00805518,-0.00043417,0.01867284,-0.02979402,0.10363441,True,0.04149819,0.04178708,0.05186416,-0.03151501,0.20601315,True,0.07588295,0.09646296,0.05464765,-0.02098041,0.00697374,0.00685503,0.00695526,0.00623223
2006-09,0.00664582,-0.07755920,0.01456117,True,0.01109007,0.00686308,0.02415122,-0.02754320,0.11024180,True,0.04098351,0.04412992,0.05314753,-0.02801915,0.20449993,True,0.07673397,0.09697846,0.04703546,-0.01624795,0.00667667,0.00657561,0.00664355,0.00605652
2006-10,0.00627521,-0.06902969,0.04020078,True,0.01420678,0.01880992,0.03365079,-0.02646672,0.12611793,True,0.04306806,0.05291878,0.05805761,-0.02792652,0.20903793,True,0.07240375,0.09916624,0.04609213,-0.00862419,0.00630657,0.00624515,0.00624177,0.00560632
2006-11,0.00637587,-0.07092614,0.03089835,True,0.01145146,0.01502776,0.03040503,-0.02598590,0.11448539,True,0.04073583,0.04931944,0.05296916,-0.02853903,0.19049026,True,0.07735388,0.09816682,0.02834112,-0.01337156,0.00640704,0.00637672,0.00635464,0.00570559
2006-12,0.00671148,-0.07242071,0.01493512,True,0.00941339,0.00740554,0.02595996,-0.02784377,0.10918917,True,0.03664424,0.04779886,0.05599150,-0.03124543,0.18918228,True,0.07705173,0.09761681,0.03338243,-0.01886870,0.00674398,0.00677078,0.00670518,0.00598337
2007-01,0.00653541,-0.07823964,0.01802662,True,0.01429748,0.00868726,0.02456782,-0.02952593,0.10780479,True,0.03988473,0.04648553,0.05364053,-0.03220600,0.18157437,True,0.06920801,0.08752719,0.04122809,-0.01638893,0.00656958,0.00661914,0.00655689,0.00584722
2007-02,0.00638223,-0.06865931,0.03509080,True,0.01663738,0.01845482,0.03184639,-0.03184779,0.12222544,True,0.04281798,0.05858312,0.05914840,-0.03832406,0.19981819,True,0.06864997,0.11204747,0.06177273,-0.04265199,0.00641584,0.00651776,0.00648559,0.00576210
2007-03,0.00636424,-0.07154703,0.03256347,True,0.01546588,0.01890920,0.03016806,-0.03197966,0.11921344,True,0.04227452,0.05756167,0.05608405,-0.03670680,0.19449786,True,0.06930409,0.10628399,0.06322575,-0.04431596,0.00640153,0.00652786,0.00648428,0.00580170
2007-04,0.00666618,-0.07213259,0.01733304,True,0.01234469,0.01267436,0.02585155,-0.03353756,0.11214145,True,0.03635679,0.05624305,0.05649028,-0.03694866,0.18704566,True,0.07038231,0.10747625,0.04757205,-0.03838496,0.00670453,0.00683990,0.00677722,0.00605056
2007-05,0.00671637,-0.07345475,0.01618154,True,0.01178126,0.00961699,0.02629722,-0.03151393,0.11530010,True,0.03149054,0.05401557,0.06153093,-0.03173694,0.19604077,True,0.06682966,0.09875017,0.06134715,-0.03088621,0.00675370,0.00683430,0.00681553,0.00606582
2007-06,0.00678798,-0.06993998,0.01585253,True,0.00870358,0.00876628,0.02828063,-0.02989795,0.11877837,True,0.02535996,0.05514152,0.06542502,-0.02714814,0.19935765,True,0.06035989,0.09984906,0.06708789,-0.02793919,0.00682367,0.00685656,0.00684766,0.00612812
2007-07,0.00665473,-0.07107973,0.02153092,True,0.01144603,0.00922695,0.02927730,-0.02841936,0.11817796,True,0.02801660,0.05334661,0.06319812,-0.02638337,0.20123207,True,0.06395661,0.09732948,0.06723633,-0.02729035,0.00669162,0.00678084,0.00678453,0.00579872
2007-08,0.00682282,-0.07533060,0.00847449,True,0.00731741,0.00302151,0.02545873,-0.02732316,0.11076452,True,0.02684681,0.05315774,0.05704931,-0.02628934,0.18972978,True,0.07000911,0.08708176,0.05561341,-0.02297449,0.00685874,0.00695157,0.00674240,0.00588839
2007-09,0.00681356,-0.06394834,0.02327185,True,0.00352030,0.00120150,0.03779373,-0.01924368,0.13177564,True,0.02352991,0.04952676,0.07653096,-0.01781199,0.21299199,True,0.05795423,0.06823578,0.09869540,-0.01189342,0.00685068,0.00684977,0.00688385,0.00587176
2007-10,0.00705569,-0.06611050,0.00622749,True,-0.00358883,-0.00623942,0.03750980,-0.02145406,0.13003235,True,0.01964325,0.04928201,0.08332510,-0.02221800,0.21500271,True,0.02356747,0.08268049,0.15352909,-0.04477434,0.00709412,0.00709370,0.00713522,0.00603244
2007-11,0.00712302,-0.07031786,-0.00518139,True,-0.00843814,-0.01211174,0.03600565,-0.02063715,0.12076001,True,0.02281325,0.04280276,0.07717944,-0.02203544,0.20788949,True,0.00028711,0.07622552,0.14841909,-0.01704223,0.00716339,0.00719623,0.00724698,0.00612427
2007-12,0.00725698,-0.08317368,-0.03247332,True,-0.01546607,-0.02222874,0.02582223,-0.02060075,0.09719114,True,0.02014021,0.03099399,0.06674751,-0.02069057,0.19014467,True,0.01761828,0.07094134,0.12838092,-0.02679587,0.00730200,0.00731278,0.00735374,0.00634928
2008-01,0.00770485,-0.08838703,-0.08838703,False,-0.03226968,-0.04675640,0.01245440,-0.02181535,0.07920506,True,0.01550121,0.01825031,0.06581810,-0.02036455,0.18498132,True,0.03193924,0.05407311,0.13023842,-0.03126945,0.00775326,0.00784170,0.00780920,0.00673648
2008-02,0.00762421,-0.09972392,-0.09972392,False,-0.03348382,-0.05240747,0.00754436,-0.02137699,0.06096107,True,0.01010142,0.01082897,0.05794316,-0.01791248,0.16484888,True,0.02829937,0.04672074,0.12003680,-0.03020803,0.00768215,0.00771526,0.00767271,0.00656377
2008-03,0.00826214,-0.10708598,-0.10708598,False,-0.03992657,-0.05675330,0.01200544,-0.02241155,0.02968819,True,-0.00136949,-0.00358998,0.05336753,-0.01871986,0.14713302,True,0.02552326,0.04505313,0.10518366,-0.02862704,0.00832160,0.00831676,0.00831009,0.00705649
2008-04,0.00813130,-0.10382951,-0.10382951,False,-0.04065825,-0.05976972,0.01554769,-0.01894923,0.03610401,True,0.00145208,-0.00661050,0.05724912,-0.01598668,0.15519530,True,0.04088780,0.04816226,0.09076231,-0.02461707,0.00820162,0.00818223,0.00811604,0.00696478
2008-05,0.00837009,-0.10206199,-0.10206199,False,-0.04069302,-0.06492611,0.02092138,-0.01736424,0.03031646,True,-0.00147836,-0.01152942,0.05828752,-0.01496327,0.15690227,True,0.04706966,0.05232102,0.08070221,-0.02319062,0.00844648,0.00836275,0.00840413,0.00716698
2008-06,0.00846182,-0.10073955,-0.10073955,False,-0.03999380,-0.06642453,0.02079930,-0.01512052,0.02631942,True,-0.00134339,-0.01621462,0.05653332,-0.01265589,0.15071368,True,0.04618420,0.04691005,0.08028328,-0.02266385,0.00854230,0.00846969,0.00850783,0.00740693
2008-07,0.00958013,-0.10789433,-0.10789433,False,-0.04361409,-0.07471865,0.02368198,-0.01324358,-0.04173758,True,-0.02291457,-0.04919737,0.04293587,-0.01256152,0.12000633,True,0.04596746,0.02007180,0.07442773,-0.02046067,0.00966902,0.00951253,0.00965405,0.00849682
2008-08,0.00853467,-0.08888716,-0.08888716,False,-0.03316941,-0.06066602,0.01779673,-0.01284847,0.02946853,True,-0.00509158,-0.00929637,0.05386122,-0.01000475,0.15543349,True,0.04104061,0.04892723,0.07459684,-0.00913119,0.00862233,0.00850588,0.00855991,0.00773802
2008-09,0.00843984,-0.08789836,-0.08789836,False,-0.03389616,-0.06079025,0.01908869,-0.01230065,0.02905824,True,-0.00426401,-0.01270313,0.05351073,-0.00748535,0.15108510,True,0.03903496,0.03526390,0.07894887,-0.00216264,0.00853025,0.00845009,0.00843248,0.00730494
2008-10,0.00828424,-0.08277786,-0.08277786,False,-0.03391352,-0.05398025,0.01888621,-0.01377031,0.03469070,True,-0.00519641,-0.00272213,0.05531566,-0.01270643,0.15158790,True,0.02781177,0.04904943,0.09497919,-0.02025249,0.00844914,0.00853602,0.00778605,0.00709161
2008-11,0.00897730,-0.06465564,-0.06465564,False,-0.02313858,-0.04953942,0.01777338,-0.00975102,0.02522595,True,-0.00194632,-0.00989506,0.04574097,-0.00867364,0.15210518,True,0.03985432,0.04353931,0.08209711,-0.01338556,0.00950798,0.00980634,0.00863309,0.00764794
2008-12,0.01001639,-0.06937432,-0.06937432,False,-0.02280695,-0.05499732,0.01883670,-0.01040675,-0.06937432,False,-0.02280695,-0.05499732,0.01883670,-0.01040675,0.12331637,True,0.03625068,0.02781911,0.07612802,-0.01688144,0.01058613,0.01112534,0.00947956,0.00844910
2009-01,0.00989417,-0.05980021,-0.05980021,False,-0.02039381,-0.05145337,0.02192217,-0.00987520,-0.03182457,True,-0.01396385,-0.03825570,0.03090495,-0.01050997,0.13495402,True,0.03662055,0.03266466,0.08407919,-0.01841038,0.01044677,0.01105164,0.00931916,0.00846224
2009-02,0.01062479,-0.05984815,-0.05984815,False,-0.01946192,-0.05471305,0.02535772,-0.01103090,-0.05984815,False,-0.01946192,-0.05471305,0.02535772,-0.01103090,0.13337752,True,0.03515425,0.02864421,0.08494456,-0.01536550,0.01114040,0.01181830,0.00975045,0.00866081
2009-03,0.01039880,-0.05491674,-0.05491674,False,-0.01779690,-0.05380070,0.02618168,-0.00950083,-0.05491674,False,-0.01779690,-0.05380070,0.02618168,-0.00950083,0.14492496,True,0.03593496,0.03417745,0.08912989,-0.01431733,0.01088714,0.01152872,0.00952455,0.00842903
2009-04,0.01018287,-0.05314320,-0.05314320,False,-0.01609035,-0.05475089,0.02552389,-0.00782585,-0.05314320,False,-0.01609035,-0.05475089,0.02552389,-0.00782585,0.14072229,True,0.03378057,0.02903858,0.09161435,-0.01371122,0.01065369,0.01137930,0.00938756,0.00815353
2009-05,0.00973128,-0.04717719,-0.04717719,False,-0.01440701,-0.05219737,0.02664636,-0.00721916,-0.00357497,True,-0.00531050,-0.03234461,0.04216640,-0.00808625,0.15540290,True,0.03500525,0.03420654,0.09866510,-0.01247399,0.01017573,0.01089150,0.00899587,0.00760555
2009-06,0.01025619,-0.04470815,-0.04470815,False,-0.01415972,-0.05569364,0.03180648,-0.00666126,-0.04470815,False,-0.01415972,-0.05569364,0.03180648,-0.00666126,0.14849346,True,0.03149958,0.02681853,0.10209476,-0.01191941,0.01069724,0.01147443,0.00949503,0.00796821
2009-07,0.00961262,-0.04051375,-0.04051375,False,-0.01202857,-0.05061337,0.02749247,-0.00536428,0.01218898,True,-0.00064992,-0.02807228,0.04637848,-0.00546731,0.16641115,True,0.03795120,0.03307303,0.10412361,-0.00873669,0.01002985,0.01067892,0.00885550,0.00747362
2009-08,0.00927671,-0.04127738,-0.04127738,False,-0.01174586,-0.04732632,0.02355372,-0.00575892,0.02880127,True,0.00357749,-0.01690585,0.04793956,-0.00580993,0.16706891,True,0.03878688,0.03713407,0.09989712,-0.00874916,0.00968763,0.01044744,0.00855620,0.00730439
2009-09,0.00893303,-0.03863728,-0.03863728,False,-0.01141920,-0.04473712,0.02319435,-0.00567531,0.04544173,True,0.00671290,-0.00858105,0.05307256,-0.00576267,0.17362205,True,0.03939956,0.03957284,0.10330077,-0.00865112,0.00933358,0.01013192,0.00825735,0.00689810
2009-10,0.00886997,-0.03873980,-0.03873980,False,-0.01131230,-0.04433372,0.02259100,-0.00568478,0.04716245,True,0.00705657,-0.00714685,0.05320157,-0.00594884,0.17351684,True,0.03887398,0.04074161,0.10299143,-0.00909018,0.00927310,0.01009175,0.00821487,0.00689419
2009-11,0.00923784,-0.04140400,-0.04140400,False,-0.01168301,-0.04650922,0.02259927,-0.00581104,0.02895503,True,0.00297131,-0.01593529,0.04812557,-0.00620657,0.16345074,True,0.03519007,0.03753121,0.10091523,-0.01018576,0.00965073,0.01058445,0.00858527,0.00727123
2009-12,0.00900060,-0.03955499,-0.03955499,False,-0.01140140,-0.04473021,0.02227162,-0.00569499,0.04016497,True,0.00509705,-0.01067047,0.05181701,-0.00607861,0.16848801,True,0.03619970,0.04056974,0.10154139,-0.00982283,0.00940417,0.01033435,0.00836654,0.00715196
2010-01,0.00874687,-0.03831826,-0.03831826,False,-0.01106280,-0.04293650,0.02121359,-0.00553254,0.05010964,True,0.00728001,-0.00556471,0.05414923,-0.00575489,0.17370526,True,0.03715271,0.04387296,0.10176984,-0.00909026,0.00914141,0.01002133,0.00812309,0.00698231
2010-02,0.00863199,-0.03738045,-0.03738045,False,-0.01076623,-0.04185242,0.02064490,-0.00540670,0.05274656,True,0.00726688,-0.00281450,0.05465861,-0.00636444,0.17159350,True,0.03606878,0.04577185,0.09989820,-0.01014533,0.00902004,0.00981507,0.00797664,0.00691177
2010-03,0.00850350,-0.03662612,-0.03662612,False,-0.01057240,-0.04068655,0.02012046,-0.00548763,0.05645126,True,0.00770583,0.00004080,0.05553722,-0.00683259,0.17202130,True,0.03604405,0.04817371,0.09833510,-0.01053156,0.00888901,0.00971221,0.00787962,0.00682459
2010-04,0.00823218,-0.03526142,-0.03526142,False,-0.01009921,-0.03872187,0.01894491,-0.00538525,0.06438942,True,0.00935421,0.00539414,0.05679508,-0.00715401,0.17507480,True,0.03654689,0.05173053,0.09793323,-0.01113586,0.00861293,0.00943041,0.00762515,0.00650570
2010-05,0.00830657,-0.03547021,-0.03547021,False,-0.01021961,-0.03819762,0.01862102,-0.00567399,0.06234966,True,0.00850679,0.00503052,0.05636220,-0.00754985,0.17374977,True,0.03553449,0.05168524,0.09791435,-0.01138431,0.00869013,0.00955632,0.00768257,0.00648585
2010-06,0.00816936,-0.03550959,-0.03550959,False,-0.01011749,-0.03688374,0.01732843,-0.00583679,0.06621633,True,0.00928400,0.00731374,0.05718697,-0.00756838,0.17676921,True,0.03598289,0.05323823,0.09777150,-0.01022341,0.00853824,0.00938447,0.00754780,0.00634931
2010-07,0.00802393,-0.03398769,-0.03398769,False,-0.00965365,-0.03593231,0.01704351,-0.00544524,0.07108121,True,0.00995167,0.00896776,0.05913241,-0.00697064,0.18001688,True,0.03556512,0.05401629,0.10006929,-0.00963382,0.00837668,0.00916290,0.00738391,0.00605546
2010-08,0.00808527,-0.03469225,-0.03469225,False,-0.00953602,-0.03551525,0.01617166,-0.00581265,0.06899953,True,0.00941285,0.00758382,0.05906110,-0.00705824,0.17780529,True,0.03429696,0.05090169,0.10194164,-0.00933500,0.00843469,0.00922577,0.00742506,0.00605097
2010-09,0.00823270,-0.03757095,-0.03757095,False,-0.01035227,-0.03585686,0.01493925,-0.00630105,0.06385711,True,0.00820668,0.00620599,0.05703421,-0.00758977,0.17486742,True,0.03376180,0.04881082,0.10245560,-0.01016080,0.00859182,0.00937905,0.00754661,0.00617905
2010-10,0.00809851,-0.03736048,-0.03736048,False,-0.01001562,-0.03459930,0.01358509,-0.00633064,0.06775134,True,0.00913183,0.00914421,0.05724434,-0.00776904,0.17726623,True,0.03431501,0.05101962,0.10235814,-0.01042654,0.00845094,0.00925189,0.00743788,0.00609291
2010-11,0.00812797,-0.03662582,-0.03662582,False,-0.00997148,-0.03438951,0.01422666,-0.00649150,0.06818090,True,0.00878577,0.00905410,0.05837556,-0.00803452,0.17842749,True,0.03364961,0.05119774,0.10444866,-0.01086851,0.00848144,0.00929784,0.00745587,0.00605070
2010-12,0.00826893,-0.03531688,-0.03531688,False,-0.00912667,-0.03342003,0.01393425,-0.00670443,0.06713080,True,0.00897605,0.00923319,0.05724744,-0.00832588,0.18056635,True,0.03373328,0.05216310,0.10601902,-0.01134905,0.00863021,0.00949338,0.00756315,0.00621899
2011-01,0.00833564,-0.03434207,-0.03434207,False,-0.00894791,-0.03305378,0.01459586,-0.00693624,0.06683111,True,0.00875487,0.00914898,0.05750634,-0.00857907,0.18156562,True,0.03352281,0.05287283,0.10667074,-0.01150076,0.00870026,0.00959809,0.00760669,0.00627452
2011-02,0.00857085,-0.03022257,-0.03022257,False,-0.00913214,-0.03137005,0.01847690,-0.00819727,0.06542009,True,0.00720675,0.00917729,0.05887353,-0.00983748,0.18624094,True,0.03135131,0.05587713,0.11183025,-0.01281776,0.00895187,0.00995962,0.00784936,0.00643646
2011-03,0.00884618,-0.02889932,-0.02889932,False,-0.00931681,-0.03124439,0.02028863,-0.00862675,0.05917517,True,0.00569965,0.00681133,0.05693489,-0.01027070,0.18777150,True,0.03090731,0.05824705,0.11204711,-0.01342998,0.00924504,0.01031055,0.00812301,0.00664553
2011-04,0.00894249,-0.02587435,-0.02587435,False,-0.00950562,-0.03008552,0.02313277,-0.00941598,0.06175502,True,0.00529527,0.00865554,0.05881923,-0.01101503,0.19664662,True,0.03150995,0.06533089,0.11412554,-0.01431976,0.00935361,0.01043176,0.00822901,0.00675462
2011-05,0.00888379,-0.02645864,-0.02645864,False,-0.00932805,-0.03017036,0.02259764,-0.00955787,0.06389350,True,0.00582259,0.00956945,0.05961381,-0.01111234,0.19822910,True,0.03214091,0.06591278,0.11408081,-0.01390540,0.00929783,0.01030623,0.00814311,0.00672645
2011-06,0.00865254,-0.02356925,-0.02356925,False,-0.00828230,-0.02735426,0.02146885,-0.00940154,0.07646047,True,0.00898694,0.01678361,0.06155638,-0.01086646,0.20824326,True,0.03575314,0.07239093,0.11331129,-0.01321210,0.00906630,0.00996571,0.00794246,0.00661827
2011-07,0.00862064,-0.02321881,-0.02321881,False,-0.00718687,-0.02676875,0.01983564,-0.00909883,0.08158911,True,0.01266428,0.02035421,0.05826963,-0.00969902,0.21644957,True,0.04318283,0.07893275,0.10509941,-0.01076542,0.00903198,0.00969372,0.00784212,0.00648276
2011-08,0.00862653,-0.02376741,-0.02376741,False,-0.00613121,-0.02676900,0.01800676,-0.00887396,0.07952570,True,0.01446125,0.01980367,0.05413018,-0.00886940,0.21258208,True,0.04623838,0.07654921,0.09901054,-0.00921606,0.00906043,0.00956108,0.00788075,0.00672101
2011-09,0.00836688,-0.02318418,-0.02318418,False,-0.00566489,-0.02438665,0.01489997,-0.00803260,0.08520251,True,0.01600864,0.02404569,0.05201201,-0.00686383,0.20721668,True,0.04547909,0.07563995,0.09148413,-0.00538649,0.00879075,0.00900388,0.00767712,0.00664087
2011-10,0.00790196,-0.02771125,-0.02771125,False,-0.00480115,-0.02514952,0.00843675,-0.00619733,0.09157668,True,0.01788431,0.02918603,0.04939337,-0.00488704,0.20269019,True,0.04308164,0.07467504,0.08867071,-0.00373720,0.00832958,0.00839426,0.00732244,0.00645211
2011-11,0.00711340,-0.02930556,0.02019211,True,0.00386960,-0.00327074,0.02464116,-0.00504791,0.11236572,True,0.02095280,0.03787300,0.05906868,-0.00552876,0.21738706,True,0.04206947,0.08548450,0.09605600,-0.00622291,0.00740825,0.00743759,0.00647752,0.00654169
2011-12,0.00676807,-0.01888543,0.04973734,True,0.00399481,0.01454209,0.03596335,-0.00476292,0.13074187,True,0.01640993,0.05261460,0.06764187,-0.00592454,0.23672474,True,0.03124675,0.10481726,0.10821109,-0.00755037,0.00704193,0.00707044,0.00624880,0.00674949
2012-01,0.00645424,-0.01438783,0.06554462,True,0.00486377,0.02546285,0.04002047,-0.00480246,0.13860323,True,0.01604230,0.06135290,0.06674281,-0.00553478,0.23785053,True,0.02657002,0.11119386,0.10834172,-0.00825507,0.00669104,0.00663280,0.00597310,0.00672764
2012-02,0.00606293,-0.01556593,0.07657324,True,0.00602742,0.03189357,0.04365802,-0.00500577,0.14348283,True,0.01586251,0.06634856,0.06744969,-0.00617793,0.23594020,True,0.02324859,0.11307624,0.11038414,-0.01076876,0.00628435,0.00625507,0.00561349,0.00643049
2012-03,0.00606299,-0.01629270,0.07634038,True,0.00562694,0.03179787,0.04420935,-0.00529379,0.14408906,True,0.01460375,0.06666249,0.06901595,-0.00619312,0.23435720,True,0.01862672,0.11405767,0.11273214,-0.01105933,0.00628296,0.00626491,0.00560221,0.00657227
2012-04,0.00553617,-0.01488453,0.09556567,True,0.00568939,0.04288227,0.05270694,-0.00571294,0.15944650,True,0.01231331,0.07841589,0.07542899,-0.00671169,0.24282773,True,0.00997023,0.12538351,0.11899269,-0.01151870,0.00570831,0.00573759,0.00512573,0.00628124
2012-05,0.00527477,-0.01530342,0.10534485,True,0.00764292,0.04575753,0.05581389,-0.00386949,0.16814081,True,0.01391949,0.07850218,0.08070657,-0.00498744,0.25207704,True,0.01298808,0.12510889,0.12035287,-0.00637280,0.00543931,0.00557811,0.00497028,0.00633696
2012-06,0.00492349,-0.01533019,0.11221388,True,0.00537572,0.04621194,0.06369684,-0.00307061,0.17305409,True,0.01076513,0.07778782,0.08828552,-0.00378439,0.25832610,True,0.00987883,0.12577642,0.12780435,-0.00513350,0.00508403,0.00527342,0.00475897,0.00622794
2012-07,0.00487828,-0.01740629,0.11202102,True,0.00421688,0.04430478,0.06585660,-0.00235724,0.17237997,True,0.00970330,0.07417392,0.09026646,-0.00176371,0.25815578,True,0.01018705,0.11870177,0.13224393,-0.00297697,0.00504040,0.00522727,0.00476822,0.00594238
2012-08,0.00500309,-0.01625429,0.11237983,True,0.00264785,0.04456622,0.06925897,-0.00409321,0.17288332,True,0.00634208,0.07332071,0.09759625,-0.00437573,0.25626960,True,0.00523916,0.11454478,0.14134804,-0.00486238,0.00516594,0.00530714,0.00488110,0.00614545
2012-09,0.00487226,-0.01533383,0.11642755,True,0.00293048,0.04563581,0.07177757,-0.00391631,0.17581554,True,0.00618757,0.07302912,0.10121651,-0.00461766,0.25860410,True,0.00630147,0.11318612,0.14405134,-0.00493483,0.00503315,0.00515317,0.00475243,0.00610962
2012-10,0.00487320,-0.01651224,0.11515248,True,0.00193695,0.04394779,0.07330384,-0.00403610,0.17495915,True,0.00480937,0.07094641,0.10449946,-0.00529609,0.25676785,True,0.00185135,0.11197678,0.14633357,-0.00339384,0.00503459,0.00516506,0.00474338,0.00608635
2012-11,0.00483986,-0.01735674,0.11533327,True,-0.00067564,0.04374785,0.07812463,-0.00586357,0.17460249,True,0.00128458,0.06952480,0.11148304,-0.00768993,0.25742008,True,-0.00735118,0.11089963,0.16075798,-0.00688636,0.00500438,0.00513315,0.00472111,0.00604783
2012-12,0.00475461,-0.01717851,0.11639223,True,-0.00086062,0.04336566,0.08015305,-0.00626585,0.17561342,True,0.00166738,0.06784751,0.11383246,-0.00773393,0.25790578,True,-0.01025492,0.10888720,0.16561157,-0.00633808,0.00491648,0.00503056,0.00461460,0.00594446
2013-01,0.00472202,-0.01723632,0.11828085,True,-0.00072702,0.04373902,0.08155788,-0.00628903,0.17767257,True,0.00159040,0.06723180,0.11617231,-0.00732194,0.25998061,True,-0.01187791,0.10904623,0.16686347,-0.00405118,0.00488169,0.00495742,0.00454673,0.00585341
2013-02,0.00477774,-0.01759412,0.12341568,True,0.00355884,0.04480727,0.07937476,-0.00432519,0.18666557,True,0.00760467,0.07001759,0.11442520,-0.00538189,0.27674384,True,0.00130170,0.11392442,0.16502767,-0.00350996,0.00494184,0.00499596,0.00458868,0.00591833
2013-03,0.00476753,-0.01871137,0.12776993,True,0.00517974,0.04448679,0.08048874,-0.00238534,0.19298986,True,0.00971943,0.07039474,0.11659822,-0.00372252,0.28335543,True,0.00866701,0.10917390,0.16829979,-0.00278527,0.00493048,0.00494231,0.00454902,0.00578166
2013-04,0.00466725,-0.01934777,0.13094841,True,0.00704054,0.04527116,0.07908540,-0.00044868,0.19678323,True,0.01290388,0.07104576,0.11306285,-0.00022926,0.29114202,True,0.01726722,0.10805608,0.16538215,0.00043657,0.00483200,0.00484356,0.00447112,0.00566814
2013-05,0.00460966,-0.02264853,0.12770902,True,0.00544866,0.04157559,0.08037470,0.00031007,0.19325982,True,0.01073951,0.06676579,0.11662603,-0.00087151,0.28656509,True,0.01361478,0.10118113,0.17115212,0.00061706,0.00477575,0.00480259,0.00443594,0.00561580
2013-06,0.00449790,-0.02749485,0.12852874,True,0.00532702,0.03962676,0.08572551,-0.00215054,0.19346330,True,0.01072828,0.06226010,0.12476738,-0.00429246,0.28225151,True,0.01541709,0.09615583,0.17356670,-0.00288811,0.00465551,0.00470461,0.00431793,0.00537175
2013-07,0.00438813,-0.02753307,0.13771967,True,0.02024523,0.04183433,0.07645170,-0.00081160,0.20500306,True,0.03474299,0.06261272,0.10755366,0.00009370,0.29205454,True,0.05020204,0.08602109,0.15518359,0.00064782,0.00455193,0.00456327,0.00420491,0.00534275
2013-08,0.00433263,-0.02447431,0.13891814,True,0.02013422,0.04193611,0.07766046,-0.00081265,0.20337143,True,0.03454666,0.06097381,0.10809502,-0.00024405,0.28295460,True,0.04650059,0.08210960,0.15658680,-0.00224239,0.00450046,0.00452550,0.00418878,0.00527279
2013-09,0.00433836,-0.02612131,0.13582386,True,0.01972009,0.04006560,0.07613388,-0.00009570,0.19873244,True,0.03436255,0.05697341,0.10667930,0.00071718,0.27237568,True,0.04486478,0.07299895,0.15498821,-0.00047627,0.00450930,0.00453571,0.00420877,0.00522890
2013-10,0.00425740,-0.02532990,0.13879262,True,0.02071548,0.04020418,0.07713174,0.00074122,0.20210516,True,0.03568355,0.05714639,0.10734624,0.00192898,0.27223669,True,0.04699174,0.07005814,0.15659322,-0.00140640,0.00442987,0.00447225,0.00415453,0.00515169
2013-11,0.00427067,-0.02403936,0.13790084,True,0.02068379,0.04081856,0.07603242,0.00036606,0.20039627,True,0.03546591,0.05656625,0.10595928,0.00240483,0.26781042,True,0.04269332,0.07118242,0.15197875,0.00195592,0.00444405,0.00449456,0.00418371,0.00511016
2013-12,0.00415109,-0.02089722,0.14292454,True,0.02188730,0.04212955,0.07778541,0.00112228,0.20405859,True,0.03614668,0.05676103,0.10743875,0.00371213,0.26876806,True,0.03878250,0.06753779,0.16049151,0.00195625,0.00432314,0.00436246,0.00405926,0.00494577
2014-01,0.00420338,-0.02119558,0.14198125,True,0.02214204,0.04143965,0.07745129,0.00094828,0.20350594,True,0.03698664,0.05581557,0.10648920,0.00421453,0.26982889,True,0.03764045,0.06624931,0.16210378,0.00383534,0.00437214,0.00437558,0.00407938,0.00487963
2014-02,0.00411831,-0.02270870,0.13719977,True,0.01836924,0.03534667,0.08119342,0.00229044,0.19484139,True,0.03254384,0.04622182,0.10962185,0.00645388,0.25144375,True,0.03321047,0.04865731,0.16270906,0.00686692,0.00428507,0.00424442,0.00397142,0.00474722
2014-03,0.00404577,-0.02290958,0.13909110,True,0.01850615,0.03606329,0.08104780,0.00347385,0.19625254,True,0.03064325,0.04634796,0.11140954,0.00785179,0.25168381,True,0.03128932,0.04820309,0.16447471,0.00771669,0.00421555,0.00416644,0.00390797,0.00474592
2014-04,0.00415074,-0.02280228,0.13501991,True,0.01517325,0.03078768,0.08350821,0.00555077,0.19011627,True,0.02493823,0.03843363,0.11584740,0.01089702,0.23782015,True,0.02283118,0.03485143,0.16707367,0.01306387,0.00432144,0.00422645,0.00397605,0.00485195
2014-05,0.00434981,-0.02349121,0.12947719,True,0.00973085,0.02283184,0.09060089,0.00631360,0.18362262,True,0.01540830,0.02850050,0.12734986,0.01236396,0.22614217,True,0.00243058,0.02837691,0.17461932,0.02071536,0.00452805,0.00445832,0.00419296,0.00521495
2014-06,0.00430620,-0.02154795,0.13211860,True,0.00788121,0.01791992,0.09822644,0.00809104,0.18773712,True,0.01337510,0.02058259,0.13861438,0.01516504,0.23206430,True,0.00200567,0.00494588,0.20381979,0.02129296,0.00448504,0.00437955,0.00413988,0.00513787
2014-07,0.00437590,-0.01869072,0.13500593,True,0.00074156,0.01432898,0.11221467,0.00772072,0.19205938,True,0.00297202,0.01369343,0.16091507,0.01447886,0.24153088,True,-0.01766046,0.00120406,0.23509604,0.02289124,0.00455827,0.00439278,0.00418119,0.00523153
2014-08,0.00427981,-0.01695258,0.13647184,True,0.00378379,0.01593545,0.10897036,0.00778224,0.19240548,True,0.00490891,0.01508666,0.15838687,0.01402305,0.24112372,True,-0.01997939,-0.01271396,0.25176492,0.02205216,0.00445861,0.00430160,0.00411043,0.00511669
2014-09,0.00418013,-0.01677584,0.13929679,True,0.00744463,0.00968868,0.11026369,0.01189979,0.19580123,True,0.01094283,0.00990457,0.15496353,0.01999029,0.24926470,True,-0.02024550,-0.02276863,0.25892039,0.03335844,0.00428998,0.00419255,0.00401345,0.00506387
2014-10,0.00406230,-0.01878806,0.13527258,True,0.00738566,0.00632001,0.11004988,0.01151703,0.18805626,True,0.01000688,0.00403686,0.15455511,0.01945742,0.23171074,True,-0.02279423,-0.03365701,0.25796387,0.03019810,0.00416264,0.00405120,0.00390239,0.00476038
2014-11,0.00398361,-0.01777184,0.13328725,True,0.00457099,0.00391837,0.11258454,0.01221334,0.18104157,True,0.00492879,0.00217279,0.15451495,0.01942505,0.21027675,True,-0.04125086,-0.02025288,0.23807428,0.03370621,0.00406518,0.00396308,0.00383027,0.00456671
2014-12,0.00382340,-0.01685496,0.13694785,True,0.00419397,0.00939709,0.11006732,0.01328947,0.18212590,True,0.00196007,0.00731217,0.15302369,0.01982997,0.20849226,True,-0.05084094,-0.01651705,0.24223678,0.03361347,0.00388514,0.00388081,0.00375353,0.00420245
2015-01,0.00392604,-0.01456697,0.14267141,True,0.00321453,0.01247498,0.11208950,0.01489241,0.18784083,True,-0.00250942,0.00947336,0.15759625,0.02328064,0.21686320,True,-0.05904340,-0.01093413,0.25033533,0.03650540,0.00398600,0.00402653,0.00391256,0.00414366
2015-02,0.00400734,-0.00570017,0.14815249,True,0.00687635,0.02017954,0.10244038,0.01865621,0.19526232,True,0.00119862,0.02119889,0.14468919,0.02817563,0.23247711,True,-0.03496984,0.01872206,0.20236718,0.04635772,0.00406893,0.00413823,0.00402720,0.00416859
2015-03,0.00388284,-0.00907244,0.14673850,True,0.00813935,0.02203452,0.09906986,0.01749477,0.19377188,True,0.00620015,0.02548361,0.13658965,0.02549846,0.22890151,True,-0.03066104,0.02635314,0.18545658,0.04775283,0.00394316,0.00404155,0.00396665,0.00390747
2015-04,0.00388378,-0.00453942,0.15185653,True,0.00978954,0.02697942,0.09622762,0.01885995,0.19995493,True,0.00776103,0.03255223,0.13219870,0.02744296,0.23857800,True,-0.03859840,0.04443221,0.18577515,0.04696903,0.00394496,0.00404351,0.00399689,0.00384813
2015-05,0.00405415,-0.00212430,0.15350206,True,0.01256299,0.02685788,0.09155118,0.02253001,0.20334263,True,0.01594087,0.02965393,0.12628961,0.03145822,0.24625035,True,-0.02036903,0.03465866,0.16808531,0.06387542,0.00411942,0.00426753,0.00424163,0.00402086
2015-06,0.00385902,-0.00282650,0.16439374,True,0.01608445,0.03509044,0.08731109,0.02590776,0.21408189,True,0.01659133,0.03971991,0.12285725,0.03491339,0.25622302,True,-0.01506531,0.04453715,0.16351554,0.06323564,0.00392538,0.00408152,0.00409377,0.00382327
2015-07,0.00378075,-0.00128004,0.17087071,True,0.01541157,0.03818916,0.08888447,0.02838551,0.22141707,True,0.01396546,0.04181837,0.12715208,0.03848116,0.26638366,True,-0.00653392,0.03216206,0.16598636,0.07476915,0.00384729,0.00399858,0.00402382,0.00371195
2015-08,0.00361230,0.00073997,0.17515186,True,0.01796819,0.03877029,0.08819601,0.03021738,0.22566166,True,0.01488332,0.04200224,0.12690732,0.04186878,0.26918731,True,-0.01506672,0.04484327,0.16794628,0.07146448,0.00367800,0.00386801,0.00387673,0.00359635
2015-09,0.00375855,0.00296308,0.17345657,True,0.01936462,0.03824898,0.08429594,0.03154703,0.22442786,True,0.02019835,0.04120499,0.11826480,0.04475972,0.27788004,True,0.01084086,0.03976094,0.14183577,0.08544246,0.00383701,0.00404073,0.00405904,0.00362570
2015-10,0.00377236,0.00471613,0.17315512,True,0.01878839,0.03772977,0.08348315,0.03315380,0.22398473,True,0.02034489,0.04233321,0.11317667,0.04812996,0.28215354,True,0.00642209,0.03462834,0.15330325,0.08779986,0.00384937,0.00406165,0.00408003,0.00361127
2015-11,0.00385853,0.00942294,0.17746418,True,0.02244540,0.04133564,0.07989489,0.03378825,0.22899813,True,0.02417263,0.04790899,0.10796702,0.04894949,0.29080925,True,0.01365386,0.04168331,0.14410846,0.09136362,0.00394276,0.00415372,0.00422232,0.00363038
2015-12,0.00383853,0.00983690,0.17758073,True,0.02175754,0.04038346,0.08126907,0.03417066,0.22885545,True,0.02165535,0.04672955,0.11148299,0.04898756,0.29548259,True,0.00435074,0.04521424,0.15922028,0.08669731,0.00392276,0.00414099,0.00424454,0.00355398
2016-01,0.00377733,0.01129982,0.17942157,True,0.02247404,0.04078308,0.08236172,0.03380273,0.23202586,True,0.02202880,0.04765121,0.11427637,0.04806948,0.29372902,True,-0.00178834,0.05356594,0.15857836,0.08337307,0.00385627,0.00406454,0.00417190,0.00346920
2016-02,0.00416527,0.01146912,0.16854017,True,0.01942567,0.04075396,0.07784723,0.03051331,0.22111134,True,0.02406880,0.05003239,0.10225494,0.04475521,0.28536212,True,-0.00118051,0.06207048,0.14614691,0.07832524,0.00424755,0.00439676,0.00452149,0.00370161
2016-03,0.00417372,0.00483219,0.14587318,True,0.01256977,0.03153759,0.07915693,0.02260889,0.19498438,True,0.02405325,0.03765483,0.10232936,0.03094694,0.24786196,True,0.02192143,0.01439339,0.15141384,0.06013330,0.00425963,0.00442821,0.00454300,0.00368951
2016-04,0.00426254,0.00487558,0.14197889,True,0.01059577,0.02989589,0.08150674,0.01998048,0.19026792,True,0.01975416,0.03619404,0.10869665,0.02562307,0.24483010,True,0.00985141,0.03012940,0.16392668,0.04092261,0.00434931,0.00454000,0.00464304,0.00376567
2016-05,0.00450640,0.00504944,0.13796057,True,0.00949094,0.03018061,0.07812991,0.02015909,0.19011042,True,0.01843788,0.03758059,0.10717081,0.02692114,0.24859036,True,-0.00007434,0.03939567,0.16764968,0.04161934,0.00459363,0.00474585,0.00491773,0.00390430
2016-06,0.00444510,0.00575440,0.13926915,True,0.01006568,0.03055867,0.07945624,0.01918856,0.18981759,True,0.01882475,0.03959725,0.10621709,0.02517850,0.24669216,True,0.00456755,0.04261261,0.16501503,0.03449696,0.00453467,0.00472037,0.00484841,0.00388402
2016-07,0.00478800,0.00561281,0.13142087,True,0.00742422,0.02460089,0.08277519,0.01662058,0.18413756,True,0.01779665,0.03534332,0.10978201,0.02121557,0.24135497,True,0.00817782,0.03714074,0.16417300,0.03186341,0.00488825,0.00508527,0.00518647,0.00411943
2016-08,0.00453211,0.00524365,0.13503392,True,0.00998679,0.03092015,0.07756052,0.01656646,0.18600329,True,0.01897610,0.04302305,0.10317319,0.02083095,0.24023710,True,0.00998429,0.05121487,0.15325071,0.02578724,0.00462926,0.00482045,0.00490068,0.00383082
2016-09,0.00452588,0.00434701,0.13341434,True,0.01280938,0.03555782,0.06951346,0.01553368,0.18368229,True,0.02247737,0.04719992,0.09471102,0.01929398,0.23748927,True,0.01176798,0.05611230,0.14644326,0.02316574,0.00461903,0.00479616,0.00488005,0.00377604
2016-10,0.00468788,0.00367720,0.12711218,True,0.01327546,0.04240061,0.05824111,0.01319500,0.17818974,True,0.02383313,0.05611845,0.08174163,0.01649652,0.22976839,True,0.01548395,0.07193443,0.12161144,0.02073857,0.00478004,0.00492086,0.00501543,0.00378948
2016-11,0.00473637,0.00433842,0.12658699,True,0.01362633,0.04385083,0.05608077,0.01302906,0.17788008,True,0.02372358,0.05794204,0.08017311,0.01604135,0.23075864,True,0.01775850,0.07384376,0.12219597,0.01696041,0.00482938,0.00497415,0.00504080,0.00384626
2016-12,0.00486333,0.00592413,0.12326341,True,0.01420125,0.05097011,0.04594539,0.01214665,0.17573737,True,0.02656941,0.06658344,0.06686129,0.01572323,0.22913427,True,0.02795323,0.08728994,0.09533498,0.01855612,0.00495363,0.00507910,0.00518386,0.00373103
2017-01,0.00491673,0.00675777,0.12205018,True,0.01392016,0.05266062,0.04417738,0.01129201,0.17469483,True,0.02610770,0.06950341,0.06467993,0.01440379,0.22775307,True,0.02240231,0.09216576,0.09838518,0.01479982,0.00500826,0.00514415,0.00523728,0.00375938
2017-02,0.00473407,0.00687090,0.12277950,True,0.01418100,0.05400399,0.04478502,0.00980948,0.17384581,True,0.02510341,0.07210657,0.06507174,0.01156410,0.23059979,True,0.01902691,0.09641626,0.10600074,0.00915587,0.00482599,0.00498854,0.00507337,0.00364990
2017-03,0.00457147,0.00627822,0.12338042,True,0.01667368,0.05539155,0.04179145,0.00952373,0.17256507,True,0.02729682,0.07204701,0.06279014,0.01043110,0.22689234,True,0.02090356,0.09589185,0.10101123,0.00908569,0.00465909,0.00482310,0.00487380,0.00352678
2017-04,0.00451992,0.00732842,0.12494025,True,0.01686658,0.05878808,0.04089738,0.00838820,0.17386705,True,0.02756734,0.07622681,0.06121901,0.00885388,0.22907120,True,0.01977410,0.10144527,0.10168189,0.00616993,0.00460879,0.00480518,0.00483394,0.00348832
2017-05,0.00438748,0.00775054,0.12798706,True,0.01662866,0.06159460,0.04220177,0.00756203,0.17611076,True,0.02757081,0.07903321,0.06200967,0.00749706,0.23221771,True,0.01767943,0.10799589,0.10223045,0.00431194,0.00447477,0.00467733,0.00470086,0.00343025
2017-06,0.00428314,0.00764018,0.12771144,True,0.01854254,0.06416684,0.03832921,0.00667284,0.17440110,True,0.02917339,0.08153913,0.05779824,0.00589034,0.23049416,True,0.01664710,0.11211746,0.09956131,0.00216828,0.00437147,0.00460584,0.00460456,0.00340019
2017-07,0.00440788,0.00973919,0.12679833,True,0.01671668,0.06549587,0.03710919,0.00747659,0.17312862,True,0.02627208,0.08281573,0.05720360,0.00683721,0.22813499,True,0.01091147,0.11348153,0.10030757,0.00343442,0.00449605,0.00469078,0.00472414,0.00346534
2017-08,0.00428414,0.01157526,0.13069874,True,0.01749992,0.06747462,0.03796851,0.00775570,0.17669214,True,0.02669780,0.08411806,0.05905987,0.00681641,0.23144030,True,0.00742406,0.11657292,0.10425392,0.00318940,0.00436693,0.00450317,0.00454393,0.00331574
2017-09,0.00413055,0.01265624,0.13210397,True,0.01812769,0.06908490,0.03775940,0.00713198,0.17667684,True,0.02753563,0.08448783,0.05896859,0.00568479,0.23073174,True,0.00769310,0.11710700,0.10553243,0.00039922,0.00421135,0.00435673,0.00438006,0.00324431
2017-10,0.00433204,0.01513084,0.13225214,True,0.01793375,0.06971476,0.03692007,0.00768356,0.17733818,True,0.02715629,0.08455489,0.05907108,0.00655592,0.23262870,True,0.01206800,0.11591786,0.10084821,0.00379462,0.00441216,0.00453635,0.00457962,0.00338782
2017-11,0.00429967,0.01552867,0.13443453,True,0.01882983,0.07037855,0.03769560,0.00753055,0.18084762,True,0.02807528,0.08539571,0.06142686,0.00594978,0.23953655,True,0.02332333,0.11175217,0.09862547,0.00583557,0.00437885,0.00443623,0.00449377,0.00334928
2017-12,0.00424056,0.01578569,0.13481650,True,0.01873536,0.06993320,0.03841975,0.00772819,0.18118840,True,0.02818312,0.08480506,0.06198189,0.00621833,0.23925094,True,0.02512493,0.11064371,0.09578005,0.00770224,0.00431348,0.00430216,0.00440536,0.00331448
2018-01,0.00424533,0.01533284,0.13567932,True,0.01799143,0.07142257,0.03840809,0.00785723,0.18255658,True,0.02647420,0.08640432,0.06347171,0.00620635,0.24272673,True,0.02293416,0.11763988,0.09516938,0.00698331,0.00432240,0.00431243,0.00446867,0.00336807
2018-02,0.00401773,0.01293887,0.13636772,True,0.01906923,0.07198768,0.03774597,0.00756484,0.18238903,True,0.02777014,0.08699476,0.06210636,0.00551778,0.24422274,True,0.02481142,0.11988830,0.09299583,0.00652718,0.00409538,0.00410253,0.00425359,0.00319153
2018-03,0.00377500,0.01436690,0.13810253,True,0.02088426,0.06998793,0.04009064,0.00713970,0.18228226,True,0.02945814,0.08394242,0.06367769,0.00520400,0.24529365,True,0.02570469,0.12112992,0.09100744,0.00745160,0.00384952,0.00389740,0.00399111,0.00302133
2018-04,0.00396050,0.01598800,0.13846663,True,0.02144807,0.06899842,0.03884541,0.00917473,0.18410495,True,0.03048791,0.08318981,0.06256340,0.00786383,0.24871680,True,0.03067709,0.11989118,0.08648187,0.01166666,0.00403792,0.00412294,0.00417563,0.00320083
2018-05,0.00427355,0.01844903,0.13779092,True,0.02005892,0.07046989,0.03669740,0.01056471,0.18574541,True,0.02947460,0.08718129,0.05993270,0.00915681,0.25322010,True,0.02876613,0.12363307,0.08914194,0.01167895,0.00434699,0.00439342,0.00444667,0.00345618
2018-06,0.00433293,0.01799350,0.13672749,True,0.02080932,0.07033800,0.03507915,0.01050103,0.18484207,True,0.03059451,0.08722288,0.05785444,0.00917024,0.25273090,True,0.02947422,0.12250040,0.08993266,0.01082363,0.00439767,0.00439197,0.00444225,0.00346219
2018-07,0.00446750,0.01927443,0.13522892,True,0.02021904,0.07068596,0.03415705,0.01016687,0.18331075,True,0.02977689,0.08823143,0.05665719,0.00864523,0.25364090,True,0.03096798,0.12238242,0.09081762,0.00947289,0.00453307,0.00451231,0.00454370,0.00348123
2018-08,0.00434485,0.01816294,0.13501353,True,0.01922622,0.07146149,0.03480655,0.00951928,0.18301955,True,0.02737770,0.08948203,0.05820747,0.00795236,0.25445091,True,0.02725553,0.12312358,0.09655127,0.00752053,0.00441201,0.00443494,0.00446585,0.00313539
2018-09,0.00404748,0.01743708,0.13918679,True,0.01828007,0.07324421,0.03995889,0.00770360,0.18600186,True,0.02616413,0.09114515,0.06294627,0.00574632,0.25897974,True,0.02414553,0.12876459,0.10123511,0.00483450,0.00410632,0.00413196,0.00412740,0.00296990
2018-10,0.00419152,0.01751640,0.13954133,True,0.01918893,0.07604956,0.03719231,0.00711053,0.18807919,True,0.02754141,0.09597722,0.05999041,0.00457015,0.26326578,True,0.02898643,0.13190381,0.10082885,0.00154669,0.00425225,0.00425825,0.00423746,0.00308193
2018-11,0.00412327,0.01706984,0.13877725,True,0.01789438,0.07744777,0.03704775,0.00638735,0.18619239,True,0.02638063,0.09762665,0.05820072,0.00398439,0.25888325,True,0.03232988,0.13225252,0.09371162,0.00058923,0.00418965,0.00431912,0.00415502,0.00302624
2018-12,0.00399082,0.01669862,0.13622377,True,0.01785645,0.07905601,0.03411480,0.00519651,0.18164017,True,0.02603413,0.09742053,0.05509089,0.00309462,0.25018379,True,0.03689761,0.13228592,0.08340961,-0.00240935,0.00405482,0.00420755,0.00404732,0.00302481
2019-01,0.00391206,0.01554080,0.13668434,True,0.01549478,0.08119925,0.03572944,0.00426088,0.18131302,True,0.02249026,0.09882751,0.05801159,0.00198365,0.24673097,True,0.03117845,0.13313282,0.08632673,-0.00390703,0.00398128,0.00414482,0.00395693,0.00281686
2019-02,0.00383587,0.01606965,0.13638300,True,0.01411678,0.08142047,0.03852238,0.00232336,0.18104247,True,0.01996106,0.10038170,0.06110534,-0.00040563,0.24883253,True,0.02723406,0.13321758,0.09617418,-0.00779329,0.00390286,0.00406558,0.00386996,0.00274688
2019-03,0.00378513,0.01684343,0.14224610,True,0.01624731,0.08392405,0.03996791,0.00210683,0.18743408,True,0.02374091,0.10272879,0.06155916,-0.00059478,0.25599602,True,0.03196900,0.14237828,0.08881667,-0.00716793,0.00385107,0.00399552,0.00379738,0.00277330
2019-04,0.00383793,0.01565090,0.14231025,True,0.01501585,0.08429124,0.04052704,0.00247612,0.18755466,True,0.02251590,0.10245617,0.06294104,-0.00035845,0.25349555,True,0.03179536,0.14301650,0.08869405,-0.01001036,0.00390353,0.00407341,0.00384901,0.00282377
2019-05,0.00371590,0.01485085,0.14108270,True,0.01594059,0.08432165,0.03972609,0.00109437,0.18482248,True,0.02280944,0.10413318,0.06109502,-0.00321515,0.25100702,True,0.03335562,0.14998174,0.08294528,-0.01527563,0.00377540,0.00392071,0.00367188,0.00282875
2019-06,0.00363762,0.01624819,0.14286027,True,0.01536693,0.08528754,0.04173574,0.00047007,0.18542133,True,0.02293300,0.10464350,0.06240119,-0.00455635,0.24994191,True,0.03324302,0.15632087,0.07492972,-0.01455170,0.00369636,0.00387874,0.00357691,0.00279954
2019-07,0.00369553,0.02039057,0.14588369,True,0.01454756,0.08542135,0.04133988,0.00457489,0.18814110,True,0.02141579,0.10793471,0.05759191,0.00119870,0.25452547,True,0.03520540,0.15685493,0.07005122,-0.00758608,0.00375052,0.00392964,0.00363223,0.00283112
2019-08,0.00363539,0.02005246,0.13994335,True,0.01698971,0.08349319,0.03600748,0.00345297,0.18018704,True,0.02428585,0.10715179,0.04833076,0.00041865,0.24680036,True,0.03956631,0.15530886,0.05923583,-0.00731064,0.00368863,0.00386622,0.00352751,0.00278366
2019-09,0.00344530,0.01823696,0.13925223,True,0.01781646,0.08072492,0.03424201,0.00646884,0.17767895,True,0.02382252,0.10369303,0.04559918,0.00456422,0.24183051,True,0.04222577,0.14705814,0.05606219,-0.00351560,0.00349904,0.00372069,0.00335117,0.00266540
2019-10,0.00354425,0.02152674,0.14103732,True,0.01871313,0.08048731,0.03245840,0.00937847,0.18063800,True,0.02476632,0.10548875,0.04075294,0.00962999,0.24981384,True,0.04099539,0.14816083,0.05483935,0.00581828,0.00359897,0.00376206,0.00344808,0.00273057
2019-11,0.00345179,0.02154690,0.14026846,True,0.02026029,0.07961103,0.03032385,0.01007328,0.17936566,True,0.02632360,0.10514400,0.03678850,0.01110955,0.24726969,True,0.04343631,0.14301435,0.05464521,0.00617382,0.00350398,0.00366000,0.00339947,0.00264041
2019-12,0.00333430,0.02385498,0.14550522,True,0.02349336,0.07905079,0.02802680,0.01493427,0.18728058,True,0.03111245,0.10457195,0.03312895,0.01846723,0.25792548,True,0.05320600,0.13784448,0.04950997,0.01736504,0.00338261,0.00348570,0.00326828,0.00254024
2020-01,0.00340660,0.02474938,0.14295311,True,0.02469632,0.07851337,0.02458925,0.01515418,0.18400079,True,0.03267920,0.10417909,0.02832961,0.01881290,0.25410123,True,0.05623950,0.13513836,0.04371306,0.01901032,0.00345486,0.00353355,0.00334417,0.00259844
2020-02,0.00322625,0.02249399,0.13763528,True,0.02976311,0.07430709,0.01794995,0.01561513,0.17729510,True,0.04023958,0.09817508,0.01906771,0.01981273,0.24226542,True,0.07413785,0.11568919,0.03149898,0.02093940,0.00327555,0.00341547,0.00315858,0.00247709
2020-03,0.00305111,0.01949009,0.13447535,True,0.03053988,0.07099363,0.01574433,0.01719752,0.17225748,True,0.04143131,0.09227476,0.01694101,0.02161040,0.23327509,True,0.07635195,0.10397171,0.03046978,0.02248165,0.00310318,0.00332844,0.00305146,0.00241978
2020-04,0.00294740,0.01208680,0.14926179,True,0.02212657,0.06535405,0.03873455,0.02304662,0.19798411,True,0.03229203,0.08650951,0.04772919,0.03145339,0.27423055,True,0.06987087,0.10399646,0.05665238,0.04371084,0.00328642,0.00359131,0.00300603,0.00218834
2020-05,0.00317777,0.01514268,0.14814709,True,0.02028568,0.06499865,0.03943364,0.02342912,0.19708178,True,0.02893385,0.08561410,0.05111116,0.03142267,0.27876108,True,0.05321280,0.11557787,0.06592658,0.04404384,0.00346285,0.00375757,0.00324790,0.00232743
2020-06,0.00311934,0.01492425,0.14493402,True,0.01683099,0.06210566,0.04359875,0.02239862,0.19303784,True,0.02484270,0.08318161,0.05452566,0.03048787,0.27409514,True,0.04729477,0.11318561,0.07160488,0.04200988,0.00338520,0.00369293,0.00319855,0.00224248
2020-07,0.00301202,0.01324152,0.14146496,True,0.01548484,0.05857823,0.04798550,0.01941638,0.18891295,True,0.02250153,0.07905441,0.06065221,0.02670481,0.26881492,True,0.04443901,0.10807961,0.07937737,0.03691894,0.00324809,0.00352730,0.00307672,0.00214022
2020-08,0.00292500,0.01156136,0.13566293,True,0.01435330,0.05414714,0.04773017,0.01943232,0.18112292,True,0.02044079,0.07345381,0.06075612,0.02647220,0.25851820,True,0.03633175,0.10306352,0.08392128,0.03520166,0.00315997,0.00348060,0.00301896,0.00204909
2020-09,0.00271881,0.01034484,0.13179835,True,0.01287799,0.05162203,0.04840994,0.01888839,0.17613312,True,0.01851191,0.07014149,0.06166947,0.02581026,0.25153928,True,0.03312141,0.09701395,0.08740080,0.03400312,0.00293258,0.00323120,0.00280992,0.00187903
2020-10,0.00261374,0.00906591,0.12801065,True,0.01361611,0.05112416,0.04422752,0.01904286,0.17133982,True,0.02013270,0.06930058,0.05560973,0.02629681,0.24319394,True,0.03434110,0.09048751,0.08444135,0.03392399,0.00282677,0.00318669,0.00273673,0.00183717
2020-11,0.00267723,0.00885400,0.12755113,True,0.01346179,0.05322457,0.04166765,0.01919712,0.17070607,True,0.02064729,0.07165273,0.05169953,0.02670651,0.24222119,True,0.03501280,0.09198188,0.08057885,0.03464766,0.00289766,0.00330312,0.00281558,0.00187924
2020-12,0.00274828,0.00918669,0.12883452,True,0.01203663,0.05379344,0.04276042,0.02024402,0.17295003,True,0.01780840,0.07170680,0.05526122,0.02817361,0.24792590,True,0.02877187,0.09799474,0.08168744,0.03947186,0.00294574,0.00326335,0.00288546,0.00187287
2021-01,0.00272959,0.00933335,0.12761071,True,0.01306568,0.05110511,0.04226489,0.02117503,0.17075168,True,0.01932671,0.06740355,0.05471938,0.02930204,0.24409516,True,0.03250339,0.09078565,0.07934268,0.04146343,0.00291942,0.00322044,0.00288531,0.00184586
2021-02,0.00276988,0.00876271,0.11811702,True,0.01423025,0.05156086,0.03218058,0.02014532,0.15797519,True,0.02123045,0.06755254,0.04095657,0.02823562,0.22477662,True,0.03404123,0.09154653,0.05943516,0.03975369,0.00295753,0.00326881,0.00291773,0.00193374
2021-03,0.00297094,0.00974066,0.11451066,True,0.01400653,0.05170136,0.02824592,0.02055685,0.15297590,True,0.02019605,0.06593742,0.03934951,0.02749291,0.21917459,True,0.03465830,0.09230582,0.05090185,0.04130861,0.00315586,0.00341202,0.00313397,0.00205686
2021-04,0.00305663,0.01007069,0.10886934,True,0.01056788,0.04964625,0.03104791,0.01760731,0.14555682,True,0.01602206,0.06504527,0.04070344,0.02378606,0.20875722,True,0.02732047,0.08973319,0.05650909,0.03519447,0.00324453,0.00352962,0.00324566,0.00209730
2021-05,0.00294298,0.00898733,0.10845119,True,0.00936236,0.05000346,0.03244051,0.01664486,0.14462394,True,0.01480185,0.06545212,0.04188429,0.02248568,0.20775022,True,0.02562471,0.09046545,0.05811546,0.03354460,0.00313453,0.00343089,0.00313941,0.00203359
2021-06,0.00300111,0.00854543,0.10499236,True,0.00756231,0.04828367,0.03394509,0.01520129,0.14047025,True,0.01225975,0.06281135,0.04533112,0.02006803,0.20273385,True,0.02220853,0.08851004,0.06147858,0.03053670,0.00319542,0.00351128,0.00322990,0.00208018
2021-07,0.00308470,0.00726735,0.10026873,True,0.00575546,0.04715274,0.03403910,0.01332143,0.13481984,True,0.00963672,0.06162625,0.04629225,0.01726461,0.19465837,True,0.01847341,0.08444301,0.06700802,0.02473392,0.00327029,0.00355727,0.00331975,0.00218494
2021-08,0.00288944,0.00644330,0.09874565,True,0.00587175,0.04771596,0.03257919,0.01257874,0.13213685,True,0.00997416,0.06215877,0.04360057,0.01640335,0.19058929,True,0.01886552,0.08462223,0.06309610,0.02400544,0.00307459,0.00338984,0.00313319,0.00207340
2021-09,0.00280702,0.00592435,0.09754942,True,0.00540120,0.04628623,0.03367075,0.01219124,0.13029689,True,0.00945719,0.06012949,0.04471027,0.01599994,0.18807473,True,0.01845098,0.08202886,0.06387679,0.02371809,0.00299250,0.00332028,0.00304692,0.00202293
2021-10,0.00306591,0.00614730,0.09599459,True,0.00468075,0.04665446,0.03249152,0.01216786,0.12885739,True,0.00861383,0.06060029,0.04369864,0.01594463,0.18630348,True,0.01664254,0.08135077,0.06576016,0.02255001,0.00325157,0.00356662,0.00332259,0.00222213
2021-11,0.00309945,0.00556716,0.09480758,True,0.00407983,0.04679318,0.03219055,0.01174402,0.12747953,True,0.00795125,0.06081860,0.04338399,0.01532569,0.18404074,True,0.01506661,0.08191212,0.06625895,0.02080307,0.00328433,0.00355599,0.00335522,0.00226937
2021-12,0.00298174,0.00554429,0.09524191,True,0.00338355,0.04618757,0.03423721,0.01143358,0.12756815,True,0.00694125,0.06041845,0.04520737,0.01500108,0.18462847,True,0.01224343,0.08401045,0.06821667,0.02015793,0.00316286,0.00343421,0.00322112,0.00218765
2022-01,0.00296133,0.00438196,0.09251968,True,0.00211941,0.04300393,0.03668633,0.01071002,0.12441899,True,0.00508799,0.05677869,0.04849827,0.01405405,0.18110510,True,0.00975247,0.07986301,0.07310122,0.01838840,0.00315838,0.00346749,0.00322785,0.00222380
2022-02,0.00356384,0.00484957,0.08683611,True,-0.00054118,0.04276660,0.03476862,0.00984206,0.11847224,True,0.00186971,0.05735034,0.04622776,0.01302443,0.17414660,True,0.00767702,0.08213399,0.06702718,0.01730842,0.00378612,0.00408080,0.00386992,0.00284831
2022-03,0.00396860,0.00407673,0.08184789,True,-0.00299419,0.04331393,0.03240890,0.00911925,0.11393278,True,-0.00150358,0.05824414,0.04535109,0.01184113,0.16976687,True,0.00286816,0.08298296,0.06861834,0.01529740,0.00419154,0.00445890,0.00425693,0.00303308
2022-04,0.00436257,0.00228654,0.07488779,True,-0.00621531,0.04306641,0.03018262,0.00785408,0.10715884,True,-0.00585337,0.05855525,0.04423766,0.01021929,0.16214187,True,-0.00329859,0.08276352,0.06914287,0.01353408,0.00459584,0.00488713,0.00467169,0.00318679
2022-05,0.00476361,0.00216247,0.07045472,True,-0.00722196,0.04240527,0.02746403,0.00780739,0.10354153,True,-0.00707695,0.05873764,0.04156980,0.01031104,0.15859449,True,-0.00609349,0.08430197,0.06713506,0.01325094,0.00501449,0.00534914,0.00512741,0.00346967
2022-06,0.00552991,0.00185306,0.06062096,True,-0.00872087,0.03968316,0.02242544,0.00723323,0.09635332,True,-0.00940622,0.05696934,0.03917952,0.00961068,0.15257389,True,-0.00976451,0.08435584,0.06565269,0.01232987,0.00578526,0.00606780,0.00591066,0.00412667
2022-07,0.00535827,0.00079055,0.06197263,True,-0.00915682,0.04241223,0.02142932,0.00728790,0.09666463,True,-0.01026287,0.05942015,0.03775728,0.00975006,0.15223716,True,-0.01117193,0.08666425,0.06413783,0.01260700,0.00558535,0.00582398,0.00561120,0.00387501
2022-08,0.00542125,0.00050605,0.05796193,True,-0.00995045,0.04063354,0.02093863,0.00634020,0.09144520,True,-0.01115005,0.05765074,0.03643404,0.00851047,0.14482285,True,-0.01254044,0.08420603,0.06238419,0.01077307,0.00563172,0.00582405,0.00563677,0.00383470
2022-09,0.00583473,-0.00119374,0.04921647,True,-0.01042655,0.03732015,0.01701299,0.00530988,0.08372883,True,-0.01221364,0.05490271,0.03371643,0.00732333,0.13585570,True,-0.01377120,0.08114146,0.05938324,0.00910219,0.00605617,0.00624480,0.00604956,0.00406855
2022-10,0.00586400,-0.00219049,0.04649168,True,-0.00988682,0.03603186,0.01520005,0.00514659,0.08027061,True,-0.01132997,0.05319136,0.03112870,0.00728052,0.13153428,True,-0.01283984,0.07934978,0.05581404,0.00921030,0.00606878,0.00623405,0.00605194,0.00406338
2022-11,0.00660238,-0.00244753,0.03366141,True,-0.00861472,0.03240425,0.00508213,0.00478975,0.07266536,True,-0.01161728,0.05157620,0.02600819,0.00669825,0.12548314,True,-0.01325775,0.07879822,0.05149986,0.00844281,0.00681450,0.00699077,0.00686912,0.00452792
2022-12,0.00634539,-0.00112896,0.03826230,True,-0.00917576,0.03395709,0.00853399,0.00494698,0.07392503,True,-0.01189132,0.05185359,0.02737040,0.00659236,0.12519761,True,-0.01329824,0.07826481,0.05168471,0.00854633,0.00654507,0.00672675,0.00659277,0.00432809
2023-01,0.00654698,-0.00132607,0.03417954,True,-0.00905364,0.03246175,0.00617110,0.00460033,0.07121076,True,-0.01233995,0.05083004,0.02664007,0.00608060,0.12297073,True,-0.01406227,0.07743751,0.05168838,0.00790711,0.00675365,0.00693252,0.00679748,0.00445752
2023-02,0.00634130,-0.00092272,0.03726162,True,-0.00984677,0.03332876,0.00943287,0.00434676,0.07192957,True,-0.01276063,0.05081641,0.02818944,0.00568435,0.12213647,True,-0.01422445,0.07643049,0.05234311,0.00758732,0.00652666,0.00664028,0.00656171,0.00429467
2023-03,0.00603188,-0.00126425,0.04073256,True,-0.01011140,0.03405150,0.01255265,0.00423982,0.07283141,True,-0.01232724,0.05064474,0.02895428,0.00555962,0.12163251,True,-0.01360716,0.07597890,0.05170382,0.00755694,0.00621744,0.00634090,0.00626915,0.00411089
2023-04,0.00573265,-0.00187662,0.04305914,True,-0.01176563,0.03713887,0.01372208,0.00396382,0.07219337,True,-0.01372591,0.05477337,0.02593662,0.00520929,0.11699509,True,-0.01365605,0.08167686,0.04151117,0.00746311,0.00579561,0.00586149,0.00585740,0.00404328
2023-05,0.00550292,-0.00016803,0.04688898,True,-0.01350668,0.03834390,0.01878957,0.00326219,0.07455207,True,-0.01504353,0.05514361,0.03010390,0.00434809,0.11804438,True,-0.01422482,0.08145750,0.04424940,0.00656230,0.00556996,0.00566906,0.00571765,0.00409395
2023-06,0.00488182,-0.00011549,0.05182182,True,-0.01330996,0.04101412,0.02074677,0.00337089,0.07716713,True,-0.01450393,0.05713829,0.03001280,0.00451997,0.11944190,True,-0.01345286,0.08357955,0.04211093,0.00720428,0.00494564,0.00503195,0.00501254,0.00367300
2023-07,0.00466939,-0.00070786,0.05208094,True,-0.01313459,0.04165741,0.01983933,0.00371879,0.07648393,True,-0.01413348,0.05749218,0.02808855,0.00503668,0.11775121,True,-0.01302139,0.08404379,0.03851573,0.00821309,0.00472446,0.00484625,0.00471975,0.00356039
2023-08,0.00476803,-0.00118575,0.05099767,True,-0.01306236,0.04252676,0.01791696,0.00361631,0.07583480,True,-0.01371808,0.05899048,0.02574445,0.00481795,0.11752816,True,-0.01173447,0.08663412,0.03464585,0.00798266,0.00482422,0.00493713,0.00477912,0.00366260
2023-09,0.00481771,-0.00137283,0.05040329,True,-0.01248186,0.04212996,0.01676567,0.00398952,0.07550613,True,-0.01275221,0.05862664,0.02433754,0.00529416,0.11752680,True,-0.01023149,0.08580527,0.03332344,0.00862958,0.00487387,0.00500782,0.00486159,0.00377552
2023-10,0.00511770,-0.00182699,0.04787057,True,-0.01320334,0.04170087,0.01535745,0.00401559,0.07438992,True,-0.01391985,0.05946730,0.02348645,0.00535603,0.11779006,True,-0.01240938,0.08797002,0.03363578,0.00859364,0.00517474,0.00532185,0.00519037,0.00403890
2023-11,0.00502933,-0.00174280,0.04837988,True,-0.01321316,0.04152013,0.01558621,0.00448669,0.07487056,True,-0.01420998,0.05956324,0.02353089,0.00598641,0.11875323,True,-0.01426773,0.08892912,0.03522104,0.00887079,0.00508506,0.00526286,0.00516200,0.00394513
2023-12,0.00446082,-0.00214330,0.05151661,True,-0.01137712,0.04301968,0.01486695,0.00500711,0.07607736,True,-0.01138424,0.05956584,0.02111144,0.00678432,0.11835366,True,-0.00879639,0.08721052,0.02923961,0.01069992,0.00451019,0.00467891,0.00463386,0.00359052
2024-01,0.00420788,-0.00207584,0.05334469,True,-0.01118624,0.04385732,0.01630340,0.00437022,0.07757223,True,-0.01153708,0.06045866,0.02256892,0.00608174,0.11988341,True,-0.00990107,0.08838231,0.03163213,0.00977004,0.00425703,0.00443988,0.00436640,0.00343268
2024-02,0.00411786,-0.00173160,0.05563591,True,-0.01223192,0.04398038,0.01925216,0.00463530,0.08077358,True,-0.01315459,0.06022379,0.02718998,0.00651440,0.12481059,True,-0.01183489,0.08757396,0.03890821,0.01016331,0.00416437,0.00431002,0.00424261,0.00337255
2024-03,0.00396770,-0.00140552,0.05636669,True,-0.01116517,0.04325023,0.01951916,0.00476247,0.08115241,True,-0.01161125,0.05875952,0.02730859,0.00669556,0.12465055,True,-0.01003886,0.08594690,0.03761697,0.01112554,0.00401550,0.00416325,0.00410132,0.00327816
2024-04,0.00413473,-0.00188460,0.05484623,True,-0.00978392,0.04207607,0.01662210,0.00593197,0.08030732,True,-0.00968774,0.05747870,0.02393874,0.00857761,0.12465910,True,-0.00845950,0.08433121,0.03316978,0.01561761,0.00418779,0.00435643,0.00428902,0.00348357
2024-05,0.00425253,-0.00287736,0.05277680,True,-0.00956870,0.04157658,0.01528093,0.00548798,0.07841521,True,-0.00965526,0.05691012,0.02313470,0.00802565,0.12277577,True,-0.00875793,0.08384930,0.03244973,0.01523467,0.00430945,0.00451704,0.00444175,0.00355755
2024-06,0.00393905,-0.00294000,0.05501126,True,-0.00893568,0.04220143,0.01493058,0.00681494,0.08023446,True,-0.00882866,0.05729962,0.02206194,0.00970155,0.12402210,True,-0.00669559,0.08351964,0.02905115,0.01814690,0.00399515,0.00420446,0.00413812,0.00327822
2024-07,0.00376184,-0.00274247,0.05671320,True,-0.00852793,0.04329081,0.01458197,0.00736834,0.08201964,True,-0.00887608,0.05848111,0.02184742,0.01056719,0.12604927,True,-0.00656782,0.08493364,0.02817588,0.01950757,0.00381686,0.00402917,0.00395957,0.00315547
2024-08,0.00384244,-0.00200568,0.05747703,True,-0.00874518,0.04224616,0.01615407,0.00782198,0.08299936,True,-0.00858513,0.05723994,0.02286468,0.01147987,0.12740715,True,-0.00665020,0.08366989,0.02923436,0.02115310,0.00389870,0.00412854,0.00402669,0.00320164
2024-09,0.00372471,-0.00123877,0.05888470,True,-0.00809768,0.04176213,0.01804704,0.00717322,0.08402735,True,-0.00729527,0.05689083,0.02389526,0.01053652,0.12847334,True,-0.00527676,0.08441543,0.03045077,0.01888391,0.00378014,0.00402063,0.00390356,0.00308206
2024-10,0.00362099,-0.00107376,0.05982325,True,-0.00736695,0.04069850,0.01994840,0.00654330,0.08482398,True,-0.00608446,0.05535021,0.02596509,0.00959315,0.12923971,True,-0.00348520,0.08237946,0.03300381,0.01734164,0.00367781,0.00391226,0.00378082,0.00296429
2024-11,0.00370045,-0.00123385,0.05997277,True,-0.00795547,0.04021532,0.02064048,0.00707244,0.08532500,True,-0.00678733,0.05517008,0.02684522,0.01009703,0.13020035,True,-0.00463280,0.08268086,0.03450964,0.01764266,0.00375664,0.00397282,0.00381855,0.00298304
2024-12,0.00367263,-0.00132643,0.05994622,True,-0.00707724,0.03985486,0.02049927,0.00666933,0.08521291,True,-0.00586259,0.05484239,0.02674571,0.00948741,0.13027964,True,-0.00423836,0.08212100,0.03577202,0.01662498,0.00373099,0.00395039,0.00377786,0.00285388
2025-01,0.00343768,-0.00101030,0.06128541,True,-0.00745889,0.03979746,0.02260477,0.00634207,0.08594106,True,-0.00583405,0.05427973,0.02882566,0.00866972,0.13039504,True,-0.00436911,0.08098295,0.03918170,0.01459950,0.00349530,0.00374138,0.00356007,0.00267513
2025-02,0.00338627,-0.00175346,0.06197345,True,-0.00660400,0.03912555,0.02275130,0.00670060,0.08728338,True,-0.00518272,0.05337509,0.03007222,0.00901879,0.13293655,True,-0.00493978,0.07989095,0.04286833,0.01511706,0.00344623,0.00372320,0.00352660,0.00264439
2025-03,0.00354789,-0.00228032,0.06127515,True,-0.00563031,0.03764984,0.02296573,0.00628988,0.08665927,True,-0.00331124,0.05162929,0.02958845,0.00875278,0.13196450,True,-0.00199984,0.07741526,0.04232261,0.01422647,0.00360741,0.00389506,0.00368033,0.00267580
2025-04,0.00386877,-0.00366504,0.05895068,True,-0.00459401,0.03554876,0.02208543,0.00591051,0.08517395,True,-0.00152548,0.04938031,0.02896294,0.00835617,0.13076975,True,-0.00100205,0.07619899,0.04158795,0.01398486,0.00392478,0.00415396,0.00393940,0.00295196
2025-05,0.00356340,-0.00422804,0.06195580,True,-0.00245339,0.03336305,0.02504018,0.00600596,0.08843073,True,0.00141669,0.04586325,0.03307490,0.00807588,0.13433371,True,0.00679882,0.07107882,0.04460274,0.01185332,0.00365066,0.00386915,0.00363997,0.00263175
2025-06,0.00335125,-0.00451702,0.06323020,True,-0.00033764,0.03141516,0.02667473,0.00547795,0.08967271,True,0.00392366,0.04323696,0.03550040,0.00701169,0.13513082,True,0.00880542,0.06873360,0.04665837,0.01093343,0.00343790,0.00367796,0.00348321,0.00249047
2025-07,0.00324529,-0.00442716,0.06487705,True,0.00169914,0.02770608,0.03051379,0.00495804,0.09163773,True,0.00562964,0.03990499,0.03989204,0.00621105,0.13700839,True,0.00849795,0.06737435,0.05160456,0.00953152,0.00332948,0.00354616,0.00341291,0.00250364
2025-08,0.00318875,-0.00324271,0.06864720,True,0.00379235,0.02772657,0.03044212,0.00668617,0.09583557,True,0.00798876,0.03962333,0.03943315,0.00879033,0.14125747,True,0.01069259,0.06634093,0.05101401,0.01320994,0.00327460,0.00345642,0.00338373,0.00245960
2025-09,0.00310902,-0.00225777,0.07439528,True,0.00587772,0.02820807,0.03119157,0.00911794,0.10313285,True,0.01044661,0.04003253,0.04036099,0.01229272,0.15148506,True,0.01508098,0.06597450,0.05201653,0.01841305,0.00319580,0.00339009,0.00332324,0.00248205
2025-10,0.00300979,-0.00170774,0.07642981,True,0.00766501,0.02806303,0.03120969,0.00949208,0.10518735,True,0.01227362,0.03979494,0.04016661,0.01295218,0.15373981,True,0.01698919,0.06470732,0.05227936,0.01976393,0.00309763,0.00324419,0.00322019,0.00242800
2025-11,0.00289936,-0.00121625,0.07837952,True,0.00940461,0.02855169,0.02922008,0.01120315,0.10653408,True,0.01413124,0.03981580,0.03689981,0.01568723,0.15365252,True,0.01798227,0.06263576,0.04923920,0.02379528,0.00298976,0.00306924,0.00308346,0.00234398
2025-12,0.00295030,-0.00315179,0.08155821,True,0.01091960,0.02798350,0.02854837,0.01410675,0.11134405,True,0.01637050,0.03887810,0.03630841,0.01978704,0.16096335,True,0.02123407,0.06110404,0.04987174,0.02875349,0.00303802,0.00311057,0.00310411,0.00239566
2026-01,0.00289450,-0.00273480,0.08398269,True,0.01241029,0.02716956,0.02844257,0.01596027,0.11395062,True,0.01737795,0.03823033,0.03650230,0.02184005,0.16257444,True,0.02186679,0.06097630,0.04871220,0.03101915,0.00298545,0.00306770,0.00307290,0.00235932
2026-02,0.00313329,-0.00387840,0.08621192,True,0.01316948,0.02792287,0.02792014,0.01719943,0.11770764,True,0.01924745,0.03948378,0.03532637,0.02365004,0.16816008,True,0.02485832,0.06074251,0.04785696,0.03470230,0.00323663,0.00334658,0.00334191,0.00260185
2026-03,0.00341597,-0.00377479,0.09073533,True,0.01430421,0.02736046,0.02806969,0.02100097,0.12571270,True,0.02090557,0.03964803,0.03638049,0.02877861,0.18344340,True,0.02696145,0.06449024,0.05158160,0.04041011,0.00353220,0.00367413,0.00365448,0.00283406
2026-04,0.00391607,-0.00391326,0.09028140,True,0.01537917,0.02480363,0.02811056,0.02198803,0.12761615,True,0.02216577,0.03775064,0.03734481,0.03035493,0.18744427,True,0.02798237,0.06273494,0.05356308,0.04316389,0.00404103,0.00408695,0.00421432,0.00329828
2026-05,0.00355521,-0.00203471,0.09970086,True,0.01874096,0.02719751,0.02985049,0.02391190,0.13782897,True,0.02487479,0.04098937,0.03944070,0.03252412,0.19937758,True,0.03030306,0.06482403,0.05961471,0.04463578,0.00367916,0.00373256,0.00388535,0.00293587
2026-06,0.00330116,-0.00155449,0.10532032,True,0.02050158,0.02593262,0.03271892,0.02616720,0.14331097,True,0.02621347,0.03868626,0.04349772,0.03491351,0.20506406,True,0.03333847,0.06023545,0.06429453,0.04719562,0.00341587,0.00346545,0.00358929,0.00261838
2026-07,0.00329899,-0.00233742,0.10423989,True,0.01930129,0.02523051,0.03330873,0.02639935,0.14198903,True,0.02516373,0.03726586,0.04379406,0.03576537,0.20537162,True,0.03613384,0.05511294,0.06453577,0.04958905,0.00342289,0.00353599,0.00354630,0.00255571
2026-08,0.00365813,-0.00245283,0.09608685,True,0.01725627,0.02312899,0.03135614,0.02434546,0.13128455,True,0.02545844,0.03275891,0.04058064,0.03248655,0.18815949,True,0.04037715,0.04591486,0.05704589,0.04482159,0.00378918,0.00390339,0.00395977,0.00283459
